Object nr 1,Lap Nr:,Nr. of Corners,Corner 1,x,y
,1,2,C 1,210,32,C 2,226,27
,2,2,C 1,210,32,C 2,226,27
,3,2,C 1,210,32,C 2,226,27
,4,2,C 1,211,33,C 2,226,27
,5,3,C 1,211,33,C 2,226,27,C 3,57,1
,6,12,C 1,210,32,C 2,225,27,C 3,101,1,C 4,153,1,C 5,205,1,C 6,59,1,C 7,248,1,C 8,258,1,C 9,132,1,C 10,112,1,C 11,75,4,C 12,236,1
,7,19,C 1,210,32,C 2,225,27,C 3,97,4,C 4,255,1,C 5,202,2,C 6,150,2,C 7,307,1,C 8,359,1,C 9,78,1,C 10,236,1,C 11,336,1,C 12,167,6,C 13,56,1,C 14,350,7,C 15,136,1,C 16,86,9,C 17,401,3,C 18,110,1,C 19,216,1
,8,20,C 1,210,32,C 2,225,27,C 3,56,18,C 4,99,4,C 5,306,5,C 6,254,6,C 7,200,8,C 8,149,8,C 9,357,5,C 10,235,2,C 11,129,1,C 12,210,5,C 13,74,1,C 14,174,4,C 15,396,11,C 16,272,3,C 17,380,4,C 18,338,1,C 19,87,14,C 20,77,13
,9,20,C 1,210,32,C 2,99,8,C 3,203,6,C 4,151,7,C 5,278,5,C 6,52,18,C 7,171,7,C 8,226,26,C 9,130,6,C 10,306,4,C 11,255,5,C 12,373,2,C 13,358,4,C 14,404,10,C 15,234,8,C 16,185,7,C 17,172,17,C 18,141,15,C 19,224,3,C 20,332,6
,10,20,C 1,130,13,C 2,99,16,C 3,151,15,C 4,203,15,C 5,255,15,C 6,280,11,C 7,51,19,C 8,307,14,C 9,99,4,C 10,229,8,C 11,358,14,C 12,175,6,C 13,408,10,C 14,373,5,C 15,150,3,C 16,128,3,C 17,203,3,C 18,186,13,C 19,211,33,C 20,268,5
,11,20,C 1,99,6,C 2,130,16,C 3,281,14,C 4,203,4,C 5,270,14,C 6,151,5,C 7,224,14,C 8,307,18,C 9,255,18,C 10,255,4,C 11,99,20,C 12,124,8,C 13,50,19,C 14,358,17,C 15,151,19,C 16,176,9,C 17,307,4,C 18,204,19,C 19,373,5,C 20,238,16
,12,20,C 1,131,19,C 2,151,9,C 3,224,17,C 4,269,15,C 5,99,10,C 6,203,8,C 7,255,7,C 8,307,7,C 9,100,25,C 10,307,21,C 11,204,23,C 12,152,25,C 13,358,4,C 14,282,15,C 15,255,22,C 16,50,20,C 17,175,11,C 18,358,21,C 19,372,6,C 20,276,1
,13,20,C 1,224,20,C 2,131,21,C 3,100,15,C 4,100,28,C 5,307,9,C 6,152,27,C 7,204,12,C 8,358,8,C 9,204,27,C 10,256,26,C 11,308,26,C 12,152,13,C 13,255,11,C 14,272,27,C 15,169,20,C 16,108,7,C 17,179,8,C 18,359,25,C 19,374,19,C 20,50,19
,14,20,C 1,132,22,C 2,224,22,C 3,280,27,C 4,100,17,C 5,204,16,C 6,152,17,C 7,308,29,C 8,307,13,C 9,256,30,C 10,169,23,C 11,100,32,C 12,152,30,C 13,81,32,C 14,204,30,C 15,358,11,C 16,359,28,C 17,86,19,C 18,255,14,C 19,108,11,C 20,375,19
,15,20,C 1,225,24,C 2,280,29,C 3,132,23,C 4,100,19,C 5,204,19,C 6,80,32,C 7,168,24,C 8,152,19,C 9,308,33,C 10,256,32,C 11,307,15,C 12,101,35,C 13,84,19,C 14,152,32,C 15,256,17,C 16,359,32,C 17,204,32,C 18,358,14,C 19,376,19,C 20,212,12
,16,20,C 1,225,26,C 2,78,32,C 3,281,30,C 4,100,22,C 5,204,21,C 6,271,32,C 7,152,22,C 8,308,34,C 9,77,19,C 10,168,24,C 11,101,38,C 12,307,18,C 13,256,35,C 14,359,34,C 15,375,21,C 16,175,37,C 17,256,19,C 18,189,31,C 19,51,29,C 20,152,36
,17,20,C 1,225,28,C 2,282,32,C 3,101,40,C 4,78,33,C 5,204,23,C 6,271,34,C 7,100,25,C 8,175,38,C 9,152,24,C 10,256,22,C 11,153,39,C 12,308,36,C 13,205,39,C 14,308,22,C 15,132,35,C 16,77,21,C 17,169,25,C 18,359,36,C 19,51,30,C 20,190,32
,18,20,C 1,226,30,C 2,281,34,C 3,168,28,C 4,78,34,C 5,308,24,C 6,153,41,C 7,101,28,C 8,175,40,C 9,101,42,C 10,205,26,C 11,359,22,C 12,205,40,C 13,256,24,C 14,153,27,C 15,257,40,C 16,133,38,C 17,309,39,C 18,52,30,C 19,189,35,C 20,376,22
,19,20,C 1,227,31,C 2,169,29,C 3,101,29,C 4,282,35,C 5,308,25,C 6,76,34,C 7,153,43,C 8,271,37,C 9,174,41,C 10,205,42,C 11,205,28,C 12,359,23,C 13,101,44,C 14,256,26,C 15,132,38,C 16,153,29,C 17,184,42,C 18,257,42,C 19,52,31,C 20,309,41
,20,20,C 1,226,33,C 2,168,31,C 3,101,31,C 4,282,36,C 5,76,35,C 6,308,27,C 7,175,43,C 8,132,39,C 9,153,44,C 10,359,25,C 11,205,30,C 12,271,38,C 13,256,27,C 14,205,43,C 15,153,30,C 16,52,32,C 17,257,44,C 18,101,44,C 19,193,32,C 20,309,42
,21,20,C 1,226,34,C 2,168,32,C 3,101,33,C 4,282,37,C 5,308,28,C 6,132,40,C 7,76,35,C 8,359,27,C 9,205,30,C 10,256,29,C 11,271,39,C 12,153,31,C 13,52,33,C 14,257,44,C 15,174,44,C 16,205,44,C 17,153,44,C 18,192,33,C 19,309,44,C 20,101,45
,22,20,C 1,226,35,C 2,169,33,C 3,101,34,C 4,283,37,C 5,308,29,C 6,76,36,C 7,133,42,C 8,205,32,C 9,359,28,C 10,153,33,C 11,256,30,C 12,53,33,C 13,192,34,C 14,271,40,C 15,309,44,C 16,257,45,C 17,109,27,C 18,153,44,C 19,174,45,C 20,205,44
,23,20,C 1,226,36,C 2,169,34,C 3,101,34,C 4,283,38,C 5,308,30,C 6,205,33,C 7,133,43,C 8,77,37,C 9,153,34,C 10,359,28,C 11,53,34,C 12,270,40,C 13,309,45,C 14,192,35,C 15,256,31,C 16,360,45,C 17,109,28,C 18,78,47,C 19,376,29,C 20,257,45
,24,20,C 1,228,36,C 2,169,35,C 3,205,33,C 4,284,38,C 5,153,35,C 6,133,43,C 7,101,35,C 8,76,37,C 9,308,31,C 10,359,29,C 11,53,34,C 12,192,36,C 13,270,41,C 14,309,45,C 15,257,32,C 16,376,30,C 17,360,45,C 18,174,47,C 19,109,29,C 20,77,47
,25,20,C 1,228,36,C 2,169,35,C 3,205,33,C 4,284,38,C 5,153,35,C 6,133,43,C 7,101,35,C 8,76,37,C 9,308,31,C 10,359,29,C 11,53,34,C 12,192,36,C 13,270,41,C 14,309,45,C 15,257,32,C 16,376,30,C 17,360,45,C 18,174,47,C 19,109,29,C 20,77,47
,26,20,C 1,227,36,C 2,169,34,C 3,101,34,C 4,205,33,C 5,283,38,C 6,133,42,C 7,153,34,C 8,308,30,C 9,76,37,C 10,53,34,C 11,359,28,C 12,191,35,C 13,271,41,C 14,309,45,C 15,256,32,C 16,360,45,C 17,376,30,C 18,257,45,C 19,77,47,C 20,175,47
,27,20,C 1,226,36,C 2,169,33,C 3,101,34,C 4,284,37,C 5,308,30,C 6,205,33,C 7,77,37,C 8,133,42,C 9,153,33,C 10,359,27,C 11,270,40,C 12,53,33,C 13,192,35,C 14,256,31,C 15,309,44,C 16,360,45,C 17,257,45,C 18,78,47,C 19,376,29,C 20,109,27
,28,20,C 1,227,34,C 2,169,32,C 3,281,38,C 4,76,36,C 5,132,41,C 6,256,30,C 7,308,29,C 8,152,32,C 9,204,30,C 10,101,33,C 11,205,44,C 12,271,40,C 13,52,33,C 14,359,27,C 15,192,34,C 16,359,43,C 17,308,44,C 18,175,45,C 19,153,45,C 20,78,47
,29,20,C 1,227,33,C 2,167,32,C 3,152,30,C 4,281,37,C 5,100,31,C 6,204,29,C 7,175,44,C 8,76,36,C 9,132,40,C 10,271,39,C 11,307,27,C 12,308,43,C 13,256,29,C 14,52,32,C 15,101,45,C 16,359,44,C 17,359,21,C 18,375,27,C 19,191,32,C 20,205,44
,30,20,C 1,226,32,C 2,168,30,C 3,100,30,C 4,204,28,C 5,281,36,C 6,152,30,C 7,76,35,C 8,132,39,C 9,173,42,C 10,271,38,C 11,308,42,C 12,307,26,C 13,256,43,C 14,183,43,C 15,192,31,C 16,152,44,C 17,359,42,C 18,101,44,C 19,52,31,C 20,358,25
,31,20,C 1,225,31,C 2,100,28,C 3,282,34,C 4,76,34,C 5,174,41,C 6,167,29,C 7,271,37,C 8,204,27,C 9,307,24,C 10,152,28,C 11,152,42,C 12,256,40,C 13,308,40,C 14,132,38,C 15,358,23,C 16,100,43,C 17,255,25,C 18,51,31,C 19,359,40,C 20,204,41
,32,20,C 1,226,29,C 2,100,27,C 3,281,33,C 4,76,33,C 5,174,39,C 6,270,35,C 7,168,27,C 8,204,25,C 9,307,22,C 10,152,40,C 11,256,40,C 12,152,26,C 13,308,38,C 14,358,21,C 15,100,41,C 16,255,23,C 17,132,36,C 18,204,39,C 19,51,30,C 20,359,38
,33,20,C 1,226,27,C 2,280,32,C 3,100,25,C 4,77,32,C 5,174,37,C 6,307,20,C 7,204,23,C 8,77,20,C 9,256,38,C 10,152,39,C 11,358,19,C 12,100,39,C 13,152,24,C 14,308,36,C 15,168,25,C 16,204,37,C 17,255,21,C 18,50,30,C 19,375,21,C 20,184,38
,34,20,C 1,225,25,C 2,280,30,C 3,78,32,C 4,100,37,C 5,307,17,C 6,270,32,C 7,152,35,C 8,77,19,C 9,204,34,C 10,358,16,C 11,167,24,C 12,100,22,C 13,151,21,C 14,255,19,C 15,256,35,C 16,204,20,C 17,374,21,C 18,308,33,C 19,175,36,C 20,189,30
,35,20,C 1,224,23,C 2,280,28,C 3,132,23,C 4,270,30,C 5,100,35,C 6,80,32,C 7,255,16,C 8,168,23,C 9,151,18,C 10,307,16,C 11,203,17,C 12,204,32,C 13,99,19,C 14,152,33,C 15,358,14,C 16,307,31,C 17,84,19,C 18,375,19,C 19,358,30,C 20,191,24
,36,20,C 1,224,21,C 2,131,23,C 3,280,26,C 4,255,13,C 5,151,15,C 6,270,28,C 7,99,16,C 8,100,31,C 9,307,13,C 10,203,14,C 11,204,29,C 12,152,30,C 13,358,11,C 14,307,28,C 15,358,26,C 16,168,22,C 17,255,28,C 18,374,19,C 19,87,20,C 20,82,33
,37,20,C 1,224,19,C 2,130,21,C 3,99,13,C 4,203,11,C 5,100,29,C 6,255,10,C 7,151,12,C 8,307,9,C 9,204,26,C 10,279,25,C 11,358,7,C 12,152,27,C 13,307,24,C 14,358,23,C 15,255,25,C 16,169,20,C 17,107,7,C 18,50,21,C 19,177,7,C 20,374,18
,38,20,C 1,131,19,C 2,224,17,C 3,203,7,C 4,100,25,C 5,255,6,C 6,99,9,C 7,151,8,C 8,269,15,C 9,307,6,C 10,204,23,C 11,282,14,C 12,358,4,C 13,307,21,C 14,358,20,C 15,152,24,C 16,50,20,C 17,255,22,C 18,176,11,C 19,372,6,C 20,375,18
,39,20,C 1,99,5,C 2,130,15,C 3,203,5,C 4,280,14,C 5,223,14,C 6,151,5,C 7,99,21,C 8,307,17,C 9,270,14,C 10,358,17,C 11,151,19,C 12,50,19,C 13,255,17,C 14,203,18,C 15,255,4,C 16,373,5,C 17,174,8,C 18,307,3,C 19,246,22,C 20,408,10
,40,20,C 1,99,16,C 2,151,15,C 3,130,12,C 4,279,11,C 5,203,14,C 6,51,19,C 7,307,13,C 8,230,7,C 9,255,14,C 10,358,12,C 11,176,6,C 12,99,3,C 13,373,6,C 14,408,10,C 15,185,13,C 16,211,33,C 17,325,6,C 18,151,4,C 19,269,6,C 20,216,4
,41,20,C 1,210,33,C 2,99,12,C 3,203,10,C 4,277,8,C 5,151,11,C 6,127,6,C 7,52,19,C 8,307,8,C 9,358,13,C 10,255,9,C 11,170,9,C 12,227,5,C 13,372,4,C 14,184,10,C 15,405,11,C 16,224,31,C 17,238,7,C 18,325,3,C 19,141,18,C 20,380,11
,42,20,C 1,211,33,C 2,225,26,C 3,96,9,C 4,202,6,C 5,306,4,C 6,254,5,C 7,152,7,C 8,106,6,C 9,55,18,C 10,358,4,C 11,300,12,C 12,141,8,C 13,130,1,C 14,336,1,C 15,74,1,C 16,234,2,C 17,170,11,C 18,277,1,C 19,395,11,C 20,79,13
,43,18,C 1,211,32,C 2,225,26,C 3,98,2,C 4,201,1,C 5,150,1,C 6,256,1,C 7,308,1,C 8,78,1,C 9,360,1,C 10,236,1,C 11,171,6,C 12,57,1,C 13,135,1,C 14,211,2,C 15,336,1,C 16,399,3,C 17,351,7,C 18,112,1
,44,9,C 1,211,32,C 2,225,27,C 3,93,1,C 4,58,1,C 5,155,1,C 6,144,1,C 7,195,1,C 8,207,1,C 9,132,1
,45,3,C 1,211,33,C 2,226,28,C 3,56,1
,46,2,C 1,210,33,C 2,225,28
,47,2,C 1,211,33,C 2,226,28
,48,2,C 1,210,32,C 2,226,27
,49,2,C 1,211,32,C 2,226,26
,50,2,C 1,211,33,C 2,225,27
,51,2,C 1,211,33,C 2,226,27
,52,2,C 1,211,33,C 2,226,28
,53,2,C 1,211,33,C 2,226,28
,54,2,C 1,210,32,C 2,226,27
,55,2,C 1,211,33,C 2,226,27
,56,2,C 1,211,33,C 2,226,27
,57,2,C 1,211,33,C 2,225,28
,58,2,C 1,210,32,C 2,226,28
,59,2,C 1,210,32,C 2,226,28
,60,2,C 1,210,32,C 2,226,27
,61,2,C 1,211,33,C 2,226,27
,62,2,C 1,211,33,C 2,226,27
,63,2,C 1,211,33,C 2,226,27
,64,2,C 1,210,32,C 2,225,28
,65,2,C 1,211,33,C 2,225,27
,66,2,C 1,211,33,C 2,225,27
,67,2,C 1,211,32,C 2,226,27
,68,2,C 1,210,32,C 2,226,27
,69,2,C 1,210,32,C 2,226,27
,70,2,C 1,211,33,C 2,225,28
,71,2,C 1,211,33,C 2,225,28
,72,2,C 1,211,33,C 2,225,27
,73,2,C 1,211,33,C 2,226,27
,74,2,C 1,211,33,C 2,226,27
,75,2,C 1,211,33,C 2,226,27
,76,2,C 1,211,33,C 2,225,28
,77,2,C 1,211,33,C 2,225,28
,78,2,C 1,211,33,C 2,225,28
,79,2,C 1,211,33,C 2,226,27
,80,2,C 1,211,33,C 2,226,27
,81,2,C 1,211,33,C 2,226,27
,82,2,C 1,210,32,C 2,226,27
,83,2,C 1,211,33,C 2,225,28
,84,2,C 1,210,32,C 2,226,27
,85,2,C 1,210,32,C 2,226,27
,86,2,C 1,210,32,C 2,226,27
,87,2,C 1,211,33,C 2,226,27
,88,2,C 1,211,33,C 2,226,27
,89,2,C 1,211,33,C 2,226,27
,90,2,C 1,211,32,C 2,226,27
,91,2,C 1,211,32,C 2,226,27
,92,2,C 1,210,32,C 2,226,27
,93,2,C 1,211,32,C 2,226,27
,94,2,C 1,210,32,C 2,226,27
,95,2,C 1,211,32,C 2,226,27
,96,2,C 1,211,33,C 2,226,27
,97,2,C 1,211,33,C 2,226,27
,98,2,C 1,211,33,C 2,226,27
,99,2,C 1,211,33,C 2,226,27
,100,2,C 1,211,33,C 2,226,27
,101,2,C 1,210,32,C 2,226,27
,102,2,C 1,210,32,C 2,226,27
,103,2,C 1,210,32,C 2,226,27
,104,2,C 1,210,32,C 2,226,27
,105,3,C 1,210,32,C 2,226,27,C 3,57,1
,106,14,C 1,210,32,C 2,225,27,C 3,101,1,C 4,153,1,C 5,205,1,C 6,59,1,C 7,258,1,C 8,237,1,C 9,133,1,C 10,76,4,C 11,392,3,C 12,86,4,C 13,309,1,C 14,112,1
,107,20,C 1,210,32,C 2,225,27,C 3,98,4,C 4,150,3,C 5,202,2,C 6,254,1,C 7,359,1,C 8,305,1,C 9,237,1,C 10,336,1,C 11,78,1,C 12,171,8,C 13,315,2,C 14,55,1,C 15,400,3,C 16,137,1,C 17,349,7,C 18,215,1,C 19,279,4,C 20,111,1
,108,20,C 1,210,32,C 2,225,27,C 3,99,4,C 4,55,18,C 5,151,3,C 6,202,7,C 7,255,6,C 8,305,6,C 9,357,5,C 10,173,4,C 11,130,2,C 12,245,5,C 13,235,3,C 14,74,1,C 15,141,10,C 16,396,11,C 17,271,4,C 18,380,4,C 19,333,2,C 20,184,4
,109,20,C 1,210,32,C 2,203,6,C 3,99,8,C 4,151,7,C 5,279,5,C 6,255,6,C 7,171,7,C 8,226,26,C 9,52,18,C 10,130,6,C 11,307,5,C 12,373,2,C 13,357,10,C 14,404,10,C 15,233,9,C 16,185,7,C 17,141,15,C 18,315,11,C 19,224,4,C 20,333,6
,110,20,C 1,99,13,C 2,211,33,C 3,151,12,C 4,203,11,C 5,130,10,C 6,279,8,C 7,52,19,C 8,255,10,C 9,373,5,C 10,229,5,C 11,307,9,C 12,170,10,C 13,358,9,C 14,406,10,C 15,245,15,C 16,325,3,C 17,183,11,C 18,269,4,C 19,57,5,C 20,381,11
,111,20,C 1,130,13,C 2,151,15,C 3,99,17,C 4,278,12,C 5,203,15,C 6,255,15,C 7,51,19,C 8,99,4,C 9,307,14,C 10,229,8,C 11,358,13,C 12,408,10,C 13,174,6,C 14,373,5,C 15,128,3,C 16,150,3,C 17,325,7,C 18,203,3,C 19,186,13,C 20,217,3
,112,20,C 1,99,6,C 2,281,14,C 3,130,16,C 4,203,5,C 5,151,5,C 6,270,14,C 7,224,14,C 8,307,18,C 9,255,4,C 10,99,20,C 11,151,20,C 12,50,19,C 13,358,18,C 14,255,17,C 15,176,9,C 16,307,4,C 17,204,19,C 18,373,5,C 19,273,2,C 20,324,7
,113,20,C 1,130,19,C 2,151,9,C 3,225,17,C 4,99,10,C 5,203,8,C 6,269,15,C 7,255,7,C 8,100,25,C 9,307,7,C 10,204,24,C 11,152,24,C 12,282,15,C 13,307,21,C 14,358,5,C 15,50,20,C 16,358,26,C 17,255,22,C 18,276,1,C 19,169,18,C 20,372,6
,114,20,C 1,225,20,C 2,131,22,C 3,100,14,C 4,152,28,C 5,307,9,C 6,100,28,C 7,204,12,C 8,256,27,C 9,358,8,C 10,204,27,C 11,308,26,C 12,152,13,C 13,255,11,C 14,272,27,C 15,359,25,C 16,170,21,C 17,179,8,C 18,50,20,C 19,87,19,C 20,374,19
,115,20,C 1,132,22,C 2,224,22,C 3,100,17,C 4,280,27,C 5,204,15,C 6,152,16,C 7,256,29,C 8,308,30,C 9,307,13,C 10,152,31,C 11,169,23,C 12,81,32,C 13,204,30,C 14,100,31,C 15,375,19,C 16,359,29,C 17,358,12,C 18,88,20,C 19,256,14,C 20,108,11
,116,20,C 1,225,26,C 2,78,32,C 3,100,22,C 4,204,20,C 5,280,31,C 6,152,21,C 7,167,25,C 8,308,35,C 9,101,38,C 10,77,19,C 11,256,35,C 12,175,37,C 13,307,18,C 14,51,29,C 15,359,34,C 16,189,31,C 17,152,36,C 18,256,20,C 19,359,12,C 20,376,20
,117,20,C 1,226,28,C 2,282,32,C 3,101,40,C 4,78,33,C 5,205,39,C 6,256,22,C 7,153,39,C 8,175,38,C 9,271,34,C 10,308,22,C 11,152,24,C 12,100,25,C 13,204,23,C 14,168,26,C 15,185,38,C 16,132,35,C 17,51,30,C 18,77,21,C 19,308,37,C 20,359,20
,118,20,C 1,226,30,C 2,101,28,C 3,168,28,C 4,281,34,C 5,77,34,C 6,308,23,C 7,153,42,C 8,175,40,C 9,205,41,C 10,205,26,C 11,359,21,C 12,101,43,C 13,256,25,C 14,153,27,C 15,133,38,C 16,257,40,C 17,52,31,C 18,190,35,C 19,309,39,C 20,109,21
,119,20,C 1,227,31,C 2,101,30,C 3,168,30,C 4,282,35,C 5,76,34,C 6,308,25,C 7,153,43,C 8,175,42,C 9,205,29,C 10,359,23,C 11,205,43,C 12,153,28,C 13,271,37,C 14,101,44,C 15,256,26,C 16,257,43,C 17,309,41,C 18,133,39,C 19,52,32,C 20,189,37
,120,20,C 1,226,33,C 2,169,31,C 3,101,32,C 4,282,36,C 5,308,27,C 6,76,35,C 7,174,43,C 8,153,44,C 9,132,39,C 10,205,30,C 11,359,25,C 12,270,38,C 13,205,44,C 14,256,28,C 15,257,44,C 16,101,44,C 17,52,32,C 18,153,30,C 19,309,43,C 20,193,32
,121,20,C 1,226,34,C 2,169,32,C 3,101,33,C 4,282,37,C 5,77,36,C 6,308,28,C 7,132,40,C 8,359,26,C 9,205,31,C 10,174,44,C 11,205,44,C 12,270,39,C 13,256,29,C 14,192,33,C 15,52,33,C 16,153,44,C 17,153,32,C 18,257,44,C 19,309,44,C 20,360,44
,122,20,C 1,169,33,C 2,227,35,C 3,101,34,C 4,282,38,C 5,308,29,C 6,76,36,C 7,132,41,C 8,205,32,C 9,359,27,C 10,192,34,C 11,53,33,C 12,271,40,C 13,153,33,C 14,256,30,C 15,309,44,C 16,257,45,C 17,205,44,C 18,109,27,C 19,360,45,C 20,213,25
,123,20,C 1,227,36,C 2,169,34,C 3,101,34,C 4,205,33,C 5,283,38,C 6,133,42,C 7,308,30,C 8,77,37,C 9,153,34,C 10,359,29,C 11,53,34,C 12,192,35,C 13,309,44,C 14,271,41,C 15,257,26,C 16,257,45,C 17,109,28,C 18,376,29,C 19,78,47,C 20,360,45
,124,20,C 1,227,36,C 2,168,35,C 3,101,35,C 4,205,33,C 5,153,34,C 6,284,38,C 7,133,43,C 8,76,37,C 9,308,31,C 10,257,32,C 11,359,30,C 12,53,34,C 13,309,44,C 14,270,41,C 15,191,35,C 16,376,30,C 17,109,29,C 18,360,45,C 19,174,47,C 20,257,45
,125,20,C 1,228,36,C 2,169,35,C 3,101,34,C 4,153,34,C 5,205,33,C 6,284,38,C 7,133,43,C 8,308,31,C 9,76,37,C 10,359,30,C 11,53,34,C 12,309,44,C 13,192,36,C 14,257,31,C 15,270,41,C 16,376,30,C 17,174,47,C 18,360,45,C 19,77,47,C 20,213,27
,126,20,C 1,228,36,C 2,169,35,C 3,101,35,C 4,205,34,C 5,284,38,C 6,133,43,C 7,153,34,C 8,76,37,C 9,308,31,C 10,359,30,C 11,53,34,C 12,192,36,C 13,270,41,C 14,309,44,C 15,258,26,C 16,376,30,C 17,109,29,C 18,174,47,C 19,360,45,C 20,213,27
,127,20,C 1,227,36,C 2,169,34,C 3,101,34,C 4,283,38,C 5,205,34,C 6,133,42,C 7,153,34,C 8,76,37,C 9,308,30,C 10,53,34,C 11,359,29,C 12,309,44,C 13,257,26,C 14,191,35,C 15,271,41,C 16,360,45,C 17,213,27,C 18,78,47,C 19,376,30,C 20,175,47
,128,20,C 1,227,35,C 2,169,33,C 3,101,35,C 4,282,38,C 5,308,29,C 6,205,33,C 7,133,42,C 8,76,36,C 9,359,27,C 10,53,33,C 11,153,33,C 12,256,30,C 13,270,40,C 14,309,44,C 15,191,34,C 16,109,27,C 17,78,47,C 18,257,45,C 19,360,45,C 20,205,45
,129,20,C 1,227,34,C 2,169,32,C 3,282,37,C 4,76,36,C 5,132,41,C 6,152,31,C 7,256,29,C 8,204,30,C 9,308,29,C 10,53,32,C 11,205,44,C 12,101,33,C 13,271,40,C 14,359,27,C 15,191,33,C 16,175,45,C 17,308,44,C 18,359,44,C 19,153,45,C 20,78,47
,130,20,C 1,226,33,C 2,169,31,C 3,152,30,C 4,282,36,C 5,204,28,C 6,76,35,C 7,100,31,C 8,132,40,C 9,175,44,C 10,308,43,C 11,271,39,C 12,359,44,C 13,191,32,C 14,52,32,C 15,307,27,C 16,256,28,C 17,256,43,C 18,359,21,C 19,205,44,C 20,101,44
,131,20,C 1,226,32,C 2,168,30,C 3,100,30,C 4,76,35,C 5,280,36,C 6,204,28,C 7,173,42,C 8,152,29,C 9,256,43,C 10,307,26,C 11,308,42,C 12,132,39,C 13,192,31,C 14,152,44,C 15,101,44,C 16,51,32,C 17,358,24,C 18,204,43,C 19,359,42,C 20,108,24
,132,20,C 1,225,29,C 2,281,33,C 3,100,27,C 4,76,33,C 5,271,35,C 6,307,22,C 7,174,39,C 8,152,40,C 9,358,20,C 10,204,24,C 11,100,41,C 12,167,27,C 13,204,39,C 14,308,37,C 15,152,25,C 16,256,39,C 17,184,39,C 18,51,30,C 19,132,37,C 20,255,23
,133,20,C 1,225,27,C 2,77,32,C 3,281,31,C 4,100,24,C 5,270,33,C 6,152,38,C 7,307,19,C 8,174,37,C 9,100,39,C 10,358,18,C 11,204,37,C 12,204,22,C 13,77,20,C 14,167,25,C 15,256,37,C 16,308,36,C 17,184,37,C 18,255,21,C 19,152,23,C 20,131,34
,134,20,C 1,224,25,C 2,279,30,C 3,79,32,C 4,100,37,C 5,307,18,C 6,204,34,C 7,358,16,C 8,255,18,C 9,151,20,C 10,167,24,C 11,76,19,C 12,152,36,C 13,99,21,C 14,203,19,C 15,175,36,C 16,375,20,C 17,189,30,C 18,307,38,C 19,50,29,C 20,138,24
,135,20,C 1,224,23,C 2,132,23,C 3,279,28,C 4,100,34,C 5,99,18,C 6,151,18,C 7,203,16,C 8,255,15,C 9,80,32,C 10,204,31,C 11,168,23,C 12,307,16,C 13,358,13,C 14,307,30,C 15,152,33,C 16,84,19,C 17,358,29,C 18,375,19,C 19,255,30,C 20,190,24
,136,20,C 1,223,21,C 2,131,23,C 3,279,26,C 4,151,15,C 5,203,13,C 6,99,16,C 7,100,31,C 8,255,12,C 9,307,12,C 10,204,29,C 11,358,10,C 12,307,27,C 13,358,27,C 14,152,30,C 15,375,18,C 16,255,27,C 17,169,22,C 18,50,21,C 19,82,33,C 20,107,10
,137,20,C 1,224,19,C 2,130,20,C 3,151,12,C 4,99,12,C 5,203,10,C 6,100,28,C 7,255,9,C 8,307,9,C 9,204,26,C 10,358,7,C 11,307,24,C 12,152,27,C 13,358,23,C 14,50,20,C 15,372,19,C 16,281,9,C 17,168,19,C 18,279,25,C 19,176,13,C 20,255,24
,138,20,C 1,151,8,C 2,131,19,C 3,224,16,C 4,99,9,C 5,282,14,C 6,203,7,C 7,269,15,C 8,255,6,C 9,307,6,C 10,100,24,C 11,307,20,C 12,358,20,C 13,358,4,C 14,204,22,C 15,255,20,C 16,152,23,C 17,50,20,C 18,169,17,C 19,276,1,C 20,177,11
,139,20,C 1,130,15,C 2,99,6,C 3,281,13,C 4,203,4,C 5,255,17,C 6,307,16,C 7,99,19,C 8,224,13,C 9,151,19,C 10,358,17,C 11,203,18,C 12,271,14,C 13,50,19,C 14,151,4,C 15,175,8,C 16,372,6,C 17,306,3,C 18,254,4,C 19,408,10,C 20,187,15
,140,20,C 1,99,16,C 2,130,12,C 3,151,15,C 4,278,11,C 5,203,13,C 6,51,19,C 7,255,14,C 8,307,12,C 9,229,7,C 10,358,12,C 11,177,6,C 12,99,3,C 13,372,6,C 14,211,19,C 15,407,11,C 16,211,33,C 17,128,2,C 18,187,12,C 19,234,16,C 20,325,6
,141,20,C 1,210,33,C 2,99,11,C 3,203,10,C 4,151,11,C 5,277,8,C 6,130,9,C 7,52,19,C 8,255,9,C 9,307,7,C 10,170,9,C 11,358,8,C 12,373,4,C 13,404,11,C 14,107,17,C 15,227,5,C 16,325,2,C 17,224,30,C 18,186,9,C 19,237,7,C 20,141,18
,142,20,C 1,210,33,C 2,99,7,C 3,203,5,C 4,151,6,C 5,225,27,C 6,171,6,C 7,55,19,C 8,255,5,C 9,358,8,C 10,277,4,C 11,130,5,C 12,306,9,C 13,401,11,C 14,373,1,C 15,234,7,C 16,245,9,C 17,172,16,C 18,141,13,C 19,185,6,C 20,332,5
,143,20,C 1,211,33,C 2,225,26,C 3,99,7,C 4,306,4,C 5,202,6,C 6,254,5,C 7,357,3,C 8,149,7,C 9,55,18,C 10,74,1,C 11,335,1,C 12,130,2,C 13,277,1,C 14,167,10,C 15,239,1,C 16,229,4,C 17,397,10,C 18,76,12,C 19,380,2,C 20,55,1
,144,20,C 1,211,32,C 2,225,26,C 3,98,2,C 4,257,1,C 5,204,1,C 6,150,1,C 7,309,1,C 8,360,1,C 9,78,1,C 10,237,1,C 11,171,6,C 12,135,1,C 13,336,1,C 14,57,1,C 15,400,3,C 16,110,1,C 17,351,7,C 18,216,1,C 19,387,4,C 20,320,1
,145,9,C 1,211,32,C 2,225,27,C 3,102,1,C 4,58,1,C 5,144,1,C 6,155,1,C 7,195,1,C 8,133,1,C 9,112,1
,146,3,C 1,211,33,C 2,226,28,C 3,57,1
,147,2,C 1,211,33,C 2,225,28
,148,2,C 1,210,32,C 2,226,27
,149,2,C 1,210,32,C 2,226,26
,150,2,C 1,211,33,C 2,226,27
,151,2,C 1,211,33,C 2,225,27
,152,2,C 1,211,33,C 2,226,28
,153,2,C 1,211,33,C 2,226,28
,154,2,C 1,210,32,C 2,225,27
,155,2,C 1,210,32,C 2,226,27
,156,2,C 1,211,33,C 2,226,27
,157,2,C 1,211,33,C 2,226,27
,158,2,C 1,210,32,C 2,226,28
,159,2,C 1,210,32,C 2,226,28
,160,2,C 1,211,33,C 2,226,27
,161,2,C 1,211,33,C 2,226,27
,162,2,C 1,211,33,C 2,226,27
,163,2,C 1,211,33,C 2,226,27
,164,2,C 1,210,32,C 2,226,27
,165,2,C 1,210,32,C 2,226,28
,166,2,C 1,211,33,C 2,225,28
,167,2,C 1,211,33,C 2,226,27
,168,2,C 1,210,32,C 2,226,27
,169,2,C 1,210,32,C 2,226,27
,170,2,C 1,210,32,C 2,225,28
,171,2,C 1,211,32,C 2,225,28
,172,2,C 1,211,33,C 2,225,28
,173,2,C 1,211,33,C 2,226,27
,174,2,C 1,210,32,C 2,226,27
,175,2,C 1,210,32,C 2,226,27
,176,2,C 1,211,32,C 2,226,27
,177,2,C 1,210,32,C 2,226,27
,178,2,C 1,210,32,C 2,225,28
,179,2,C 1,210,32,C 2,226,27
,180,2,C 1,210,32,C 2,226,27
,181,2,C 1,210,32,C 2,226,27
,182,2,C 1,210,32,C 2,226,27
,183,2,C 1,210,32,C 2,225,28
,184,2,C 1,210,32,C 2,226,27
,185,2,C 1,211,32,C 2,226,27
,186,2,C 1,210,32,C 2,226,27
,187,2,C 1,211,32,C 2,226,27
,188,2,C 1,211,33,C 2,226,27
,189,2,C 1,211,32,C 2,226,27
,190,2,C 1,211,33,C 2,226,27
,191,2,C 1,211,33,C 2,226,27
,192,2,C 1,210,32,C 2,226,27
,193,2,C 1,210,32,C 2,226,27
,194,2,C 1,210,32,C 2,226,27
,195,2,C 1,211,32,C 2,226,27
,196,2,C 1,210,32,C 2,226,27
,197,2,C 1,211,33,C 2,226,27
,198,2,C 1,210,32,C 2,226,27
,199,2,C 1,210,32,C 2,226,27
,200,2,C 1,210,32,C 2,226,27
,201,2,C 1,210,32,C 2,226,27
,202,2,C 1,210,32,C 2,226,27
,203,2,C 1,210,32,C 2,226,27
,204,2,C 1,210,32,C 2,226,27
,205,2,C 1,211,33,C 2,226,27
,206,3,C 1,211,33,C 2,226,27,C 3,58,1
,207,20,C 1,210,32,C 2,225,27,C 3,99,4,C 4,200,4,C 5,151,3,C 6,306,1,C 7,254,2,C 8,359,1,C 9,77,1,C 10,336,1,C 11,171,8,C 12,141,5,C 13,211,2,C 14,237,1,C 15,90,9,C 16,56,1,C 17,281,3,C 18,53,16,C 19,349,7,C 20,400,3
,208,20,C 1,210,32,C 2,225,27,C 3,99,5,C 4,55,18,C 5,203,3,C 6,151,4,C 7,254,7,C 8,306,6,C 9,358,5,C 10,172,4,C 11,235,3,C 12,130,3,C 13,73,1,C 14,397,11,C 15,141,10,C 16,271,4,C 17,184,5,C 18,381,3,C 19,74,12,C 20,244,10
,209,20,C 1,210,32,C 2,99,9,C 3,203,7,C 4,277,6,C 5,151,8,C 6,130,7,C 7,52,18,C 8,172,8,C 9,255,6,C 10,306,5,C 11,373,2,C 12,358,10,C 13,225,27,C 14,404,10,C 15,184,8,C 16,245,11,C 17,141,15,C 18,237,4,C 19,174,18,C 20,225,4
,210,20,C 1,99,13,C 2,203,11,C 3,211,33,C 4,278,9,C 5,130,10,C 6,151,12,C 7,52,19,C 8,255,11,C 9,307,9,C 10,229,5,C 11,171,11,C 12,358,10,C 13,373,5,C 14,406,10,C 15,184,11,C 16,325,4,C 17,57,6,C 18,231,15,C 19,141,20,C 20,67,5
,211,20,C 1,130,13,C 2,99,17,C 3,151,16,C 4,279,12,C 5,99,4,C 6,255,15,C 7,203,15,C 8,307,14,C 9,230,8,C 10,50,19,C 11,358,14,C 12,174,6,C 13,408,10,C 14,373,5,C 15,151,4,C 16,203,3,C 17,185,14,C 18,325,8,C 19,217,3,C 20,231,19
,212,20,C 1,281,14,C 2,99,7,C 3,130,16,C 4,203,5,C 5,151,6,C 6,270,14,C 7,227,13,C 8,307,18,C 9,99,21,C 10,204,20,C 11,255,4,C 12,50,19,C 13,307,4,C 14,151,20,C 15,175,9,C 16,255,18,C 17,358,16,C 18,373,5,C 19,272,2,C 20,358,3
,213,20,C 1,131,20,C 2,151,10,C 3,203,8,C 4,99,10,C 5,224,17,C 6,255,8,C 7,307,7,C 8,100,25,C 9,204,24,C 10,269,15,C 11,152,24,C 12,358,5,C 13,307,22,C 14,282,15,C 15,50,20,C 16,358,21,C 17,177,12,C 18,255,22,C 19,169,18,C 20,276,1
,214,20,C 1,225,20,C 2,131,21,C 3,100,15,C 4,152,28,C 5,307,9,C 6,100,29,C 7,204,13,C 8,308,26,C 9,256,27,C 10,204,27,C 11,152,13,C 12,279,26,C 13,358,8,C 14,255,11,C 15,374,19,C 16,281,10,C 17,359,26,C 18,170,21,C 19,178,8,C 20,51,21
,215,20,C 1,132,22,C 2,224,22,C 3,100,17,C 4,280,27,C 5,204,16,C 6,152,17,C 7,308,29,C 8,307,13,C 9,169,23,C 10,256,30,C 11,152,30,C 12,359,29,C 13,81,32,C 14,100,32,C 15,86,19,C 16,359,7,C 17,375,19,C 18,108,11,C 19,256,15,C 20,75,19
,216,20,C 1,225,24,C 2,280,29,C 3,132,23,C 4,204,19,C 5,79,32,C 6,100,20,C 7,168,24,C 8,152,20,C 9,308,32,C 10,307,16,C 11,76,19,C 12,256,17,C 13,86,20,C 14,256,33,C 15,101,35,C 16,152,34,C 17,359,32,C 18,375,20,C 19,205,34,C 20,108,14
,217,20,C 1,226,26,C 2,280,31,C 3,152,22,C 4,204,20,C 5,100,23,C 6,78,32,C 7,167,25,C 8,175,37,C 9,308,34,C 10,77,20,C 11,101,38,C 12,256,20,C 13,307,18,C 14,256,35,C 15,205,36,C 16,359,35,C 17,189,31,C 18,153,38,C 19,376,20,C 20,51,29
,218,20,C 1,226,28,C 2,101,40,C 3,282,32,C 4,78,33,C 5,205,39,C 6,271,34,C 7,153,40,C 8,256,22,C 9,308,22,C 10,174,38,C 11,168,26,C 12,101,25,C 13,152,25,C 14,78,21,C 15,204,23,C 16,132,35,C 17,51,31,C 18,308,36,C 19,359,20,C 20,359,36
,219,20,C 1,226,30,C 2,101,28,C 3,169,28,C 4,281,34,C 5,78,34,C 6,153,42,C 7,308,23,C 8,174,40,C 9,359,22,C 10,205,41,C 11,184,41,C 12,101,42,C 13,205,26,C 14,257,41,C 15,153,27,C 16,256,24,C 17,133,38,C 18,309,39,C 19,52,31,C 20,376,23
,220,20,C 1,227,31,C 2,168,30,C 3,101,29,C 4,282,35,C 5,77,35,C 6,308,25,C 7,175,42,C 8,153,29,C 9,359,23,C 10,270,37,C 11,257,43,C 12,205,29,C 13,153,43,C 14,256,26,C 15,133,39,C 16,101,44,C 17,205,42,C 18,309,41,C 19,52,32,C 20,189,37
,221,20,C 1,227,34,C 2,169,32,C 3,101,32,C 4,282,37,C 5,308,28,C 6,77,36,C 7,132,40,C 8,359,26,C 9,205,31,C 10,53,32,C 11,192,33,C 12,270,39,C 13,256,29,C 14,174,44,C 15,153,31,C 16,257,44,C 17,309,44,C 18,153,45,C 19,205,44,C 20,109,26
,222,20,C 1,227,35,C 2,169,33,C 3,101,33,C 4,282,38,C 5,308,29,C 6,133,42,C 7,76,36,C 8,205,32,C 9,359,28,C 10,153,32,C 11,53,33,C 12,270,40,C 13,192,34,C 14,309,44,C 15,256,30,C 16,257,45,C 17,360,45,C 18,109,27,C 19,78,47,C 20,376,28
,223,20,C 1,227,36,C 2,169,34,C 3,101,34,C 4,205,33,C 5,283,38,C 6,133,42,C 7,308,30,C 8,76,37,C 9,153,34,C 10,54,33,C 11,309,45,C 12,359,29,C 13,192,35,C 14,257,26,C 15,271,41,C 16,376,29,C 17,78,47,C 18,360,45,C 19,175,47,C 20,257,45
,224,20,C 1,228,36,C 2,170,34,C 3,284,38,C 4,205,33,C 5,133,43,C 6,101,35,C 7,153,34,C 8,76,37,C 9,308,31,C 10,53,34,C 11,257,32,C 12,359,30,C 13,309,45,C 14,270,41,C 15,192,36,C 16,376,30,C 17,360,45,C 18,175,47,C 19,78,47,C 20,109,29
,225,20,C 1,228,36,C 2,169,35,C 3,205,33,C 4,284,38,C 5,133,43,C 6,101,34,C 7,153,35,C 8,76,37,C 9,308,31,C 10,53,34,C 11,359,30,C 12,309,44,C 13,270,41,C 14,257,32,C 15,192,36,C 16,376,30,C 17,174,47,C 18,78,47,C 19,360,45,C 20,213,27
,226,20,C 1,228,36,C 2,169,35,C 3,101,35,C 4,133,43,C 5,205,34,C 6,284,38,C 7,153,34,C 8,76,37,C 9,308,30,C 10,53,34,C 11,359,29,C 12,192,36,C 13,270,41,C 14,309,45,C 15,257,32,C 16,174,47,C 17,376,30,C 18,109,29,C 19,77,47,C 20,360,45
,227,20,C 1,227,36,C 2,169,34,C 3,101,34,C 4,283,38,C 5,205,34,C 6,133,42,C 7,153,34,C 8,308,30,C 9,77,37,C 10,359,29,C 11,53,34,C 12,309,44,C 13,191,35,C 14,271,41,C 15,256,32,C 16,376,29,C 17,360,45,C 18,78,47,C 19,175,47,C 20,374,39
,228,20,C 1,227,35,C 2,169,33,C 3,282,38,C 4,101,34,C 5,308,29,C 6,76,36,C 7,133,42,C 8,359,28,C 9,256,31,C 10,53,33,C 11,205,32,C 12,191,34,C 13,153,33,C 14,270,40,C 15,109,27,C 16,205,44,C 17,78,47,C 18,257,44,C 19,376,28,C 20,309,45
,229,20,C 1,227,34,C 2,169,32,C 3,282,37,C 4,76,36,C 5,132,41,C 6,256,29,C 7,204,30,C 8,152,31,C 9,100,32,C 10,269,39,C 11,308,30,C 12,205,44,C 13,52,33,C 14,191,33,C 15,359,43,C 16,308,43,C 17,359,27,C 18,153,44,C 19,175,45,C 20,101,45
,230,20,C 1,226,33,C 2,168,31,C 3,282,36,C 4,152,31,C 5,204,28,C 6,76,35,C 7,100,31,C 8,132,40,C 9,308,44,C 10,175,44,C 11,271,39,C 12,256,28,C 13,307,27,C 14,52,32,C 15,101,44,C 16,256,43,C 17,191,32,C 18,358,26,C 19,359,44,C 20,152,44
,231,20,C 1,226,32,C 2,168,30,C 3,100,30,C 4,282,35,C 5,76,35,C 6,174,42,C 7,204,28,C 8,152,29,C 9,132,39,C 10,271,38,C 11,308,42,C 12,307,26,C 13,152,44,C 14,256,42,C 15,358,24,C 16,51,32,C 17,192,31,C 18,101,44,C 19,359,41,C 20,108,24
,232,20,C 1,226,30,C 2,100,29,C 3,281,34,C 4,168,28,C 5,76,34,C 6,307,23,C 7,173,40,C 8,204,27,C 9,270,36,C 10,358,22,C 11,100,42,C 12,183,41,C 13,152,42,C 14,256,41,C 15,152,28,C 16,132,38,C 17,308,39,C 18,204,41,C 19,51,31,C 20,257,19
,233,20,C 1,225,29,C 2,100,27,C 3,280,33,C 4,77,33,C 5,307,21,C 6,152,40,C 7,256,39,C 8,172,38,C 9,100,40,C 10,358,20,C 11,204,24,C 12,167,27,C 13,204,39,C 14,152,25,C 15,308,38,C 16,184,39,C 17,51,30,C 18,255,23,C 19,77,21,C 20,132,36
,234,20,C 1,225,27,C 2,281,31,C 3,77,32,C 4,100,25,C 5,271,33,C 6,307,19,C 7,152,38,C 8,100,38,C 9,172,36,C 10,77,20,C 11,358,18,C 12,204,22,C 13,184,37,C 14,256,37,C 15,204,37,C 16,167,25,C 17,255,21,C 18,152,23,C 19,308,35,C 20,375,21
,235,20,C 1,224,25,C 2,279,30,C 3,79,32,C 4,100,36,C 5,204,35,C 6,152,36,C 7,307,17,C 8,76,19,C 9,255,18,C 10,151,20,C 11,167,24,C 12,358,15,C 13,203,18,C 14,100,22,C 15,188,30,C 16,375,20,C 17,175,36,C 18,307,38,C 19,50,29,C 20,256,34
,236,20,C 1,224,23,C 2,132,23,C 3,279,28,C 4,151,18,C 5,203,16,C 6,100,34,C 7,255,15,C 8,80,32,C 9,99,18,C 10,168,23,C 11,204,31,C 12,307,15,C 13,307,30,C 14,152,33,C 15,84,19,C 16,358,12,C 17,358,29,C 18,374,19,C 19,255,36,C 20,50,29
,237,20,C 1,224,19,C 2,130,20,C 3,151,12,C 4,99,12,C 5,100,27,C 6,255,9,C 7,203,10,C 8,307,8,C 9,204,26,C 10,358,7,C 11,307,24,C 12,152,27,C 13,358,23,C 14,255,24,C 15,168,19,C 16,281,9,C 17,177,6,C 18,278,25,C 19,50,21,C 20,374,18
,238,20,C 1,130,17,C 2,151,8,C 3,99,9,C 4,224,16,C 5,203,6,C 6,269,15,C 7,282,14,C 8,255,5,C 9,307,5,C 10,307,20,C 11,100,23,C 12,358,20,C 13,204,22,C 14,50,20,C 15,372,6,C 16,169,17,C 17,358,4,C 18,255,21,C 19,151,22,C 20,276,1
,239,20,C 1,130,15,C 2,99,5,C 3,280,13,C 4,151,18,C 5,99,19,C 6,224,13,C 7,307,17,C 8,203,4,C 9,203,18,C 10,255,18,C 11,50,19,C 12,151,4,C 13,358,17,C 14,175,8,C 15,372,6,C 16,254,3,C 17,306,3,C 18,408,10,C 19,238,15,C 20,324,5
,240,20,C 1,99,15,C 2,151,14,C 3,130,12,C 4,203,13,C 5,280,10,C 6,51,19,C 7,307,11,C 8,255,13,C 9,229,7,C 10,174,5,C 11,358,11,C 12,211,33,C 13,373,6,C 14,128,2,C 15,406,11,C 16,99,3,C 17,186,12,C 18,315,18,C 19,325,6,C 20,239,10
,241,20,C 1,210,33,C 2,99,11,C 3,203,9,C 4,279,7,C 5,151,11,C 6,130,9,C 7,51,18,C 8,255,9,C 9,171,9,C 10,307,8,C 11,358,12,C 12,373,4,C 13,404,11,C 14,185,9,C 15,228,4,C 16,238,6,C 17,325,2,C 18,224,30,C 19,315,14,C 20,141,17
,242,20,C 1,210,33,C 2,99,7,C 3,203,5,C 4,151,6,C 5,226,26,C 6,255,4,C 7,55,19,C 8,306,3,C 9,172,6,C 10,130,5,C 11,277,4,C 12,358,8,C 13,185,6,C 14,373,1,C 15,245,9,C 16,400,11,C 17,141,13,C 18,233,7,C 19,173,16,C 20,250,18
,243,20,C 1,211,33,C 2,225,26,C 3,96,8,C 4,202,6,C 5,149,7,C 6,306,4,C 7,357,3,C 8,106,5,C 9,52,17,C 10,254,5,C 11,336,1,C 12,75,1,C 13,168,10,C 14,238,1,C 15,127,6,C 16,277,1,C 17,394,11,C 18,298,11,C 19,77,12,C 20,318,10
,244,19,C 1,211,32,C 2,225,26,C 3,98,1,C 4,152,1,C 5,204,1,C 6,257,1,C 7,303,1,C 8,169,5,C 9,79,1,C 10,237,1,C 11,360,1,C 12,135,1,C 13,335,1,C 14,88,7,C 15,57,1,C 16,217,1,C 17,112,1,C 18,399,3,C 19,350,7
,245,6,C 1,210,32,C 2,226,27,C 3,93,1,C 4,58,1,C 5,155,1,C 6,144,1
,246,2,C 1,211,33,C 2,226,28
,247,2,C 1,210,33,C 2,226,28
,248,2,C 1,211,33,C 2,225,28
,249,2,C 1,210,32,C 2,225,26
,250,2,C 1,210,32,C 2,225,26
,251,2,C 1,211,33,C 2,226,27
,252,2,C 1,211,33,C 2,226,28
,253,2,C 1,210,32,C 2,226,28
,254,2,C 1,210,32,C 2,225,28
,255,2,C 1,211,33,C 2,226,27
,256,2,C 1,211,33,C 2,226,27
,257,2,C 1,211,33,C 2,226,27
,258,2,C 1,211,33,C 2,226,28
,259,2,C 1,210,32,C 2,226,28
,260,2,C 1,210,32,C 2,226,28
,261,2,C 1,211,33,C 2,226,27
,262,2,C 1,211,33,C 2,226,27
,263,2,C 1,211,33,C 2,225,28
,264,2,C 1,210,32,C 2,226,28
,265,2,C 1,210,32,C 2,226,28
,266,2,C 1,211,33,C 2,226,28
,267,2,C 1,211,33,C 2,226,27
,268,2,C 1,211,33,C 2,226,27
,269,2,C 1,210,32,C 2,226,27
,270,2,C 1,211,33,C 2,226,27
,271,2,C 1,211,33,C 2,225,28
,272,2,C 1,211,33,C 2,225,28
,273,2,C 1,210,32,C 2,226,27
,274,2,C 1,210,32,C 2,227,27
,275,2,C 1,210,32,C 2,226,27
,276,2,C 1,211,33,C 2,226,27
,277,2,C 1,211,33,C 2,226,28
,278,2,C 1,210,32,C 2,226,28
,279,2,C 1,211,32,C 2,226,28
,280,2,C 1,211,33,C 2,227,27
,281,2,C 1,211,32,C 2,226,27
,282,2,C 1,210,32,C 2,226,27
,283,2,C 1,211,33,C 2,225,28
,284,2,C 1,210,32,C 2,226,27
,285,2,C 1,210,32,C 2,226,27
,286,2,C 1,210,32,C 2,226,27
,287,2,C 1,210,32,C 2,226,27
,288,2,C 1,210,32,C 2,226,27
,289,2,C 1,210,32,C 2,226,27
,290,2,C 1,210,32,C 2,226,27
,291,2,C 1,210,32,C 2,226,27
,292,2,C 1,210,32,C 2,226,27
,293,2,C 1,210,32,C 2,226,27
,294,2,C 1,211,33,C 2,226,27
,295,2,C 1,210,32,C 2,226,27
,296,2,C 1,211,33,C 2,226,27
,297,2,C 1,210,32,C 2,226,27
,298,2,C 1,211,33,C 2,226,27
,299,2,C 1,210,32,C 2,226,27
,300,2,C 1,211,33,C 2,226,27
,301,2,C 1,211,33,C 2,226,27
,302,2,C 1,211,33,C 2,226,27
,303,2,C 1,210,32,C 2,226,27
,304,2,C 1,210,32,C 2,226,27
,305,2,C 1,210,32,C 2,225,27
,306,3,C 1,210,32,C 2,226,27,C 3,57,1
,307,15,C 1,210,32,C 2,226,27,C 3,101,1,C 4,153,1,C 5,198,1,C 6,258,1,C 7,59,1,C 8,133,1,C 9,310,1,C 10,396,3,C 11,78,5,C 12,300,1,C 13,237,1,C 14,112,1,C 15,216,1
,308,19,C 1,210,32,C 2,225,27,C 3,98,5,C 4,151,4,C 5,306,1,C 6,203,3,C 7,255,2,C 8,358,1,C 9,77,1,C 10,170,8,C 11,336,1,C 12,236,1,C 13,141,5,C 14,280,4,C 15,56,1,C 16,402,3,C 17,53,16,C 18,321,1,C 19,111,1
,309,20,C 1,210,32,C 2,225,27,C 3,99,4,C 4,55,18,C 5,203,3,C 6,151,4,C 7,306,6,C 8,358,5,C 9,255,7,C 10,172,4,C 11,129,1,C 12,107,10,C 13,245,6,C 14,141,10,C 15,235,3,C 16,73,1,C 17,271,4,C 18,396,11,C 19,183,5,C 20,380,4
,310,20,C 1,210,32,C 2,203,7,C 3,151,8,C 4,99,8,C 5,277,6,C 6,172,8,C 7,52,18,C 8,130,7,C 9,306,5,C 10,255,7,C 11,373,2,C 12,357,10,C 13,224,28,C 14,404,10,C 15,107,14,C 16,141,15,C 17,184,8,C 18,245,11,C 19,234,9,C 20,331,7
,311,20,C 1,99,14,C 2,203,12,C 3,211,33,C 4,278,9,C 5,130,10,C 6,51,18,C 7,151,13,C 8,230,5,C 9,255,11,C 10,170,10,C 11,307,9,C 12,373,6,C 13,407,10,C 14,358,14,C 15,184,11,C 16,325,4,C 17,141,20,C 18,268,3,C 19,230,15,C 20,57,6
,312,20,C 1,99,6,C 2,281,14,C 3,130,16,C 4,203,5,C 5,151,6,C 6,270,14,C 7,227,13,C 8,255,4,C 9,307,18,C 10,307,4,C 11,255,19,C 12,358,18,C 13,50,19,C 14,100,27,C 15,175,9,C 16,151,20,C 17,204,20,C 18,373,5,C 19,408,10,C 20,235,21
,313,20,C 1,131,20,C 2,151,10,C 3,99,11,C 4,224,18,C 5,203,9,C 6,255,8,C 7,307,6,C 8,100,26,C 9,269,15,C 10,204,24,C 11,358,22,C 12,152,25,C 13,307,22,C 14,358,5,C 15,50,20,C 16,282,15,C 17,170,19,C 18,107,5,C 19,255,22,C 20,372,6
,314,20,C 1,225,20,C 2,131,22,C 3,100,15,C 4,152,28,C 5,100,28,C 6,256,27,C 7,307,10,C 8,204,13,C 9,308,26,C 10,358,8,C 11,204,27,C 12,152,14,C 13,279,26,C 14,255,11,C 15,108,8,C 16,359,30,C 17,176,14,C 18,212,6,C 19,281,10,C 20,374,19
,315,20,C 1,132,22,C 2,224,22,C 3,100,17,C 4,280,27,C 5,204,16,C 6,152,17,C 7,308,30,C 8,169,23,C 9,256,30,C 10,152,31,C 11,307,13,C 12,81,32,C 13,359,29,C 14,100,32,C 15,256,9,C 16,88,20,C 17,360,6,C 18,375,19,C 19,204,30,C 20,108,11
,316,20,C 1,225,24,C 2,100,20,C 3,281,29,C 4,204,19,C 5,132,23,C 6,271,31,C 7,152,20,C 8,79,32,C 9,168,24,C 10,308,33,C 11,307,16,C 12,76,19,C 13,256,33,C 14,359,32,C 15,256,17,C 16,86,20,C 17,152,34,C 18,101,35,C 19,375,20,C 20,359,10
,317,20,C 1,226,26,C 2,204,21,C 3,280,31,C 4,100,22,C 5,152,22,C 6,78,32,C 7,308,34,C 8,175,37,C 9,77,20,C 10,167,25,C 11,101,38,C 12,307,19,C 13,359,35,C 14,256,20,C 15,256,34,C 16,189,31,C 17,152,37,C 18,205,36,C 19,376,20,C 20,358,17
,318,20,C 1,226,28,C 2,282,32,C 3,101,41,C 4,78,33,C 5,153,40,C 6,256,22,C 7,174,38,C 8,308,22,C 9,205,39,C 10,272,35,C 11,169,26,C 12,101,26,C 13,152,24,C 14,204,23,C 15,359,20,C 16,78,21,C 17,132,36,C 18,51,30,C 19,184,39,C 20,308,36
,319,20,C 1,226,30,C 2,169,28,C 3,101,28,C 4,282,34,C 5,77,34,C 6,308,23,C 7,153,42,C 8,205,27,C 9,184,41,C 10,359,21,C 11,271,36,C 12,174,40,C 13,101,42,C 14,257,41,C 15,256,25,C 16,153,27,C 17,205,41,C 18,133,37,C 19,52,31,C 20,309,39
,320,20,C 1,226,32,C 2,168,30,C 3,101,30,C 4,282,35,C 5,77,35,C 6,175,42,C 7,308,24,C 8,153,43,C 9,205,28,C 10,133,39,C 11,359,23,C 12,271,37,C 13,101,44,C 14,205,43,C 15,153,29,C 16,257,43,C 17,256,26,C 18,309,41,C 19,52,32,C 20,193,31
,321,20,C 1,227,33,C 2,169,31,C 3,101,32,C 4,282,36,C 5,76,35,C 6,308,27,C 7,174,43,C 8,359,25,C 9,132,39,C 10,205,30,C 11,153,44,C 12,256,28,C 13,205,44,C 14,257,44,C 15,272,39,C 16,52,32,C 17,101,44,C 18,153,30,C 19,184,44,C 20,309,43
,322,20,C 1,169,32,C 2,227,34,C 3,101,32,C 4,282,37,C 5,308,28,C 6,77,36,C 7,132,40,C 8,359,26,C 9,174,44,C 10,205,31,C 11,192,33,C 12,256,29,C 13,53,32,C 14,270,39,C 15,205,44,C 16,153,32,C 17,153,44,C 18,257,44,C 19,309,43,C 20,109,26
,323,20,C 1,227,35,C 2,169,33,C 3,101,34,C 4,282,38,C 5,76,36,C 6,308,28,C 7,133,42,C 8,359,27,C 9,205,33,C 10,153,33,C 11,53,33,C 12,256,31,C 13,192,34,C 14,271,40,C 15,309,44,C 16,257,45,C 17,360,45,C 18,109,27,C 19,376,28,C 20,78,47
,324,20,C 1,227,36,C 2,169,34,C 3,283,38,C 4,205,33,C 5,153,34,C 6,101,34,C 7,133,42,C 8,76,37,C 9,308,30,C 10,53,34,C 11,359,28,C 12,309,44,C 13,271,41,C 14,257,31,C 15,192,35,C 16,360,45,C 17,376,29,C 18,175,47,C 19,257,45,C 20,78,47
,325,20,C 1,228,36,C 2,169,34,C 3,205,33,C 4,101,34,C 5,282,39,C 6,133,43,C 7,153,34,C 8,76,37,C 9,308,30,C 10,359,29,C 11,53,34,C 12,309,44,C 13,257,32,C 14,270,41,C 15,192,36,C 16,376,30,C 17,360,45,C 18,174,47,C 19,77,47,C 20,213,27
,326,20,C 1,228,36,C 2,169,35,C 3,133,43,C 4,101,34,C 5,205,33,C 6,282,39,C 7,153,34,C 8,76,37,C 9,308,30,C 10,359,29,C 11,53,34,C 12,257,32,C 13,192,36,C 14,309,44,C 15,270,41,C 16,376,30,C 17,174,47,C 18,360,45,C 19,374,40,C 20,213,27
,327,20,C 1,227,36,C 2,169,34,C 3,101,34,C 4,283,38,C 5,133,42,C 6,205,33,C 7,76,37,C 8,153,34,C 9,308,30,C 10,359,28,C 11,53,34,C 12,270,40,C 13,192,35,C 14,309,44,C 15,257,32,C 16,376,29,C 17,360,45,C 18,78,47,C 19,175,47,C 20,374,39
,328,20,C 1,227,35,C 2,169,33,C 3,101,33,C 4,282,38,C 5,133,42,C 6,76,36,C 7,308,30,C 8,359,27,C 9,53,33,C 10,256,31,C 11,205,33,C 12,153,33,C 13,270,40,C 14,191,34,C 15,309,44,C 16,109,27,C 17,78,47,C 18,205,44,C 19,174,45,C 20,376,28
,329,20,C 1,227,34,C 2,169,32,C 3,282,37,C 4,76,36,C 5,132,41,C 6,100,32,C 7,152,31,C 8,204,30,C 9,256,29,C 10,191,33,C 11,52,33,C 12,205,44,C 13,308,29,C 14,359,44,C 15,269,39,C 16,175,45,C 17,308,45,C 18,359,27,C 19,101,45,C 20,153,45
,330,20,C 1,226,33,C 2,168,31,C 3,204,30,C 4,282,36,C 5,100,31,C 6,152,31,C 7,76,35,C 8,132,40,C 9,308,43,C 10,174,43,C 11,307,27,C 12,52,32,C 13,272,39,C 14,256,44,C 15,359,44,C 16,256,28,C 17,192,32,C 18,101,44,C 19,358,26,C 20,375,27
,331,20,C 1,226,32,C 2,100,29,C 3,168,30,C 4,282,35,C 5,76,35,C 6,204,29,C 7,174,42,C 8,152,29,C 9,307,25,C 10,132,39,C 11,271,38,C 12,308,42,C 13,256,41,C 14,152,43,C 15,358,24,C 16,204,43,C 17,51,32,C 18,359,41,C 19,100,44,C 20,192,31
,332,20,C 1,226,30,C 2,168,28,C 3,281,34,C 4,100,29,C 5,76,34,C 6,204,26,C 7,307,23,C 8,270,36,C 9,152,42,C 10,173,40,C 11,358,22,C 12,100,42,C 13,183,41,C 14,256,41,C 15,152,27,C 16,308,39,C 17,131,37,C 18,204,41,C 19,51,31,C 20,255,25
,333,20,C 1,225,29,C 2,100,26,C 3,280,33,C 4,77,33,C 5,168,26,C 6,307,21,C 7,152,40,C 8,204,24,C 9,173,38,C 10,358,20,C 11,100,40,C 12,256,39,C 13,204,39,C 14,152,25,C 15,183,39,C 16,77,21,C 17,308,37,C 18,255,23,C 19,131,36,C 20,50,31
,334,20,C 1,225,27,C 2,281,31,C 3,77,32,C 4,271,33,C 5,100,25,C 6,307,19,C 7,152,37,C 8,100,38,C 9,358,17,C 10,172,36,C 11,77,20,C 12,204,21,C 13,204,36,C 14,184,37,C 15,255,20,C 16,256,36,C 17,168,24,C 18,152,23,C 19,50,30,C 20,308,35
,335,20,C 1,224,25,C 2,100,36,C 3,281,29,C 4,79,32,C 5,271,31,C 6,307,17,C 7,152,36,C 8,255,18,C 9,151,20,C 10,166,24,C 11,99,20,C 12,204,34,C 13,76,19,C 14,358,15,C 15,203,19,C 16,375,20,C 17,188,30,C 18,256,34,C 19,132,22,C 20,50,29
,336,20,C 1,225,22,C 2,131,23,C 3,271,29,C 4,151,17,C 5,255,15,C 6,99,18,C 7,100,32,C 8,80,32,C 9,203,16,C 10,168,23,C 11,307,15,C 12,204,31,C 13,307,30,C 14,152,32,C 15,358,13,C 16,86,20,C 17,74,20,C 18,375,19,C 19,190,24,C 20,358,30
,337,20,C 1,224,20,C 2,131,23,C 3,151,14,C 4,279,26,C 5,255,12,C 6,203,13,C 7,99,15,C 8,100,30,C 9,307,27,C 10,307,13,C 11,204,28,C 12,358,10,C 13,152,30,C 14,358,27,C 15,374,19,C 16,255,27,C 17,169,22,C 18,178,9,C 19,50,21,C 20,281,11
,338,20,C 1,223,19,C 2,130,20,C 3,151,11,C 4,203,10,C 5,99,12,C 6,255,9,C 7,307,9,C 8,100,27,C 9,307,24,C 10,204,25,C 11,358,7,C 12,150,32,C 13,358,28,C 14,374,18,C 15,247,27,C 16,281,9,C 17,107,6,C 18,177,13,C 19,50,20,C 20,168,19
,339,20,C 1,130,17,C 2,151,8,C 3,203,6,C 4,224,16,C 5,99,9,C 6,269,15,C 7,282,14,C 8,255,5,C 9,307,20,C 10,100,23,C 11,307,6,C 12,358,4,C 13,358,20,C 14,49,19,C 15,202,28,C 16,255,20,C 17,151,22,C 18,372,6,C 19,169,17,C 20,276,1
,340,20,C 1,130,15,C 2,99,5,C 3,99,19,C 4,151,18,C 5,280,13,C 6,203,4,C 7,255,18,C 8,224,13,C 9,307,17,C 10,151,4,C 11,203,18,C 12,358,16,C 13,50,19,C 14,176,8,C 15,372,6,C 16,254,3,C 17,408,10,C 18,306,3,C 19,186,15,C 20,238,15
,341,20,C 1,99,15,C 2,151,14,C 3,130,12,C 4,203,13,C 5,279,10,C 6,51,19,C 7,255,14,C 8,229,7,C 9,307,13,C 10,170,12,C 11,358,12,C 12,99,3,C 13,211,33,C 14,373,6,C 15,128,2,C 16,187,12,C 17,407,10,C 18,177,1,C 19,325,6,C 20,268,3
,342,20,C 1,211,34,C 2,99,6,C 3,203,5,C 4,226,26,C 5,151,5,C 6,172,6,C 7,276,4,C 8,53,18,C 9,255,4,C 10,306,9,C 11,130,5,C 12,357,8,C 13,107,12,C 14,373,1,C 15,185,6,C 16,233,7,C 17,400,11,C 18,141,12,C 19,173,16,C 20,250,18
,343,20,C 1,211,33,C 2,225,26,C 3,98,7,C 4,201,6,C 5,306,4,C 6,150,6,C 7,53,17,C 8,254,4,C 9,357,2,C 10,336,1,C 11,211,5,C 12,75,1,C 13,173,11,C 14,130,1,C 15,238,1,C 16,277,1,C 17,163,6,C 18,298,11,C 19,319,10,C 20,78,12
,344,18,C 1,211,32,C 2,226,26,C 3,98,1,C 4,152,1,C 5,256,1,C 6,204,1,C 7,303,1,C 8,170,5,C 9,79,1,C 10,360,1,C 11,237,1,C 12,140,3,C 13,57,1,C 14,87,7,C 15,336,1,C 16,217,1,C 17,397,3,C 18,112,1
,345,6,C 1,211,32,C 2,225,27,C 3,58,1,C 4,92,1,C 5,102,1,C 6,155,1
,346,2,C 1,211,33,C 2,226,28
,347,2,C 1,210,33,C 2,226,28
,348,2,C 1,211,33,C 2,225,28
,349,2,C 1,211,32,C 2,225,27
,350,2,C 1,211,32,C 2,225,26
,351,2,C 1,211,33,C 2,226,27
,352,2,C 1,210,33,C 2,225,28
,353,2,C 1,211,33,C 2,226,28
,354,2,C 1,210,32,C 2,226,28
,355,2,C 1,210,32,C 2,226,27
,356,2,C 1,211,33,C 2,226,27
,357,2,C 1,211,33,C 2,226,27
,358,2,C 1,210,32,C 2,225,28
,359,2,C 1,210,32,C 2,226,28
,360,2,C 1,210,32,C 2,226,28
,361,2,C 1,211,33,C 2,226,27
,362,2,C 1,211,33,C 2,226,27
,363,2,C 1,211,33,C 2,226,27
,364,2,C 1,210,32,C 2,226,27
,365,2,C 1,211,32,C 2,226,28
,366,2,C 1,211,33,C 2,226,28
,367,2,C 1,211,33,C 2,226,27
,368,2,C 1,210,32,C 2,226,27
,369,2,C 1,210,32,C 2,226,27
,370,2,C 1,210,32,C 2,226,27
,371,2,C 1,211,32,C 2,226,28
,372,2,C 1,211,33,C 2,226,28
,373,2,C 1,211,33,C 2,226,28
,374,2,C 1,211,33,C 2,226,27
,375,2,C 1,210,32,C 2,226,27
,376,2,C 1,211,33,C 2,226,27
,377,2,C 1,211,33,C 2,225,28
,378,2,C 1,210,32,C 2,225,28
,379,2,C 1,210,32,C 2,226,27
,380,2,C 1,210,32,C 2,226,27
,381,2,C 1,211,33,C 2,226,27
,382,2,C 1,210,32,C 2,226,27
,383,2,C 1,210,32,C 2,226,27
,384,2,C 1,210,32,C 2,225,28
,385,2,C 1,210,32,C 2,225,28
,386,2,C 1,210,32,C 2,226,27
,387,2,C 1,210,32,C 2,226,27
,388,2,C 1,210,32,C 2,226,27
,389,2,C 1,210,32,C 2,226,27
,390,2,C 1,210,32,C 2,226,27
,391,2,C 1,211,32,C 2,226,27
,392,2,C 1,210,32,C 2,226,27
,393,2,C 1,210,32,C 2,226,27
,394,2,C 1,210,32,C 2,226,27
,395,2,C 1,210,32,C 2,226,27
,396,2,C 1,210,32,C 2,226,27
,397,2,C 1,210,32,C 2,226,27
,398,2,C 1,210,32,C 2,226,27
,399,2,C 1,210,32,C 2,226,27
,400,2,C 1,210,32,C 2,226,27
,401,2,C 1,210,32,C 2,226,27
,402,2,C 1,210,32,C 2,226,27
,403,2,C 1,210,32,C 2,226,27
,404,2,C 1,210,32,C 2,226,27
,405,2,C 1,210,32,C 2,226,27
,406,3,C 1,210,32,C 2,226,27,C 3,57,1
,407,17,C 1,210,32,C 2,225,27,C 3,101,1,C 4,147,1,C 5,205,1,C 6,258,1,C 7,310,1,C 8,58,1,C 9,300,1,C 10,133,1,C 11,237,1,C 12,77,5,C 13,395,3,C 14,87,5,C 15,112,1,C 16,172,4,C 17,217,1
,408,20,C 1,210,32,C 2,225,27,C 3,98,5,C 4,150,4,C 5,202,3,C 6,254,2,C 7,306,1,C 8,358,1,C 9,336,1,C 10,77,1,C 11,237,1,C 12,174,9,C 13,55,17,C 14,56,1,C 15,271,1,C 16,163,4,C 17,86,10,C 18,215,1,C 19,110,1,C 20,320,1
,409,20,C 1,210,32,C 2,225,27,C 3,55,18,C 4,99,5,C 5,151,4,C 6,203,3,C 7,306,6,C 8,255,7,C 9,358,6,C 10,171,4,C 11,129,2,C 12,245,7,C 13,398,11,C 14,235,4,C 15,73,1,C 16,141,11,C 17,183,5,C 18,271,4,C 19,380,5,C 20,333,2
,410,20,C 1,210,32,C 2,277,6,C 3,203,7,C 4,99,9,C 5,172,8,C 6,151,8,C 7,52,18,C 8,306,6,C 9,130,7,C 10,255,12,C 11,357,4,C 12,224,29,C 13,373,2,C 14,404,10,C 15,184,8,C 16,245,11,C 17,234,9,C 18,349,10,C 19,141,15,C 20,163,13
,411,20,C 1,99,14,C 2,203,12,C 3,211,33,C 4,151,12,C 5,130,10,C 6,51,19,C 7,278,9,C 8,255,11,C 9,171,11,C 10,407,10,C 11,230,5,C 12,307,10,C 13,373,6,C 14,358,10,C 15,185,11,C 16,325,4,C 17,269,4,C 18,231,15,C 19,245,16,C 20,57,5
,412,20,C 1,130,13,C 2,151,16,C 3,99,4,C 4,279,12,C 5,99,17,C 6,255,16,C 7,203,16,C 8,307,15,C 9,50,19,C 10,230,8,C 11,358,14,C 12,176,7,C 13,151,3,C 14,408,10,C 15,373,5,C 16,203,3,C 17,185,14,C 18,235,17,C 19,268,5,C 20,325,8
,413,20,C 1,281,14,C 2,130,16,C 3,99,7,C 4,151,5,C 5,203,5,C 6,269,15,C 7,223,15,C 8,255,4,C 9,307,18,C 10,99,21,C 11,50,19,C 12,255,18,C 13,204,20,C 14,358,16,C 15,307,4,C 16,175,9,C 17,151,20,C 18,372,6,C 19,218,6,C 20,324,7
,414,20,C 1,131,20,C 2,151,10,C 3,224,18,C 4,203,9,C 5,255,8,C 6,307,7,C 7,99,10,C 8,100,26,C 9,204,24,C 10,268,16,C 11,152,25,C 12,358,5,C 13,307,22,C 14,283,14,C 15,50,20,C 16,255,22,C 17,358,21,C 18,174,11,C 19,372,6,C 20,276,1
,415,20,C 1,225,20,C 2,131,22,C 3,100,15,C 4,204,13,C 5,152,28,C 6,307,10,C 7,100,29,C 8,308,26,C 9,256,27,C 10,358,9,C 11,279,26,C 12,152,14,C 13,204,28,C 14,255,11,C 15,359,25,C 16,176,14,C 17,374,19,C 18,108,8,C 19,281,10,C 20,168,20
,416,20,C 1,225,24,C 2,281,29,C 3,100,20,C 4,132,23,C 5,204,19,C 6,168,24,C 7,271,31,C 8,79,32,C 9,152,19,C 10,308,32,C 11,307,16,C 12,256,32,C 13,359,32,C 14,76,19,C 15,86,20,C 16,152,34,C 17,100,35,C 18,256,17,C 19,358,15,C 20,204,33
,417,20,C 1,226,26,C 2,281,31,C 3,204,21,C 4,100,23,C 5,78,32,C 6,152,22,C 7,308,35,C 8,271,32,C 9,77,20,C 10,175,37,C 11,167,25,C 12,256,35,C 13,307,19,C 14,101,38,C 15,359,35,C 16,256,20,C 17,189,31,C 18,51,29,C 19,205,36,C 20,152,37
,418,20,C 1,226,28,C 2,280,33,C 3,77,33,C 4,101,41,C 5,308,22,C 6,256,23,C 7,205,38,C 8,153,41,C 9,174,38,C 10,169,26,C 11,101,26,C 12,359,20,C 13,184,39,C 14,78,21,C 15,152,25,C 16,204,24,C 17,308,38,C 18,132,36,C 19,51,31,C 20,257,39
,419,20,C 1,227,30,C 2,169,28,C 3,101,28,C 4,282,34,C 5,77,34,C 6,308,23,C 7,153,42,C 8,174,40,C 9,205,26,C 10,271,36,C 11,359,22,C 12,184,41,C 13,257,41,C 14,101,43,C 15,153,27,C 16,52,31,C 17,205,41,C 18,256,25,C 19,133,38,C 20,309,40
,420,20,C 1,226,32,C 2,101,30,C 3,168,30,C 4,282,35,C 5,175,42,C 6,76,34,C 7,205,28,C 8,308,25,C 9,359,24,C 10,153,43,C 11,257,44,C 12,272,38,C 13,153,29,C 14,101,44,C 15,133,39,C 16,52,32,C 17,256,27,C 18,205,42,C 19,309,42,C 20,190,37
,421,20,C 1,227,33,C 2,169,31,C 3,101,32,C 4,282,36,C 5,76,35,C 6,308,27,C 7,174,43,C 8,205,30,C 9,359,25,C 10,132,39,C 11,153,44,C 12,270,38,C 13,205,43,C 14,256,28,C 15,153,31,C 16,257,45,C 17,52,33,C 18,101,44,C 19,309,43,C 20,184,44
,422,20,C 1,227,34,C 2,169,32,C 3,101,32,C 4,282,37,C 5,308,28,C 6,132,40,C 7,77,36,C 8,359,26,C 9,205,31,C 10,174,44,C 11,52,33,C 12,192,33,C 13,153,32,C 14,271,39,C 15,205,44,C 16,256,29,C 17,257,45,C 18,109,26,C 19,309,44,C 20,153,44
,423,20,C 1,227,35,C 2,169,33,C 3,101,33,C 4,282,38,C 5,76,36,C 6,308,29,C 7,205,33,C 8,133,42,C 9,153,33,C 10,359,27,C 11,53,33,C 12,270,40,C 13,256,30,C 14,309,44,C 15,192,34,C 16,257,44,C 17,109,27,C 18,78,47,C 19,174,45,C 20,376,28
,424,20,C 1,227,36,C 2,169,34,C 3,205,33,C 4,101,34,C 5,283,38,C 6,153,34,C 7,133,42,C 8,76,37,C 9,308,30,C 10,359,28,C 11,53,34,C 12,309,44,C 13,192,35,C 14,270,40,C 15,376,29,C 16,360,45,C 17,258,26,C 18,257,44,C 19,78,47,C 20,175,47
,425,20,C 1,228,36,C 2,169,35,C 3,205,33,C 4,153,35,C 5,284,38,C 6,101,35,C 7,133,43,C 8,308,30,C 9,76,37,C 10,53,34,C 11,359,29,C 12,309,44,C 13,257,27,C 14,270,41,C 15,192,36,C 16,376,30,C 17,360,45,C 18,174,47,C 19,257,44,C 20,213,27
,426,20,C 1,227,37,C 2,169,35,C 3,205,33,C 4,101,35,C 5,284,38,C 6,153,35,C 7,133,43,C 8,76,37,C 9,308,30,C 10,54,34,C 11,359,29,C 12,192,36,C 13,270,41,C 14,257,27,C 15,309,44,C 16,376,30,C 17,174,47,C 18,77,47,C 19,360,45,C 20,109,29
,427,20,C 1,228,36,C 2,169,35,C 3,101,35,C 4,205,34,C 5,284,38,C 6,133,43,C 7,153,35,C 8,76,37,C 9,308,31,C 10,359,29,C 11,53,34,C 12,192,36,C 13,309,44,C 14,270,41,C 15,257,32,C 16,376,30,C 17,174,47,C 18,109,29,C 19,77,47,C 20,360,45
,428,20,C 1,227,36,C 2,169,34,C 3,101,34,C 4,283,38,C 5,205,33,C 6,133,42,C 7,308,30,C 8,76,37,C 9,153,34,C 10,359,28,C 11,53,34,C 12,256,32,C 13,191,35,C 14,271,41,C 15,309,44,C 16,78,47,C 17,376,29,C 18,175,47,C 19,213,26,C 20,360,45
,429,20,C 1,227,35,C 2,169,33,C 3,282,38,C 4,101,34,C 5,132,41,C 6,308,29,C 7,76,36,C 8,205,32,C 9,359,27,C 10,256,30,C 11,153,33,C 12,53,33,C 13,270,40,C 14,109,27,C 15,193,35,C 16,309,45,C 17,78,47,C 18,205,44,C 19,257,44,C 20,174,45
,430,20,C 1,227,34,C 2,169,32,C 3,282,37,C 4,76,36,C 5,132,41,C 6,204,30,C 7,256,29,C 8,152,32,C 9,100,32,C 10,52,33,C 11,308,29,C 12,271,40,C 13,173,44,C 14,359,44,C 15,191,33,C 16,205,44,C 17,308,44,C 18,359,22,C 19,153,44,C 20,256,44
,431,20,C 1,226,33,C 2,168,31,C 3,282,36,C 4,204,29,C 5,152,31,C 6,76,35,C 7,100,31,C 8,308,44,C 9,132,40,C 10,272,39,C 11,174,43,C 12,52,32,C 13,256,28,C 14,359,43,C 15,307,27,C 16,205,44,C 17,256,43,C 18,188,39,C 19,358,26,C 20,152,44
,432,20,C 1,226,30,C 2,168,28,C 3,281,34,C 4,100,28,C 5,76,34,C 6,307,23,C 7,204,27,C 8,173,40,C 9,270,36,C 10,100,42,C 11,152,42,C 12,358,22,C 13,256,41,C 14,204,41,C 15,183,41,C 16,308,39,C 17,152,27,C 18,132,38,C 19,255,25,C 20,359,40
,433,20,C 1,225,29,C 2,280,33,C 3,100,26,C 4,77,33,C 5,168,26,C 6,307,21,C 7,152,40,C 8,204,25,C 9,183,39,C 10,173,38,C 11,100,40,C 12,256,39,C 13,358,19,C 14,204,39,C 15,77,21,C 16,152,26,C 17,255,23,C 18,308,38,C 19,132,36,C 20,375,22
,434,20,C 1,225,27,C 2,281,31,C 3,271,33,C 4,77,32,C 5,100,24,C 6,307,19,C 7,152,38,C 8,100,38,C 9,358,17,C 10,183,37,C 11,204,36,C 12,172,36,C 13,256,37,C 14,76,20,C 15,255,21,C 16,204,21,C 17,168,24,C 18,308,35,C 19,50,30,C 20,375,21
,435,20,C 1,224,25,C 2,79,32,C 3,271,31,C 4,281,29,C 5,100,35,C 6,152,36,C 7,255,17,C 8,204,34,C 9,307,17,C 10,168,23,C 11,151,20,C 12,76,19,C 13,99,21,C 14,203,19,C 15,358,15,C 16,131,23,C 17,256,34,C 18,376,19,C 19,188,30,C 20,307,32
,436,20,C 1,225,22,C 2,131,23,C 3,271,29,C 4,281,27,C 5,100,33,C 6,151,17,C 7,255,15,C 8,99,18,C 9,203,16,C 10,168,23,C 11,81,33,C 12,307,16,C 13,204,32,C 14,152,33,C 15,307,30,C 16,358,13,C 17,84,19,C 18,374,19,C 19,358,34,C 20,255,36
,437,20,C 1,224,20,C 2,130,22,C 3,279,26,C 4,151,14,C 5,203,13,C 6,99,15,C 7,255,12,C 8,100,30,C 9,307,12,C 10,152,30,C 11,307,27,C 12,204,29,C 13,358,10,C 14,358,26,C 15,255,27,C 16,375,18,C 17,178,9,C 18,87,20,C 19,107,9,C 20,50,21
,438,20,C 1,224,19,C 2,151,11,C 3,130,20,C 4,99,12,C 5,255,8,C 6,203,9,C 7,100,27,C 8,307,8,C 9,307,23,C 10,204,26,C 11,358,7,C 12,152,27,C 13,358,23,C 14,255,24,C 15,50,20,C 16,174,12,C 17,107,6,C 18,372,19,C 19,282,9,C 20,376,6
,439,20,C 1,130,17,C 2,99,8,C 3,151,8,C 4,269,15,C 5,203,6,C 6,224,16,C 7,282,14,C 8,255,5,C 9,307,20,C 10,307,5,C 11,100,24,C 12,358,19,C 13,151,22,C 14,255,21,C 15,50,20,C 16,204,22,C 17,276,1,C 18,372,6,C 19,175,10,C 20,358,4
,440,20,C 1,130,15,C 2,99,5,C 3,280,13,C 4,99,18,C 5,203,4,C 6,151,18,C 7,307,16,C 8,203,17,C 9,223,13,C 10,255,18,C 11,50,19,C 12,358,17,C 13,176,8,C 14,151,5,C 15,107,24,C 16,372,6,C 17,306,3,C 18,254,3,C 19,408,10,C 20,186,15
,441,20,C 1,99,15,C 2,279,10,C 3,151,14,C 4,130,12,C 5,203,13,C 6,51,19,C 7,307,12,C 8,255,13,C 9,229,7,C 10,358,12,C 11,169,11,C 12,373,6,C 13,211,32,C 14,128,2,C 15,99,3,C 16,186,12,C 17,407,10,C 18,325,5,C 19,177,1,C 20,315,18
,442,20,C 1,210,33,C 2,99,11,C 3,203,9,C 4,278,7,C 5,151,10,C 6,130,9,C 7,307,8,C 8,51,18,C 9,255,8,C 10,171,9,C 11,358,12,C 12,185,9,C 13,372,3,C 14,238,6,C 15,225,30,C 16,404,11,C 17,224,6,C 18,141,17,C 19,325,2,C 20,57,4
,443,20,C 1,210,33,C 2,99,6,C 3,203,5,C 4,226,26,C 5,151,5,C 6,52,18,C 7,306,8,C 8,255,4,C 9,358,8,C 10,276,4,C 11,172,6,C 12,129,4,C 13,234,6,C 14,184,6,C 15,373,1,C 16,399,11,C 17,141,12,C 18,70,9,C 19,224,1,C 20,333,4
,444,20,C 1,211,33,C 2,225,26,C 3,254,4,C 4,98,7,C 5,306,3,C 6,201,6,C 7,150,6,C 8,357,2,C 9,54,17,C 10,211,5,C 11,336,1,C 12,272,1,C 13,75,1,C 14,170,10,C 15,237,1,C 16,298,11,C 17,79,12,C 18,124,5,C 19,320,10,C 20,54,1
,445,18,C 1,211,32,C 2,225,26,C 3,152,1,C 4,98,1,C 5,205,1,C 6,251,1,C 7,309,1,C 8,171,5,C 9,78,1,C 10,361,1,C 11,237,1,C 12,134,1,C 13,398,3,C 14,57,1,C 15,113,1,C 16,217,1,C 17,337,1,C 18,321,1
,446,6,C 1,210,32,C 2,225,27,C 3,102,1,C 4,58,1,C 5,92,1,C 6,144,1
,447,2,C 1,210,33,C 2,226,28
,448,2,C 1,211,33,C 2,225,28
,449,2,C 1,210,32,C 2,225,27
,450,2,C 1,210,32,C 2,226,26
,451,2,C 1,211,33,C 2,225,27
,452,2,C 1,211,33,C 2,225,28
,453,2,C 1,211,33,C 2,226,28
,454,2,C 1,210,32,C 2,226,28
,455,2,C 1,210,32,C 2,226,27
,456,2,C 1,210,32,C 2,226,27
,457,2,C 1,211,33,C 2,226,27
,458,2,C 1,211,33,C 2,226,27
,459,2,C 1,210,32,C 2,226,28
,460,2,C 1,210,32,C 2,226,28
,461,2,C 1,211,33,C 2,226,27
,462,2,C 1,211,33,C 2,226,27
,463,2,C 1,211,33,C 2,226,27
,464,2,C 1,210,32,C 2,226,27
,465,2,C 1,210,32,C 2,226,28
,466,2,C 1,210,32,C 2,226,28
,467,2,C 1,211,33,C 2,226,28
,468,2,C 1,211,33,C 2,226,27
,469,2,C 1,211,33,C 2,226,27
,470,2,C 1,211,33,C 2,226,27
,471,2,C 1,211,33,C 2,226,28
,472,2,C 1,211,33,C 2,226,28
,473,2,C 1,211,33,C 2,226,28
,474,2,C 1,211,33,C 2,226,27
,475,2,C 1,211,33,C 2,226,27
,476,2,C 1,211,33,C 2,226,27
,477,2,C 1,211,33,C 2,226,27
,478,2,C 1,211,33,C 2,226,27
,479,2,C 1,210,32,C 2,225,28
,480,2,C 1,210,32,C 2,226,27
,481,2,C 1,210,32,C 2,226,27
,482,2,C 1,211,33,C 2,226,27
,483,2,C 1,211,33,C 2,226,27
,484,2,C 1,210,32,C 2,226,27
,485,2,C 1,210,32,C 2,226,27
,486,2,C 1,210,32,C 2,226,27
,487,2,C 1,211,33,C 2,226,27
,488,2,C 1,210,32,C 2,226,27
,489,2,C 1,210,32,C 2,226,27
,490,2,C 1,210,32,C 2,226,27
,491,2,C 1,210,32,C 2,226,27
,492,2,C 1,210,32,C 2,226,27
,493,2,C 1,210,32,C 2,226,27
,494,2,C 1,210,32,C 2,226,27
,495,2,C 1,210,32,C 2,226,27
,496,2,C 1,211,32,C 2,226,27
,497,2,C 1,210,32,C 2,226,27
,498,2,C 1,210,32,C 2,226,27
,499,2,C 1,210,32,C 2,226,27
,500,2,C 1,210,32,C 2,226,27
,501,2,C 1,210,32,C 2,226,27
,502,2,C 1,210,32,C 2,226,27
,503,2,C 1,210,32,C 2,226,27
,504,2,C 1,210,32,C 2,226,27
,505,2,C 1,210,32,C 2,226,27
,506,2,C 1,210,32,C 2,226,27
,507,17,C 1,210,32,C 2,225,27,C 3,100,1,C 4,153,1,C 5,206,1,C 6,249,1,C 7,310,1,C 8,300,1,C 9,132,1,C 10,77,5,C 11,237,1,C 12,58,1,C 13,394,3,C 14,216,1,C 15,112,1,C 16,351,1,C 17,173,4
,508,20,C 1,210,32,C 2,225,27,C 3,99,5,C 4,150,4,C 5,203,3,C 6,254,2,C 7,306,1,C 8,358,1,C 9,335,1,C 10,237,1,C 11,173,9,C 12,76,1,C 13,276,1,C 14,55,17,C 15,55,1,C 16,87,10,C 17,137,1,C 18,126,4,C 19,163,4,C 20,401,3
,509,20,C 1,210,32,C 2,225,27,C 3,99,5,C 4,54,18,C 5,151,4,C 6,203,4,C 7,357,6,C 8,255,7,C 9,306,7,C 10,173,5,C 11,130,3,C 12,271,4,C 13,245,7,C 14,398,11,C 15,234,5,C 16,141,11,C 17,74,1,C 18,184,5,C 19,380,5,C 20,163,9
,510,20,C 1,210,32,C 2,99,9,C 3,203,7,C 4,277,6,C 5,151,8,C 6,52,18,C 7,306,5,C 8,171,8,C 9,130,7,C 10,255,7,C 11,404,10,C 12,358,11,C 13,373,2,C 14,225,28,C 15,185,8,C 16,237,5,C 17,141,16,C 18,171,18,C 19,325,1,C 20,216,5
,511,20,C 1,99,14,C 2,203,11,C 3,151,13,C 4,279,9,C 5,130,11,C 6,211,33,C 7,51,19,C 8,128,1,C 9,229,6,C 10,255,11,C 11,171,11,C 12,407,10,C 13,307,10,C 14,373,6,C 15,358,10,C 16,186,11,C 17,211,17,C 18,141,20,C 19,325,4,C 20,245,16
,512,20,C 1,130,14,C 2,151,16,C 3,99,17,C 4,280,12,C 5,99,4,C 6,255,16,C 7,307,15,C 8,203,16,C 9,358,14,C 10,224,11,C 11,50,19,C 12,176,7,C 13,151,4,C 14,203,3,C 15,128,4,C 16,373,5,C 17,408,10,C 18,186,14,C 19,238,13,C 20,229,2
,513,20,C 1,281,14,C 2,99,7,C 3,130,16,C 4,151,6,C 5,203,4,C 6,269,15,C 7,228,13,C 8,255,4,C 9,100,23,C 10,307,18,C 11,255,18,C 12,307,5,C 13,358,17,C 14,50,19,C 15,204,20,C 16,151,20,C 17,174,9,C 18,372,6,C 19,272,2,C 20,358,3
,514,20,C 1,131,20,C 2,224,18,C 3,99,10,C 4,100,26,C 5,151,10,C 6,255,8,C 7,307,8,C 8,203,9,C 9,204,24,C 10,268,16,C 11,152,25,C 12,358,5,C 13,50,20,C 14,307,23,C 15,176,12,C 16,358,21,C 17,255,22,C 18,283,14,C 19,373,6,C 20,374,19
,515,20,C 1,225,20,C 2,131,22,C 3,100,15,C 4,152,28,C 5,204,13,C 6,307,10,C 7,100,29,C 8,308,26,C 9,256,27,C 10,280,26,C 11,152,14,C 12,358,9,C 13,359,26,C 14,204,27,C 15,255,12,C 16,169,21,C 17,374,19,C 18,108,8,C 19,212,6,C 20,51,22
,516,20,C 1,225,22,C 2,132,22,C 3,100,18,C 4,280,27,C 5,204,16,C 6,152,17,C 7,169,23,C 8,308,30,C 9,81,32,C 10,256,29,C 11,307,14,C 12,359,30,C 13,100,38,C 14,256,15,C 15,152,31,C 16,86,19,C 17,375,19,C 18,203,37,C 19,359,7,C 20,75,19
,517,20,C 1,225,24,C 2,281,29,C 3,271,31,C 4,204,19,C 5,100,20,C 6,132,23,C 7,168,24,C 8,152,20,C 9,79,32,C 10,76,19,C 11,308,33,C 12,86,20,C 13,307,17,C 14,359,32,C 15,101,36,C 16,256,18,C 17,358,15,C 18,256,32,C 19,152,34,C 20,375,20
,518,20,C 1,226,26,C 2,281,31,C 3,78,32,C 4,152,22,C 5,204,20,C 6,100,23,C 7,271,33,C 8,167,25,C 9,308,35,C 10,175,37,C 11,101,38,C 12,77,20,C 13,256,21,C 14,359,35,C 15,189,31,C 16,307,19,C 17,256,35,C 18,205,36,C 19,51,29,C 20,153,37
,519,20,C 1,226,28,C 2,281,33,C 3,101,41,C 4,153,40,C 5,77,33,C 6,308,22,C 7,205,39,C 8,271,35,C 9,174,38,C 10,256,23,C 11,101,26,C 12,184,39,C 13,152,25,C 14,169,26,C 15,204,24,C 16,359,20,C 17,78,21,C 18,51,31,C 19,375,23,C 20,132,36
,520,20,C 1,227,30,C 2,169,28,C 3,101,28,C 4,282,34,C 5,77,34,C 6,308,23,C 7,174,40,C 8,271,36,C 9,153,42,C 10,205,27,C 11,101,43,C 12,359,21,C 13,153,27,C 14,257,41,C 15,184,41,C 16,133,38,C 17,309,39,C 18,256,25,C 19,205,41,C 20,109,22
,521,20,C 1,227,33,C 2,169,31,C 3,101,32,C 4,282,36,C 5,308,27,C 6,76,35,C 7,132,39,C 8,153,44,C 9,174,43,C 10,205,44,C 11,359,24,C 12,205,30,C 13,272,39,C 14,257,44,C 15,256,28,C 16,153,30,C 17,192,32,C 18,309,43,C 19,52,32,C 20,184,44
,522,20,C 1,227,34,C 2,169,32,C 3,282,37,C 4,101,33,C 5,308,28,C 6,76,36,C 7,359,26,C 8,133,41,C 9,205,31,C 10,256,29,C 11,174,44,C 12,153,32,C 13,53,32,C 14,270,39,C 15,192,33,C 16,257,44,C 17,205,44,C 18,309,44,C 19,153,44,C 20,109,26
,523,20,C 1,227,35,C 2,169,33,C 3,101,34,C 4,282,38,C 5,308,29,C 6,205,33,C 7,133,42,C 8,76,36,C 9,153,32,C 10,359,27,C 11,53,33,C 12,256,31,C 13,270,40,C 14,257,45,C 15,309,45,C 16,109,27,C 17,192,34,C 18,360,45,C 19,79,47,C 20,376,28
,524,20,C 1,227,36,C 2,170,34,C 3,101,34,C 4,205,33,C 5,283,38,C 6,153,35,C 7,133,43,C 8,76,37,C 9,308,30,C 10,359,29,C 11,53,34,C 12,309,44,C 13,191,35,C 14,257,32,C 15,270,40,C 16,360,45,C 17,376,29,C 18,257,45,C 19,78,47,C 20,175,47
,525,20,C 1,228,36,C 2,169,35,C 3,205,33,C 4,153,34,C 5,284,38,C 6,133,43,C 7,101,35,C 8,76,37,C 9,308,31,C 10,53,34,C 11,257,32,C 12,192,36,C 13,359,29,C 14,309,44,C 15,271,41,C 16,360,45,C 17,376,30,C 18,174,47,C 19,77,47,C 20,213,27
,526,20,C 1,227,37,C 2,169,35,C 3,205,34,C 4,153,34,C 5,284,38,C 6,101,35,C 7,133,43,C 8,76,37,C 9,308,31,C 10,53,34,C 11,359,30,C 12,257,32,C 13,270,41,C 14,192,36,C 15,309,44,C 16,374,39,C 17,360,45,C 18,174,47,C 19,77,47,C 20,257,45
,527,20,C 1,228,36,C 2,169,35,C 3,101,35,C 4,205,33,C 5,153,34,C 6,133,43,C 7,284,38,C 8,76,37,C 9,308,31,C 10,53,34,C 11,359,30,C 12,192,36,C 13,270,41,C 14,257,32,C 15,309,44,C 16,376,30,C 17,174,47,C 18,360,45,C 19,78,47,C 20,257,45
,528,20,C 1,227,36,C 2,169,34,C 3,101,34,C 4,283,38,C 5,133,43,C 6,308,30,C 7,205,33,C 8,76,37,C 9,359,28,C 10,153,34,C 11,271,41,C 12,53,34,C 13,192,35,C 14,309,45,C 15,256,31,C 16,109,28,C 17,376,29,C 18,78,47,C 19,213,26,C 20,175,47
,529,20,C 1,169,33,C 2,227,35,C 3,283,37,C 4,101,34,C 5,308,29,C 6,76,36,C 7,133,42,C 8,256,30,C 9,205,32,C 10,53,33,C 11,359,27,C 12,192,34,C 13,270,40,C 14,153,33,C 15,109,27,C 16,309,45,C 17,213,25,C 18,205,44,C 19,78,47,C 20,376,28
,530,20,C 1,169,32,C 2,226,34,C 3,282,37,C 4,76,36,C 5,204,30,C 6,152,32,C 7,132,40,C 8,100,32,C 9,256,29,C 10,52,33,C 11,308,44,C 12,271,40,C 13,205,44,C 14,308,29,C 15,173,44,C 16,191,33,C 17,359,26,C 18,359,43,C 19,153,44,C 20,109,25
,531,20,C 1,226,33,C 2,168,31,C 3,282,36,C 4,204,29,C 5,152,30,C 6,100,31,C 7,76,35,C 8,132,40,C 9,173,43,C 10,308,43,C 11,272,39,C 12,359,43,C 13,52,32,C 14,256,28,C 15,307,27,C 16,192,32,C 17,256,43,C 18,183,44,C 19,360,20,C 20,101,44
,532,20,C 1,226,32,C 2,100,29,C 3,282,35,C 4,167,30,C 5,204,28,C 6,76,35,C 7,174,42,C 8,152,29,C 9,307,25,C 10,271,38,C 11,132,39,C 12,308,43,C 13,256,42,C 14,152,43,C 15,358,23,C 16,204,43,C 17,359,41,C 18,101,44,C 19,51,32,C 20,257,21
,533,20,C 1,226,30,C 2,281,34,C 3,168,28,C 4,100,28,C 5,77,34,C 6,307,23,C 7,173,40,C 8,204,26,C 9,270,36,C 10,183,41,C 11,152,42,C 12,358,22,C 13,152,27,C 14,100,43,C 15,204,41,C 16,256,41,C 17,132,38,C 18,308,40,C 19,51,31,C 20,255,24
,534,20,C 1,226,28,C 2,280,33,C 3,100,26,C 4,77,33,C 5,168,26,C 6,307,21,C 7,173,38,C 8,183,39,C 9,204,24,C 10,152,40,C 11,100,40,C 12,358,20,C 13,152,25,C 14,204,39,C 15,256,39,C 16,77,21,C 17,131,35,C 18,255,23,C 19,308,38,C 20,50,31
,535,20,C 1,224,27,C 2,281,31,C 3,77,32,C 4,100,24,C 5,271,33,C 6,307,19,C 7,173,36,C 8,100,39,C 9,152,37,C 10,183,37,C 11,168,24,C 12,204,36,C 13,358,17,C 14,76,20,C 15,256,37,C 16,255,20,C 17,204,22,C 18,151,22,C 19,359,35,C 20,50,30
,536,20,C 1,224,25,C 2,280,29,C 3,79,32,C 4,100,36,C 5,307,17,C 6,166,24,C 7,151,20,C 8,204,34,C 9,255,18,C 10,152,35,C 11,76,19,C 12,99,21,C 13,358,15,C 14,203,19,C 15,131,22,C 16,307,32,C 17,188,30,C 18,376,19,C 19,256,34,C 20,50,29
,537,20,C 1,225,22,C 2,131,23,C 3,271,29,C 4,151,17,C 5,100,34,C 6,255,15,C 7,307,15,C 8,203,16,C 9,99,18,C 10,204,31,C 11,80,32,C 12,168,23,C 13,152,32,C 14,358,12,C 15,307,29,C 16,358,29,C 17,375,19,C 18,84,19,C 19,190,24,C 20,255,30
,538,20,C 1,130,20,C 2,223,19,C 3,151,11,C 4,99,12,C 5,203,10,C 6,255,9,C 7,100,27,C 8,204,25,C 9,307,10,C 10,358,7,C 11,307,23,C 12,152,26,C 13,358,22,C 14,255,24,C 15,50,20,C 16,282,9,C 17,169,19,C 18,372,19,C 19,107,6,C 20,177,6
,539,20,C 1,130,17,C 2,99,8,C 3,151,7,C 4,269,15,C 5,282,14,C 6,203,6,C 7,223,16,C 8,255,5,C 9,307,19,C 10,307,5,C 11,100,24,C 12,358,19,C 13,204,21,C 14,255,20,C 15,50,20,C 16,151,22,C 17,372,6,C 18,168,16,C 19,358,4,C 20,276,1
,540,20,C 1,130,15,C 2,99,5,C 3,151,18,C 4,279,13,C 5,307,16,C 6,99,19,C 7,203,4,C 8,255,17,C 9,203,17,C 10,50,19,C 11,229,10,C 12,124,7,C 13,151,4,C 14,358,16,C 15,176,8,C 16,372,6,C 17,408,10,C 18,254,3,C 19,186,15,C 20,217,5
,541,20,C 1,99,15,C 2,130,12,C 3,151,14,C 4,203,13,C 5,279,10,C 6,51,19,C 7,307,11,C 8,255,13,C 9,211,33,C 10,175,5,C 11,230,6,C 12,358,16,C 13,128,2,C 14,373,6,C 15,185,12,C 16,99,3,C 17,406,11,C 18,325,5,C 19,269,5,C 20,232,16
,542,20,C 1,210,33,C 2,99,10,C 3,203,9,C 4,151,10,C 5,278,7,C 6,130,8,C 7,53,19,C 8,307,6,C 9,255,8,C 10,172,9,C 11,358,12,C 12,373,3,C 13,107,16,C 14,404,11,C 15,184,9,C 16,225,30,C 17,238,6,C 18,227,4,C 19,141,17,C 20,325,2
,543,20,C 1,210,33,C 2,99,6,C 3,226,26,C 4,203,4,C 5,151,5,C 6,53,18,C 7,255,4,C 8,306,8,C 9,171,5,C 10,272,4,C 11,130,4,C 12,358,7,C 13,234,6,C 14,399,11,C 15,184,6,C 16,373,1,C 17,141,12,C 18,172,15,C 19,247,17,C 20,333,4
,544,20,C 1,210,32,C 2,225,26,C 3,97,7,C 4,201,5,C 5,54,17,C 6,306,3,C 7,148,7,C 8,255,4,C 9,357,2,C 10,107,7,C 11,336,1,C 12,75,1,C 13,271,1,C 14,170,10,C 15,211,4,C 16,238,1,C 17,298,11,C 18,79,12,C 19,125,5,C 20,55,1
,545,18,C 1,211,32,C 2,225,26,C 3,99,1,C 4,152,1,C 5,204,1,C 6,257,1,C 7,309,1,C 8,173,5,C 9,360,1,C 10,237,1,C 11,133,1,C 12,79,1,C 13,397,3,C 14,57,1,C 15,112,1,C 16,216,1,C 17,336,1,C 18,320,1
,546,5,C 1,210,32,C 2,225,27,C 3,58,1,C 4,103,1,C 5,92,1
,547,2,C 1,211,33,C 2,225,28
,548,2,C 1,210,33,C 2,226,28
,549,2,C 1,211,33,C 2,225,27
,550,2,C 1,210,32,C 2,225,27
,551,2,C 1,211,33,C 2,226,27
,552,2,C 1,211,33,C 2,226,28
,553,2,C 1,211,33,C 2,226,28
,554,2,C 1,210,32,C 2,226,28
