Lap Nr,Point 1,X,Y,Center
1,0,771.0219,467.99762
2,0,771.0191,467.9988
3,0,771.01794,467.99847
4,0,771.021,468.0053
5,0,771.0226,468.006
6,0,771.02295,468.00574
7,0,771.02423,468.0095
8,0,771.0274,468.00864
9,0,771.02814,468.00793
10,0,771.03107,468.0084
11,0,771.0317,468.0077
12,0,771.02374,468.00443
13,0,771.0238,468.00458
14,0,771.0223,468.00037
15,0,771.02356,467.9999
16,0,771.02325,468.00006
17,0,771.02673,468.00073
18,0,771.0272,468.00354
19,0,771.0272,468.00348
20,0,771.0312,468.00406
21,0,771.0291,468.00424
22,0,771.0291,468.00424
23,0,771.0291,468.00424
24,0,771.01556,468.0057
25,0,771.01556,468.0057
26,0,771.01556,468.0057
27,0,771.0098,467.99725
28,0,771.01294,468.00107
29,0,771.014,467.99933
30,0,771.01,468.00467
31,0,771.00916,468.0017
32,0,771.00916,468.00183
33,0,771.00916,468.00183
34,0,771.0095,468.00485
35,0,771.0097,468.0046
36,0,771.0106,467.9929
37,0,771.017,468.00018
38,0,771.01697,468.00012
39,0,771.01697,468.00012
40,0,771.02203,467.9976
41,0,771.0221,467.99606
42,0,771.0221,467.99606
43,0,771.0221,467.99606
44,0,771.02216,467.99564
45,0,771.02203,467.99567
46,0,771.02203,467.99567
47,0,771.0244,467.998
48,0,771.0237,468.00327
49,0,771.0236,468.00314
50,0,771.0199,468.00443
51,0,771.0199,468.0043
52,0,771.0199,468.0043
53,0,771.0199,468.0043
54,0,771.02295,467.99963
55,0,771.0232,467.99817
56,0,771.0232,467.99817
57,0,771.0185,468.00076
58,0,771.0185,468.00073
59,0,771.0185,468.00073
60,0,771.01263,467.98758
61,0,771.01263,467.98758
62,0,771.01263,467.98758
63,0,771.01263,467.98758
64,0,771.0177,467.98865
65,0,771.0182,467.98962
66,0,771.0182,467.98965
67,0,771.02155,467.99222
68,0,771.02136,467.99307
69,0,771.0219,467.99405
70,0,771.0235,467.99368
71,0,771.02344,467.99405
72,0,771.00665,467.99506
73,0,771.00507,467.99545
74,0,771.0112,467.99722
75,0,771.0113,467.9971
76,0,771.0114,467.9966
77,0,771.0166,467.99
78,0,771.0158,467.98975
79,0,771.0158,467.98975
80,0,771.01514,467.99124
81,0,771.0146,467.9919
82,0,771.0146,467.9919
83,0,771.0146,467.9919
84,0,771.0131,467.99896
85,0,771.013,467.99875
86,0,771.013,467.99875
87,0,771.01874,467.99713
88,0,771.01984,467.99707
89,0,771.01984,467.99707
90,0,771.01984,467.99707
91,0,771.00604,468.00452
92,0,771.0071,468.00702
93,0,771.0066,468.00687
94,0,771.0184,467.98376
95,0,771.02057,467.9839
96,0,771.0391,467.96674
97,0,771.0469,467.9777
98,0,771.0467,467.97833
99,0,771.04626,467.97815
100,0,771.04626,467.97815
101,0,771.0338,467.99237
102,0,771.03516,467.99014
103,0,771.03516,467.99014
104,0,771.0381,467.98514
105,0,771.03754,467.9853
106,0,771.03754,467.9853
107,0,771.03754,467.9853
108,0,771.05255,468.00092
109,0,771.05255,468.00092
110,0,771.05255,468.00092
111,0,771.0388,468.00043
112,0,771.0385,467.99725
113,0,771.03784,467.99725
114,0,771.031,468.00378
115,0,771.031,468.00378
116,0,771.031,468.00378
117,0,771.031,468.00378
118,0,771.0093,468.0029
119,0,771.00964,468.00253
120,0,771.0008,467.99557
121,0,771.0005,467.9912
122,0,771.0009,467.9908
123,0,771.00085,467.9908
124,0,771.00085,467.9908
125,0,771.0162,467.99823
126,0,771.0199,467.99765
127,0,771.0208,467.9976
128,0,770.9951,468.01764
129,0,770.9934,468.01904
130,0,770.9934,468.01904
131,0,770.9934,468.01904
132,0,770.978,468.01645
133,0,770.9778,468.01645
134,0,770.9778,468.01645
135,0,770.9756,468.0168
136,0,770.9756,468.01694
137,0,770.9756,468.01694
138,0,770.9756,468.01694
139,0,770.9691,467.9935
140,0,770.971,467.99048
141,0,770.971,467.99048
142,0,770.97144,467.99362
143,0,770.9714,467.9934
144,0,770.9734,467.9721
145,0,770.97174,467.9722
146,0,770.9608,467.99014
147,0,770.96027,467.99042
148,0,770.96027,467.99042
149,0,770.9814,468.01083
150,0,770.9813,468.01172
151,0,770.9814,468.01175
152,0,770.9814,468.01175
153,0,770.9744,468.0061
154,0,770.9744,468.00977
155,0,770.97406,468.01028
156,0,770.95966,468.00986
157,0,770.9536,468.00327
158,0,770.9536,468.00327
159,0,770.9536,468.00327
160,0,770.9545,467.99982
161,0,770.95544,467.9982
162,0,770.95544,467.99823
163,0,770.95544,467.99823
164,0,770.9559,467.9901
165,0,770.9559,467.9901
166,0,770.9559,467.9901
167,0,770.9405,467.98602
168,0,770.9215,467.97296
169,0,770.92163,467.97284
170,0,770.92163,467.97284
171,0,770.93427,467.9776
172,0,770.93536,467.97556
173,0,770.93536,467.9755
174,0,770.93536,467.9755
175,0,770.93604,467.9725
176,0,770.936,467.9724
177,0,770.936,467.9724
178,0,770.9521,467.98746
179,0,770.9519,467.9874
180,0,770.96075,468.00644
181,0,770.9606,468.00644
182,0,770.9581,468.00208
183,0,770.9587,468.00165
184,0,770.9586,468.0017
185,0,770.9586,468.0017
186,0,770.9608,468.00104
187,0,770.9611,467.9998
188,0,770.96136,467.99966
189,0,770.96106,468.00024
190,0,770.96124,468.00018
191,0,770.96136,468.00006
192,0,770.94684,467.98047
193,0,770.9475,467.99408
194,0,770.94604,467.99664
195,0,770.94604,467.99664
196,0,770.94604,467.99664
197,0,770.93695,467.98724
198,0,770.9364,467.98758
199,0,770.9364,467.9875
200,0,770.94244,467.99924
201,0,770.9427,467.99884
202,0,770.9426,467.99893
203,0,770.9426,467.99893
204,0,770.8429,468.0125
205,0,770.8425,468.01254
206,0,770.8425,468.01254
207,0,770.8425,468.01254
208,0,770.8708,467.99222
209,0,770.871,467.9923
210,0,770.8709,467.99237
211,0,770.8709,467.99237
212,0,770.9271,468.0032
213,0,770.92426,468.00323
214,0,770.9242,468.00323
215,0,770.9185,467.99823
216,0,770.90564,467.9994
217,0,770.90564,467.9994
218,0,770.90564,467.9994
219,0,770.93195,468.00497
220,0,770.93274,468.00436
221,0,770.93274,468.00436
222,0,770.93274,468.00436
223,0,770.9318,468.00424
224,0,770.933,468.0035
225,0,770.9329,468.0029
226,0,770.9329,468.0029
227,0,770.9309,467.99933
228,0,770.91876,467.97876
229,0,770.9151,467.97876
230,0,770.9187,467.97598
231,0,770.9198,467.9763
232,0,770.9199,467.9763
233,0,770.9199,467.97632
234,0,770.92126,467.98685
235,0,770.9291,467.9962
236,0,770.9291,467.9962
237,0,770.9291,467.9962
238,0,770.9287,467.99396
239,0,770.9285,467.9939
240,0,770.9179,468.0148
241,0,770.9179,468.01477
242,0,770.93225,468.013
243,0,770.9315,468.01163
244,0,770.93146,468.01166
245,0,770.9258,468.01834
246,0,770.92725,468.01706
247,0,770.92725,468.01703
248,0,770.9273,468.01703
249,0,770.928,468.0179
250,0,770.9287,468.01706
251,0,770.9287,468.01706
252,0,770.9157,468.01654
253,0,770.9284,468.01978
254,0,770.9296,468.0187
255,0,770.9296,468.01883
256,0,770.9308,468.01474
257,0,770.93146,468.01413
258,0,770.9314,468.01416
259,0,770.9316,468.01416
260,0,770.9269,468.0002
261,0,770.92566,467.99826
262,0,770.9257,467.99826
263,0,770.9257,467.99832
264,0,770.9587,467.99545
265,0,770.95667,467.99548
266,0,770.9565,467.99545
267,0,770.9565,467.99545
268,0,770.95746,467.99863
269,0,770.95703,468.00043
270,0,770.95703,468.00034
271,0,770.9544,468.0018
272,0,770.95404,468.0018
273,0,770.95416,468.00134
274,0,770.95416,468.00134
275,0,770.9661,468.0012
276,0,770.9756,467.99454
277,0,770.9755,467.99457
278,0,770.9755,467.99457
279,0,770.9745,468.0061
280,0,770.97455,468.00598
281,0,770.9746,468.00592
282,0,770.9732,468.01093
283,0,770.97406,468.01
284,0,770.97406,468.01
285,0,770.97406,468.01
286,0,770.9935,468.03662
287,0,770.9936,468.0366
288,0,771.0131,468.04517
289,0,771.0114,468.04523
290,0,771.01215,468.0297
291,0,771.01385,468.03018
292,0,771.01385,468.03015
293,0,771.0672,468.01593
294,0,771.06903,468.0151
295,0,771.0691,468.01508
296,0,771.0691,468.01508
297,0,771.1052,468.00314
298,0,771.1076,468.00372
299,0,771.1087,468.00452
300,0,771.11273,468.001
301,0,771.14276,467.99515
302,0,771.1434,467.9969
303,0,771.1433,467.99692
304,0,771.1725,467.9991
305,0,771.1723,467.9989
306,0,771.1723,467.9989
307,0,771.1723,467.9989
308,0,771.18976,467.97458
309,0,771.1897,467.9746
310,0,771.1897,467.97452
311,0,771.1897,467.97458
312,0,771.2015,467.98178
313,0,771.2015,467.98178
314,0,771.2015,467.98178
315,0,771.2015,467.98178
316,0,771.2051,467.98938
317,0,771.203,467.99222
318,0,771.203,467.99222
319,0,771.2068,467.99265
320,0,771.2076,467.99304
321,0,771.2077,467.99295
322,0,771.2077,467.99295
323,0,771.21893,468.00296
324,0,771.2357,468.01028
325,0,771.2358,468.0104
326,0,771.2358,468.0104
327,0,771.2399,468.01062
328,0,771.24146,468.01016
329,0,771.24146,468.01016
330,0,771.24146,468.01016
331,0,771.24097,467.99704
332,0,771.24274,467.99832
333,0,771.2428,467.99826
334,0,771.24286,467.9906
335,0,771.24634,467.9918
336,0,771.2347,467.97592
337,0,771.2347,467.97592
338,0,771.2314,467.98782
339,0,771.2347,467.98468
340,0,771.2347,467.98462
341,0,771.2347,467.98462
342,0,771.2408,467.99323
343,0,771.2371,467.99188
344,0,771.23706,467.99185
345,0,771.23706,467.99185
346,0,771.23444,467.99188
347,0,771.23486,467.99225
348,0,771.21216,467.99908
349,0,771.22095,467.9971
350,0,771.2207,467.99695
351,0,771.22076,467.99698
352,0,771.22076,467.99698
353,0,771.21924,467.99985
354,0,771.2189,467.999
355,0,771.21893,467.9989
356,0,771.21893,467.9989
357,0,771.27606,468.01865
358,0,771.27606,468.01974
359,0,771.27606,468.0197
360,0,771.29456,468.03928
361,0,771.38605,468.04666
362,0,771.3846,468.04553
363,0,771.3846,468.04553
364,0,771.28595,468.03632
365,0,771.28613,468.0349
366,0,771.2859,468.0351
367,0,771.2859,468.0351
368,0,771.2186,468.0077
369,0,771.21246,468.01
370,0,771.2125,468.00998
371,0,771.2125,468.00998
372,0,771.1722,467.9863
373,0,771.1722,467.98633
374,0,771.1722,467.98633
375,0,771.1722,467.98633
376,0,771.1722,467.9812
377,0,771.17194,467.98242
378,0,771.172,467.9844
379,0,771.172,467.9844
380,0,771.17487,467.98828
381,0,771.1744,467.9883
382,0,771.17633,467.98822
383,0,771.17633,467.98822
384,0,771.15515,467.98343
385,0,771.1551,467.9834
386,0,771.1551,467.9834
387,0,771.1542,467.97968
388,0,771.15607,467.98184
389,0,771.15607,467.98178
390,0,771.15607,467.98178
391,0,771.1769,467.9716
392,0,771.17664,467.97183
393,0,771.17664,467.97183
394,0,771.17664,467.97183
395,0,771.1744,467.97113
396,0,771.181,467.9807
397,0,771.181,467.9807
398,0,771.181,467.9807
399,0,771.15485,467.97992
400,0,771.15686,467.9787
401,0,771.15686,467.9787
402,0,771.17737,467.97702
403,0,771.1773,467.97705
404,0,771.17725,467.97708
405,0,771.17737,467.97702
406,0,771.18463,467.97858
407,0,771.18616,467.97876
408,0,771.1854,467.983
409,0,771.1855,467.98303
410,0,771.21466,467.97662
411,0,771.2143,467.97656
412,0,771.21436,467.97653
413,0,771.21436,467.97653
414,0,771.21405,467.9773
415,0,771.21387,467.97723
416,0,771.2137,467.97705
417,0,771.2137,467.97705
418,0,771.25446,467.97385
419,0,771.25653,467.97446
420,0,771.2771,467.96634
421,0,771.2799,467.9745
422,0,771.27985,467.97452
423,0,771.27985,467.97452
424,0,771.27985,467.97452
425,0,771.2766,467.97232
426,0,771.277,467.97217
427,0,771.27704,467.97244
428,0,771.27704,467.97244
429,0,771.3294,467.95877
430,0,771.32794,467.95923
431,0,771.3284,467.9579
432,0,771.47217,467.92267
433,0,771.47217,467.9226
434,0,771.47217,467.9226
435,0,771.47217,467.9226
436,0,771.8634,467.8277
437,0,771.86365,467.82648
438,0,771.8651,467.82553
439,0,771.8651,467.82553
440,0,772.19354,467.8328
441,0,772.19476,467.8329
442,0,772.19476,467.8329
443,0,772.1947,467.83295
444,0,772.10156,468.01517
445,0,772.1015,468.0151
446,0,772.1015,468.0151
447,0,776.8738,468.82553
448,0,776.87213,468.82312
449,0,776.8738,468.82608
450,0,776.8738,468.82608
451,0,782.37115,471.64563
452,0,782.371,471.64658
453,0,782.371,471.64658
454,0,782.371,471.6466
455,0,786.1685,474.51965
456,0,786.1773,474.5263
457,0,786.1773,474.5264
458,0,787.9336,476.48102
459,0,787.93225,476.48236
460,0,787.9319,476.48004
461,0,787.9319,476.48004
462,0,788.77356,477.44495
463,0,788.7784,477.44077
464,0,788.7748,477.44397
465,0,788.7748,477.44397
466,0,789.139,477.89127
467,0,789.1394,477.89108
468,0,789.14014,477.92627
469,0,789.3985,478.3172
470,0,789.39685,478.31998
471,0,789.39734,478.3183
472,0,789.39734,478.3183
473,0,789.6041,478.59982
474,0,789.60425,478.59918
475,0,789.60394,478.59933
476,0,789.6694,478.68912
477,0,789.6695,478.69064
478,0,789.67236,478.68927
479,0,789.67236,478.68927
480,0,789.6037,478.80792
481,0,789.6037,478.80792
482,0,789.6037,478.80792
483,0,789.6037,478.80792
484,0,789.63794,479.40988
485,0,789.6386,479.40872
486,0,789.63873,479.40863
487,0,789.63873,479.40863
488,0,790.35547,480.6627
489,0,790.3542,480.6625
490,0,790.3536,480.6615
491,0,791.4274,482.276
492,0,791.4315,482.28162
493,0,791.43146,482.2816
494,0,791.43146,482.2816
495,0,792.3914,484.35175
496,0,792.3887,484.3514
497,0,792.3887,484.34918
498,0,793.63763,487.15485
499,0,793.6381,487.15616
500,0,793.63806,487.15625
501,0,793.63806,487.15625
502,0,795.54504,492.24896
503,0,795.54156,492.2472
504,0,795.53815,492.24146
505,0,795.53815,492.24146
506,0,796.04956,496.05847
507,0,796.04706,496.0593
508,0,796.04706,496.0593
509,0,796.0646,498.6132
510,0,796.06354,498.61343
511,0,796.0637,498.6134
512,0,796.0637,498.6134
513,0,795.94476,500.32492
514,0,795.94635,500.3248
515,0,795.9464,500.32465
516,0,795.9253,500.335
517,0,795.8192,501.09097
518,0,795.8187,501.09357
519,0,795.81866,501.09378
520,0,796.0214,500.90967
521,0,796.0196,500.90945
522,0,796.01953,500.9095
523,0,796.01953,500.90952
524,0,796.36536,500.0135
525,0,796.3646,500.0134
526,0,796.3647,500.01337
527,0,796.36456,500.01334
528,0,796.44507,498.38052
529,0,796.44507,498.38052
530,0,796.44507,498.38052
531,0,796.4323,495.64926
532,0,796.4297,495.65
533,0,796.4308,495.6502
534,0,796.4308,495.6502
535,0,796.09216,491.50375
536,0,796.089,491.50427
537,0,796.0864,491.50626
538,0,796.0862,491.50644
539,0,793.66364,486.02176
540,0,793.6748,486.0121
541,0,793.6748,486.0121
542,0,791.205,482.3364
543,0,791.2045,482.33734
544,0,791.20557,482.33743
545,0,791.20557,482.3374
546,0,789.6851,480.15176
547,0,789.68915,480.15433
548,0,789.68756,480.15448
549,0,789.68756,480.15448
550,0,788.46277,478.4733
551,0,788.462,478.47488
552,0,788.4684,478.4821
553,0,787.64014,477.31604
554,0,787.64185,477.3165
555,0,787.64087,477.3184
556,0,787.64166,477.31653
557,0,787.31885,476.9277
558,0,787.3196,476.92838
559,0,787.3196,476.92838
560,0,787.3196,476.92838
561,0,787.3674,476.9557
562,0,787.3687,476.95712
563,0,787.36896,476.9566
564,0,787.1461,476.75607
565,0,787.1461,476.75607
566,0,787.1461,476.75607
567,0,787.1461,476.75607
568,0,786.8932,476.53214
569,0,786.8926,476.53296
570,0,786.8931,476.5332
571,0,786.8931,476.5332
572,0,786.6743,476.26538
573,0,786.6716,476.26715
574,0,786.67316,476.2655
575,0,786.4529,476.0245
576,0,786.44507,475.9943
577,0,786.44476,475.99435
578,0,786.44476,475.99435
579,0,786.2486,475.7368
580,0,786.24866,475.7362
581,0,786.2488,475.7362
582,0,785.79144,475.42987
583,0,785.7909,475.42966
584,0,785.79083,475.42947
585,0,785.79083,475.42947
586,0,785.6246,475.21683
587,0,785.6237,475.2198
588,0,785.59247,475.2206
589,0,785.5924,475.2207
590,0,785.53406,475.12076
591,0,785.5371,475.119
592,0,785.53577,475.11844
593,0,768.9543,460.77316
594,0,768.9501,460.7722
595,0,768.9475,460.77072
596,0,768.9478,460.77078
597,0,762.2886,458.007
598,0,762.2868,458.00623
599,0,762.2868,458.00516
600,0,763.88934,455.98026
601,0,763.88934,455.98026
602,0,763.88934,455.98026
603,0,763.88934,455.98026
604,0,767.2652,449.37976
605,0,767.27167,449.38165
606,0,767.27185,449.3816
607,0,772.0345,444.24332
608,0,772.0109,444.24255
609,0,772.00806,444.24207
610,0,772.00806,444.24207
611,0,768.9835,443.10654
612,0,769.0075,443.12103
613,0,769.0075,443.12103
614,0,770.0156,441.45105
615,0,770.01587,441.45157
616,0,770.01556,441.45172
617,0,770.01556,441.45172
618,0,769.6147,442.31528
619,0,769.6148,442.31534
620,0,769.6148,442.31534
621,0,770.64624,441.80023
622,0,770.6452,441.80035
623,0,770.6452,441.80035
624,0,770.50867,441.3815
625,0,770.5091,441.38153
626,0,770.5091,441.38153
627,0,770.5091,441.38153
628,0,770.0724,441.5002
629,0,770.0658,441.49802
630,0,770.0706,441.49963
631,0,770.51465,441.5884
632,0,770.52515,441.58902
633,0,770.525,441.58893
634,0,771.0846,441.48828
635,0,771.0905,441.4714
636,0,771.0732,441.45346
637,0,771.0732,441.45346
638,0,770.6485,441.59253
639,0,770.65283,441.59567
640,0,770.65283,441.59567
641,0,770.16016,441.53128
642,0,770.1607,441.5314
643,0,770.1606,441.53195
644,0,770.4167,441.63303
645,0,770.4275,441.63254
646,0,770.4276,441.63248
647,0,770.4276,441.63248
648,0,770.35144,441.6422
649,0,770.35144,441.6422
650,0,770.35144,441.6422
651,0,770.3632,441.58633
652,0,770.3631,441.5864
653,0,770.36316,441.58636
654,0,770.3665,441.62045
655,0,770.3686,441.6242
656,0,770.3686,441.6242
657,0,770.3686,441.6242
658,0,770.3794,441.62387
659,0,770.38135,441.62192
660,0,770.38837,441.6111
661,0,770.39154,441.603
662,0,770.3895,441.6017
663,0,770.3889,441.60144
664,0,770.3756,441.62164
665,0,770.375,441.62198
666,0,770.375,441.62198
667,0,770.383,441.65497
668,0,770.3829,441.655
669,0,770.3829,441.655
670,0,770.3829,441.655
671,0,770.38544,441.6592
672,0,770.3883,441.6711
673,0,770.3883,441.6711
674,0,770.38104,441.60507
675,0,770.3962,441.60522
676,0,770.3962,441.60522
677,0,770.39276,441.58316
678,0,770.38855,441.584
679,0,770.3886,441.58405
680,0,770.3886,441.58405
681,0,770.37836,441.66193
682,0,770.3883,441.6599
683,0,770.3859,441.66052
684,0,770.3844,441.6256
685,0,770.3844,441.6256
686,0,770.3844,441.6256
687,0,770.3902,441.62988
688,0,770.39014,441.62994
689,0,770.39014,441.62994
690,0,770.39014,441.62994
691,0,770.3883,441.61478
692,0,770.38983,441.61566
693,0,770.3898,441.61572
694,0,770.3617,441.61966
695,0,770.3578,441.62134
696,0,770.35486,441.58456
697,0,770.37573,441.6169
698,0,770.376,441.61667
699,0,770.3762,441.6167
700,0,770.3901,441.62262
701,0,770.39,441.62292
702,0,770.39,441.62292
703,0,770.39,441.62292
704,0,770.3836,441.61765
705,0,770.3835,441.61768
706,0,770.3835,441.61768
707,0,770.40234,441.62476
708,0,770.3746,441.58908
709,0,770.3746,441.58908
710,0,770.3656,441.58945
711,0,770.3663,441.58875
712,0,770.3663,441.58875
713,0,770.3663,441.58875
714,0,770.3531,441.61746
715,0,770.3603,441.6262
716,0,770.3603,441.6262
717,0,770.3812,441.64716
718,0,770.4066,441.6488
719,0,770.4066,441.6488
720,0,770.41486,441.66602
721,0,770.41486,441.66602
722,0,770.41486,441.66602
723,0,770.41486,441.66602
724,0,770.4027,441.60126
725,0,770.4057,441.6028
726,0,770.4063,441.6028
727,0,770.42737,441.59668
728,0,770.43445,441.59476
729,0,770.43445,441.59476
730,0,770.4041,441.666
731,0,770.4052,441.67325
732,0,770.3967,441.6744
733,0,770.41284,441.6512
734,0,770.4155,441.65155
735,0,770.41736,441.65097
736,0,770.41736,441.65097
737,0,770.43256,441.62036
738,0,770.418,441.6194
739,0,770.418,441.6194
740,0,770.41644,441.63232
741,0,770.41644,441.63223
742,0,770.41644,441.63223
743,0,770.3997,441.6283
744,0,770.3893,441.58755
745,0,770.3893,441.58755
746,0,770.3893,441.58755
747,0,770.4055,441.607
748,0,770.38885,441.60425
749,0,770.38965,441.603
750,0,770.37805,441.6054
751,0,770.377,441.60425
752,0,770.37634,441.6038
753,0,770.38605,441.57532
754,0,770.3894,441.57718
755,0,770.3896,441.57712
756,0,770.4225,441.62247
757,0,770.4225,441.62247
758,0,770.4225,441.62247
759,0,770.4225,441.62247
760,0,770.43567,441.60754
761,0,770.4326,441.611
762,0,770.4326,441.611
763,0,770.4308,441.60745
764,0,770.42816,441.60645
765,0,770.42816,441.60645
766,0,770.4248,441.6157
767,0,770.4225,441.61578
768,0,770.38367,441.64832
769,0,770.3828,441.64856
770,0,770.3899,441.61636
771,0,770.3795,441.61752
772,0,770.3787,441.61703
773,0,770.3805,441.6135
774,0,770.3805,441.61353
775,0,770.3805,441.61353
776,0,770.38776,441.61377
777,0,770.38745,441.6138
778,0,770.3867,441.61298
779,0,770.3868,441.6127
780,0,770.4076,441.585
781,0,770.40735,441.58514
782,0,770.40735,441.58514
783,0,770.43646,441.63177
784,0,770.4362,441.63165
785,0,770.4362,441.63165
786,0,770.4217,441.6302
787,0,770.4225,441.63068
788,0,770.4225,441.63068
789,0,770.4225,441.63068
790,0,770.4038,441.58847
791,0,770.39996,441.58856
792,0,770.3576,441.57397
793,0,770.45294,441.6561
794,0,770.4589,441.6549
795,0,770.4589,441.6549
796,0,770.33887,441.9206
797,0,770.3397,441.91995
798,0,770.3397,441.91995
799,0,770.3397,441.91995
800,0,770.2866,442.0717
801,0,770.315,442.06995
802,0,770.299,442.07205
803,0,770.28253,441.94495
804,0,770.21606,441.89856
805,0,770.21625,441.89853
806,0,770.3878,441.51648
807,0,770.3875,441.51648
808,0,770.3875,441.51648
809,0,770.3875,441.51648
810,0,770.2977,441.9721
811,0,770.30255,441.9706
812,0,770.29205,441.973
813,0,770.1825,442.03528
814,0,770.196,442.03427
815,0,770.1962,442.0336
816,0,770.2145,441.78024
817,0,770.2145,441.78024
818,0,770.2145,441.78024
819,0,770.2145,441.78024
820,0,770.3149,441.50064
821,0,770.3196,441.49982
822,0,770.32074,441.50052
823,0,770.31775,441.55597
824,0,770.3175,441.55594
825,0,770.3175,441.55594
826,0,770.3175,441.55594
827,0,770.3403,441.5656
828,0,770.30536,441.56992
829,0,770.30536,441.56992
830,0,770.3089,441.53827
831,0,770.31085,441.5381
832,0,770.31085,441.5381
833,0,770.29926,441.49734
834,0,770.2945,441.49472
835,0,770.2966,441.49554
836,0,770.2966,441.49554
837,0,770.2962,441.55438
838,0,770.2986,441.56238
839,0,770.2986,441.56238
840,0,770.3006,441.53384
841,0,770.3006,441.53384
842,0,770.3006,441.53384
843,0,770.29956,441.54514
844,0,770.29974,441.5452
845,0,770.29974,441.54514
846,0,770.29974,441.54514
847,0,770.2972,441.53687
848,0,770.30035,441.53836
849,0,770.30035,441.53836
850,0,770.3142,441.54453
851,0,770.3176,441.544
852,0,770.3229,441.5465
853,0,770.33014,441.5407
854,0,770.3302,441.54074
855,0,770.33014,441.5407
856,0,770.33014,441.5407
857,0,770.3333,441.50433
858,0,770.33716,441.49945
859,0,770.33685,441.4995
860,0,770.3068,441.4916
861,0,770.30597,441.49243
862,0,770.30597,441.49243
863,0,770.301,441.53287
864,0,770.3085,441.5532
865,0,770.3085,441.5532
866,0,770.3085,441.5532
867,0,770.2898,441.56104
868,0,770.2891,441.56
869,0,770.2891,441.56
870,0,770.2965,441.55902
871,0,770.3034,441.55707
872,0,770.28796,441.55847
873,0,770.30145,441.54163
874,0,770.3015,441.54208
875,0,770.3015,441.54208
876,0,770.2589,441.54343
877,0,770.2782,441.49216
878,0,770.2784,441.49228
879,0,770.2784,441.49228
880,0,770.28375,441.56516
881,0,770.28375,441.56516
882,0,770.28375,441.56516
883,0,770.28375,441.56516
884,0,770.2656,441.55692
885,0,770.2658,441.5569
886,0,770.2658,441.5569
887,0,770.2415,441.47565
888,0,770.19446,441.44974
889,0,770.19446,441.44974
890,0,770.24866,441.4519
891,0,770.24567,441.45172
892,0,770.24567,441.45172
893,0,770.24567,441.45172
894,0,770.22955,441.47803
895,0,770.22235,441.47723
896,0,770.22235,441.47723
897,0,770.2511,441.49786
898,0,770.25275,441.49847
899,0,770.25275,441.49847
900,0,770.25073,441.45117
901,0,770.25073,441.45117
902,0,770.25073,441.45117
903,0,770.25073,441.45117
904,0,770.2297,441.4349
905,0,770.2325,441.4363
906,0,770.2325,441.4363
907,0,770.2239,441.45288
908,0,770.2395,441.4532
909,0,770.2395,441.4532
910,0,770.2395,441.4532
911,0,770.2205,441.4479
912,0,770.2402,441.44067
913,0,770.2402,441.44067
914,0,770.2584,441.464
915,0,770.25525,441.46597
916,0,770.25525,441.46597
917,0,770.25525,441.46597
918,0,770.25836,441.49686
919,0,770.2581,441.5034
920,0,770.2581,441.5034
921,0,770.29047,441.55402
922,0,770.286,441.55176
923,0,770.28577,441.5518
924,0,770.31836,441.5529
925,0,770.31195,441.5723
926,0,770.3156,441.5776
927,0,770.31525,441.57776
928,0,770.3283,441.54556
929,0,770.31757,441.54764
930,0,770.3177,441.54788
931,0,770.3177,441.54788
932,0,770.2857,441.54364
933,0,770.2854,441.54376
934,0,770.2854,441.54376
935,0,770.26904,441.641
936,0,770.28,441.67505
937,0,770.28,441.67505
938,0,770.28,441.67505
939,0,770.2914,441.64127
940,0,770.29126,441.6416
941,0,770.2914,441.64163
942,0,770.28033,441.64688
943,0,770.2803,441.6469
944,0,770.2803,441.6469
945,0,770.2803,441.6469
946,0,770.31995,441.57394
947,0,770.29205,441.57214
948,0,770.3382,441.54718
949,0,770.32684,441.56525
950,0,770.32684,441.56525
951,0,770.32684,441.56525
952,0,770.32684,441.56525
953,0,770.33215,441.55338
954,0,770.3306,441.55246
955,0,770.3306,441.55246
956,0,770.32245,441.5773
957,0,770.3228,441.57736
958,0,770.3228,441.57736
959,0,770.3228,441.57736
960,0,770.36035,441.5885
961,0,770.3599,441.58868
962,0,770.3584,441.5877
963,0,770.3584,441.5877
964,0,770.3486,441.5973
965,0,770.3456,441.60254
966,0,770.3456,441.60254
967,0,770.35394,441.60556
968,0,770.3537,441.60468
969,0,770.3537,441.60468
970,0,770.3537,441.60468
971,0,770.3475,441.60007
972,0,770.31067,441.59027
973,0,770.31067,441.59027
974,0,770.31067,441.59027
975,0,770.3018,441.58975
976,0,770.3016,441.5897
977,0,770.3016,441.5897
978,0,770.2966,441.57602
979,0,770.2966,441.57602
980,0,770.2966,441.57602
981,0,770.2966,441.57602
982,0,770.2979,441.5761
983,0,770.29944,441.5772
984,0,770.3246,441.55313
985,0,770.3246,441.55313
986,0,770.3074,441.58755
987,0,770.306,441.59213
988,0,770.3061,441.59225
989,0,770.31494,441.57907
990,0,770.3144,441.58487
991,0,770.3144,441.58487
992,0,770.3144,441.58487
993,0,770.3049,441.62674
994,0,770.3069,441.628
995,0,770.3069,441.628
996,0,770.32654,441.6442
997,0,770.30365,441.64606
998,0,770.3093,441.64636
999,0,770.3093,441.64636
1000,0,770.30774,441.61942
1001,0,770.3082,441.61996
1002,0,770.30756,441.62006
1003,0,770.30756,441.62006
1004,0,770.2819,441.6847
1005,0,770.2838,441.68542
1006,0,770.2887,441.6857
1007,0,770.275,441.68622
1008,0,770.16656,441.7498
1009,0,770.16656,441.7498
1010,0,770.16656,441.7498
1011,0,770.16656,441.7498
1012,0,770.22986,441.6706
1013,0,770.2242,441.66516
1014,0,770.2241,441.6651
1015,0,770.2116,441.68344
1016,0,770.2115,441.68338
1017,0,770.2115,441.68338
1018,0,770.2115,441.68338
1019,0,770.2135,441.6649
1020,0,770.3117,441.65366
1021,0,770.3117,441.65366
1022,0,770.3117,441.65366
1023,0,770.2929,441.69437
1024,0,770.29297,441.69434
1025,0,770.2928,441.69427
1026,0,770.2928,441.69427
1027,0,770.29486,441.67093
1028,0,770.29095,441.66635
1029,0,770.2968,441.66583
1030,0,770.27496,441.68668
1031,0,770.2494,441.6778
1032,0,770.25,441.71127
1033,0,770.25,441.71127
1034,0,770.2555,441.6903
1035,0,770.25543,441.6904
1036,0,770.25543,441.6904
1037,0,770.25543,441.6904
1038,0,770.2769,441.67865
1039,0,770.2806,441.67462
1040,0,770.28485,441.67462
1041,0,770.28925,441.67676
1042,0,770.29486,441.67657
1043,0,770.2948,441.67657
1044,0,770.25903,441.69
1045,0,770.27545,441.6384
1046,0,770.2771,441.64014
1047,0,770.2769,441.6403
1048,0,770.2769,441.6403
1049,0,770.26154,441.67212
1050,0,770.26154,441.67212
1051,0,770.26154,441.67212
1052,0,770.26154,441.67212
1053,0,770.27466,441.63358
1054,0,770.2764,441.6333
1055,0,770.27905,441.63205
1056,0,770.3146,441.60776
1057,0,770.3146,441.60776
1058,0,770.3146,441.60776
1059,0,770.3146,441.60776
1060,0,770.29987,441.632
1061,0,770.294,441.6293
1062,0,770.294,441.6293
1063,0,770.294,441.6293
1064,0,770.31036,441.60724
1065,0,770.30524,441.60822
1066,0,770.30524,441.60822
1067,0,770.2925,441.61008
1068,0,770.3122,441.6149
1069,0,770.3122,441.6149
1070,0,770.3122,441.6149
1071,0,770.311,441.61166
1072,0,770.29584,441.6189
1073,0,770.29584,441.6189
1074,0,770.29584,441.6189
1075,0,770.2749,441.6299
1076,0,770.27325,441.63107
1077,0,770.27325,441.63107
1078,0,770.27325,441.63107
1079,0,770.2273,441.60608
1080,0,770.25415,441.59195
1081,0,770.25415,441.59195
1082,0,770.2512,441.55307
1083,0,770.25287,441.55273
1084,0,770.25287,441.55273
1085,0,770.25287,441.55273
1086,0,770.28864,441.49045
1087,0,770.28265,441.4877
1088,0,770.28455,441.4885
1089,0,770.28455,441.4885
1090,0,770.30286,441.45523
1091,0,770.3024,441.4546
1092,0,770.2717,441.4314
1093,0,770.25793,441.44412
1094,0,770.25745,441.4442
1095,0,770.2582,441.44418
1096,0,770.2582,441.44418
1097,0,770.28076,441.4199
1098,0,770.28015,441.41983
1099,0,770.28015,441.41983
1100,0,770.28015,441.41983
1101,0,770.3102,441.40756
1102,0,770.31024,441.40744
1103,0,770.3085,441.4066
1104,0,770.2779,441.40323
1105,0,770.2689,441.3893
1106,0,770.2471,441.39313
1107,0,770.2474,441.3931
1108,0,770.21313,441.3889
1109,0,770.2129,441.38895
1110,0,770.2129,441.38895
1111,0,770.2129,441.38895
1112,0,770.27295,441.35474
1113,0,770.27606,441.35837
1114,0,770.2729,441.35474
1115,0,770.2729,441.35474
1116,0,770.19257,441.29
1117,0,770.19293,441.29083
1118,0,770.19305,441.29083
1119,0,770.212,441.28708
1120,0,770.21454,441.28784
1121,0,770.21454,441.28802
1122,0,770.21454,441.28802
1123,0,770.2194,441.2841
1124,0,770.22577,441.2835
1125,0,770.22614,441.28354
1126,0,770.22614,441.28354
1127,0,770.2809,441.2616
1128,0,770.27985,441.24622
1129,0,770.27924,441.24664
1130,0,770.27924,441.24667
1131,0,770.2455,441.28732
1132,0,770.2484,441.28806
1133,0,770.2484,441.28806
1134,0,770.2268,441.2918
1135,0,770.23584,441.29572
1136,0,770.22943,441.294
1137,0,770.22943,441.294
1138,0,770.24225,441.2919
1139,0,770.2445,441.29248
1140,0,770.2069,441.3098
1141,0,770.20667,441.3098
1142,0,770.20685,441.31573
1143,0,770.2088,441.31287
1144,0,770.2088,441.31287
1145,0,770.2088,441.31287
1146,0,770.1999,441.29816
1147,0,770.20166,441.29858
1148,0,770.20166,441.29858
1149,0,770.22894,441.30685
1150,0,770.22906,441.30676
1151,0,770.22906,441.30676
1152,0,770.2414,441.30762
1153,0,770.24316,441.29544
1154,0,770.2456,441.29608
1155,0,770.2456,441.29608
1156,0,770.2456,441.29608
1157,0,770.2442,441.29745
1158,0,770.24493,441.29343
1159,0,770.24493,441.29343
1160,0,770.24493,441.29343
1161,0,770.2394,441.29944
1162,0,770.2393,441.29944
1163,0,770.2393,441.29944
1164,0,770.25055,441.3087
1165,0,770.2502,441.30545
1166,0,770.2504,441.30542
1167,0,770.2504,441.30542
1168,0,770.2555,441.30383
1169,0,770.25525,441.30264
1170,0,770.25525,441.30264
1171,0,770.25525,441.30264
1172,0,770.2401,441.29813
1173,0,770.22644,441.29895
1174,0,770.23425,441.30032
1175,0,770.23425,441.30032
1176,0,770.2526,441.2924
1177,0,770.2526,441.29236
1178,0,770.25256,441.29233
1179,0,770.25256,441.29233
1180,0,770.25116,441.2938
1181,0,770.2384,441.29504
1182,0,770.2386,441.29486
1183,0,770.2386,441.29486
1184,0,770.2304,441.29337
1185,0,770.23535,441.29297
1186,0,770.23535,441.29297
1187,0,770.23535,441.29297
1188,0,770.2473,441.28778
1189,0,770.24915,441.28775
1190,0,770.24915,441.28775
1191,0,770.26074,441.2904
1192,0,770.25977,441.2898
1193,0,770.25977,441.2898
1194,0,770.25977,441.2898
1195,0,770.2489,441.28403
1196,0,770.2486,441.28412
1197,0,770.248,441.2845
1198,0,770.248,441.2845
1199,0,770.2712,441.272
1200,0,770.24695,441.25458
1201,0,770.24695,441.25452
1202,0,770.24695,441.25452
1203,0,770.2295,441.25797
1204,0,770.23303,441.25446
1205,0,770.23303,441.25446
1206,0,770.2507,441.20587
1207,0,770.2504,441.20523
1208,0,770.2506,441.20514
1209,0,770.2506,441.20514
1210,0,770.23,441.2023
1211,0,770.23334,441.20538
1212,0,770.26166,441.20032
1213,0,770.2615,441.2003
1214,0,770.2696,441.19382
1215,0,770.2691,441.19363
1216,0,770.269,441.19373
1217,0,770.269,441.19373
1218,0,770.24554,441.20618
1219,0,770.245,441.20602
1220,0,770.2453,441.20596
1221,0,770.20074,441.15662
1222,0,770.20435,441.15582
1223,0,770.203,441.15543
1224,0,770.1348,441.13242
1225,0,770.1225,441.04474
1226,0,770.1227,441.0446
1227,0,770.13495,441.0438
1228,0,770.13495,441.0438
1229,0,770.08105,440.84552
1230,0,770.0811,440.84537
1231,0,770.0811,440.84537
1232,0,781.3295,445.66904
1233,0,781.33466,445.67596
1234,0,781.3365,445.6922
1235,0,781.3365,445.6922
1236,0,782.5598,448.54462
1237,0,782.5599,448.5445
1238,0,782.5601,448.54477
1239,0,782.5601,448.54477
1240,0,784.0209,455.4821
1241,0,784.19745,455.36273
1242,0,784.12195,455.4974
1243,0,784.1826,455.71194
1244,0,794.3464,456.14258
1245,0,794.4423,456.33725
1246,0,794.3305,456.35992
1247,0,804.08875,456.99323
1248,0,803.8673,457.01605
1249,0,803.8014,457.03986
1250,0,803.8014,457.03986
1251,0,812.0918,457.2538
1252,0,812.0921,457.25565
1253,0,812.0913,457.2554
1254,0,812.0913,457.2554
1255,0,819.8584,457.58832
1256,0,819.83905,457.57385
1257,0,819.83905,457.57385
1258,0,826.3836,457.80966
1259,0,826.44934,457.99344
1260,0,826.4263,457.93915
1261,0,826.4474,457.95102
1262,0,831.47107,458.1948
1263,0,831.5025,457.96765
1264,0,831.5112,458.0768
1265,0,831.51105,458.07574
1266,0,869.75543,485.532
1267,0,869.382,486.00354
1268,0,869.38257,486.00156
1269,0,360.77985,243.0898
1270,0,360.77994,243.09132
1271,0,360.78006,243.08902
1272,0,360.769,243.44463
1273,0,360.77176,243.34348
1274,0,360.77203,243.33868
1275,0,360.7719,243.33443
1276,0,360.77545,243.18922
1277,0,360.77588,243.19891
1278,0,360.77588,243.19891
1279,0,360.77588,243.19891
1280,0,360.7824,243.07227
1281,0,360.78235,243.07043
1282,0,360.78235,243.06903
1283,0,360.78235,243.06903
1284,0,360.75732,243.39842
1285,0,360.75732,243.39842
1286,0,360.75732,243.39842
1287,0,360.76456,243.32803
1288,0,360.76447,243.33115
1289,0,360.76483,243.32439
1290,0,360.7647,243.32457
1291,0,360.76492,243.3661
1292,0,360.76517,243.35864
1293,0,360.76517,243.35864
1294,0,360.76517,243.35864
1295,0,360.76663,243.3484
1296,0,360.7809,243.43828
1297,0,360.7809,243.43828
1298,0,360.78006,243.33649
1299,0,360.77902,243.34625
1300,0,360.77884,243.34996
1301,0,360.77884,243.34996
1302,0,360.77945,243.40285
1303,0,360.77887,243.40894
1304,0,360.779,243.40677
1305,0,360.77127,243.39256
1306,0,360.7712,243.39546
1307,0,360.7712,243.39546
1308,0,360.7572,243.49835
1309,0,360.76315,243.81384
1310,0,360.76367,243.78448
1311,0,360.76367,243.78448
1312,0,360.76367,243.78448
1313,0,360.7598,243.33434
1314,0,360.75992,243.33658
1315,0,360.7598,243.33661
1316,0,360.75943,243.29001
1317,0,360.75912,243.28299
1318,0,360.75916,243.2808
1319,0,360.75903,243.28172
1320,0,360.76697,243.50679
1321,0,360.76697,243.50679
1322,0,360.76697,243.50679
1323,0,360.76697,243.50679
1324,0,360.76904,243.47055
1325,0,360.7691,243.45793
1326,0,360.7691,243.45793
1327,0,360.76727,243.46922
1328,0,360.76743,243.4657
1329,0,360.76727,243.46877
1330,0,360.7671,243.46997
1331,0,360.76822,243.44484
1332,0,360.76404,243.5328
1333,0,360.76404,243.5328
1334,0,360.76404,243.5328
1335,0,360.75323,243.54123
1336,0,360.7514,243.49821
1337,0,360.75143,243.50302
1338,0,360.75372,243.46024
1339,0,360.7446,243.53302
1340,0,360.74472,243.53217
1341,0,360.74472,243.53217
1342,0,360.75098,243.51495
1343,0,360.75095,243.51941
1344,0,360.75348,243.57928
1345,0,360.75348,243.57928
1346,0,360.75272,243.5726
1347,0,360.7527,243.5726
1348,0,360.7527,243.5726
1349,0,360.76328,243.5013
1350,0,360.76407,243.5133
1351,0,360.76407,243.5133
1352,0,360.76407,243.5133
1353,0,360.7526,243.57446
1354,0,360.75238,243.57562
1355,0,360.75238,243.57562
1356,0,360.7488,243.68016
1357,0,360.7488,243.68016
1358,0,360.7488,243.68016
1359,0,360.7488,243.68016
1360,0,360.7475,243.6986
1361,0,360.7479,243.69565
1362,0,360.7479,243.69565
1363,0,360.7479,243.69565
1364,0,360.752,243.6937
1365,0,360.75272,243.6892
1366,0,360.75272,243.6892
1367,0,360.75467,243.60594
1368,0,360.75015,243.46886
1369,0,360.75015,243.46886
1370,0,360.75015,243.46886
1371,0,360.73987,243.55754
1372,0,360.73938,243.54794
1373,0,360.73944,243.54904
1374,0,360.7416,243.54944
1375,0,360.74194,243.54152
1376,0,360.7419,243.54152
1377,0,360.7419,243.54152
1378,0,360.76123,243.9248
1379,0,360.7603,243.94421
1380,0,360.77322,243.56958
1381,0,360.77322,243.56958
1382,0,360.74448,243.9097
1383,0,360.74454,243.90913
1384,0,360.74454,243.90913
1385,0,360.75897,243.77771
1386,0,360.75824,243.80562
1387,0,360.75827,243.80338
1388,0,360.75827,243.80338
1389,0,360.75946,243.7934
1390,0,360.7594,243.7949
1391,0,360.75934,243.79497
1392,0,360.7512,243.93434
1393,0,360.7512,243.93434
1394,0,360.7512,243.93434
1395,0,360.7512,243.93434
1396,0,360.76193,243.84529
1397,0,360.76147,243.85046
1398,0,360.7616,243.85318
1399,0,360.75565,243.83336
1400,0,360.75543,243.83887
1401,0,360.75543,243.83887
1402,0,360.75543,243.83887
1403,0,360.7558,243.829
1404,0,360.77045,243.7711
1405,0,360.77048,243.76852
1406,0,360.78003,243.84573
1407,0,360.78152,243.84575
1408,0,360.78284,243.83368
1409,0,360.78284,243.83368
1410,0,360.78775,243.72382
1411,0,360.7898,243.71767
1412,0,360.7901,243.71397
1413,0,360.78537,243.76245
1414,0,360.7868,243.73181
1415,0,360.78723,243.71379
1416,0,360.78198,243.87358
1417,0,360.7795,243.93964
1418,0,360.77942,243.94136
1419,0,360.7792,243.94846
1420,0,360.78885,243.90924
1421,0,360.78903,243.904
1422,0,360.7891,243.90263
1423,0,360.7945,243.89568
1424,0,360.79547,243.92809
1425,0,360.79605,243.90312
1426,0,360.796,243.90338
1427,0,360.79523,243.86916
1428,0,360.78546,243.9323
1429,0,360.78546,243.9323
1430,0,360.8007,243.82954
1431,0,360.7993,243.83455
1432,0,360.79938,243.83415
1433,0,360.79965,244.28433
1434,0,360.8012,244.24988
1435,0,360.80127,244.25162
1436,0,360.7904,243.92047
1437,0,360.79013,243.9239
1438,0,360.7896,243.92679
1439,0,360.78955,243.928
1440,0,360.82788,243.86726
1441,0,360.82788,243.86726
1442,0,360.82788,243.86726
1443,0,360.8233,243.90892
1444,0,360.82373,243.90376
1445,0,360.82385,243.90541
1446,0,360.81403,244.01633
1447,0,360.8139,244.01944
1448,0,360.8139,244.01944
1449,0,360.8139,244.01944
1450,0,360.80774,244.1019
1451,0,360.808,244.10042
1452,0,360.8031,243.90309
1453,0,360.80737,244.3533
1454,0,360.8078,244.36082
1455,0,360.8079,244.36034
1456,0,360.8091,243.68336
1457,0,360.8089,243.68967
1458,0,360.809,243.68745
1459,0,360.80933,244.25583
1460,0,360.80927,244.26144
1461,0,360.80905,244.26749
1462,0,360.80905,244.26749
1463,0,360.80316,244.21342
1464,0,360.79282,244.12082
1465,0,360.7928,244.12163
1466,0,360.7954,244.1859
1467,0,360.7953,244.20898
1468,0,360.7953,244.20967
1469,0,360.80334,244.5788
1470,0,360.80322,244.58064
1471,0,360.80322,244.58064
1472,0,360.7987,244.21227
1473,0,360.79965,244.20749
1474,0,360.79987,244.20595
1475,0,360.79987,244.20605
1476,0,360.80582,244.11317
1477,0,360.80582,244.1166
1478,0,360.80582,244.1166
1479,0,360.8069,244.0658
1480,0,360.80673,244.06497
1481,0,360.80667,244.06445
1482,0,360.80643,244.07777
1483,0,360.80673,244.0762
1484,0,360.80673,244.07677
1485,0,360.80673,244.07677
1486,0,360.80704,244.06337
1487,0,360.80743,244.06564
1488,0,360.8027,244.10912
1489,0,360.8048,244.04077
1490,0,360.80487,244.04012
1491,0,360.80487,244.04012
1492,0,360.80472,244.03717
1493,0,360.80466,244.0367
1494,0,360.80472,244.03583
1495,0,360.80725,244.00754
1496,0,360.80722,244.00714
1497,0,360.80722,244.00514
1498,0,360.80722,244.00514
1499,0,360.8074,244.0449
1500,0,360.81213,244.08557
1501,0,360.81213,244.08557
1502,0,360.8123,244.1329
1503,0,360.81277,244.15161
1504,0,360.81293,244.14851
1505,0,360.81537,243.99107
1506,0,360.8153,243.9771
1507,0,360.81537,243.9744
1508,0,360.81104,244.0733
1509,0,360.81104,244.0748
1510,0,360.81104,244.0748
1511,0,360.81104,244.0748
1512,0,360.79868,244.30144
1513,0,360.79868,244.30144
1514,0,360.79868,244.30144
1515,0,360.8071,244.1621
1516,0,360.8074,244.16316
1517,0,360.80734,244.16208
1518,0,360.81567,244.67747
1519,0,360.81586,244.68066
1520,0,360.81586,244.68066
1521,0,360.79996,244.19678
1522,0,360.7985,244.21043
1523,0,360.79828,244.21294
1524,0,360.78845,244.21478
1525,0,360.79263,244.42183
1526,0,360.79358,244.4372
1527,0,360.79404,244.4313
1528,0,360.79166,244.40129
1529,0,360.79172,244.39807
1530,0,360.79172,244.39543
1531,0,360.794,244.403
1532,0,360.79428,244.39961
1533,0,360.79428,244.39961
1534,0,360.79175,244.37384
1535,0,360.7917,244.37914
1536,0,360.7935,244.14076
1537,0,360.8032,243.71828
1538,0,360.81223,244.0945
1539,0,360.81223,244.09726
1540,0,360.8116,244.09819
1541,0,360.81638,243.97527
1542,0,360.81558,244.0141
1543,0,360.81555,244.01562
1544,0,360.8164,243.69557
1545,0,360.81665,243.69518
1546,0,360.81647,243.70221
1547,0,360.81915,243.7139
1548,0,360.80182,244.31447
1549,0,360.80182,244.31482
1550,0,360.80182,244.31482
1551,0,360.80392,244.27051
1552,0,360.80334,244.27902
1553,0,360.80334,244.27887
1554,0,360.8061,244.18423
1555,0,360.8062,244.18292
1556,0,360.80618,244.18195
1557,0,360.80533,244.18413
1558,0,360.80554,244.1819
1559,0,360.80548,244.18259
1560,0,360.78802,244.31328
1561,0,360.78802,244.31328
1562,0,360.78802,244.31328
1563,0,360.78802,244.31328
1564,0,360.78806,243.86078
1565,0,360.79266,244.27313
1566,0,360.79272,244.27304
1567,0,360.78604,244.37071
1568,0,360.78583,244.36917
1569,0,360.78583,244.36917
1570,0,360.7859,244.37486
1571,0,360.786,244.36072
1572,0,360.81006,244.11887
1573,0,360.81006,244.11885
1574,0,360.80615,244.19446
1575,0,360.8062,244.19456
1576,0,360.80618,244.19444
1577,0,360.8068,244.17169
1578,0,360.8065,244.16931
1579,0,360.80646,244.16985
1580,0,360.8048,244.2641
1581,0,360.80487,244.2631
1582,0,360.80502,244.26173
1583,0,360.7766,244.02867
1584,0,360.75244,244.11353
1585,0,360.75244,244.11353
1586,0,360.75244,244.11357
1587,0,360.7534,244.13802
1588,0,360.75305,244.1358
1589,0,360.75305,244.1358
1590,0,360.7959,244.50885
1591,0,360.79614,244.51059
1592,0,360.79614,244.51059
1593,0,360.7967,244.46089
1594,0,360.79694,244.45837
1595,0,360.79697,244.45781
1596,0,360.80756,244.09235
1597,0,360.75894,243.96364
1598,0,360.7598,243.94574
1599,0,360.75867,243.9648
1600,0,360.75604,244.0658
1601,0,360.7579,244.06175
1602,0,360.7578,244.05966
1603,0,360.7834,243.8391
1604,0,360.78073,244.44748
1605,0,360.78094,244.44289
1606,0,360.78098,244.43661
1607,0,360.79413,244.23784
1608,0,360.80933,244.09
1609,0,360.80933,244.08905
1610,0,360.78738,243.87125
1611,0,360.78732,243.86917
1612,0,360.78726,243.8791
1613,0,360.80475,243.721
1614,0,360.8025,243.73253
1615,0,360.8024,243.73306
1616,0,360.79434,244.44977
1617,0,360.79456,244.44652
1618,0,360.79422,244.44597
1619,0,360.79416,244.44667
1620,0,360.75824,244.40291
1621,0,360.75824,244.40291
1622,0,360.75824,244.40291
1623,0,360.76382,244.40169
1624,0,360.76416,244.39505
1625,0,360.7642,244.39432
1626,0,360.77765,244.59396
1627,0,360.77728,244.59892
1628,0,360.77722,244.59686
1629,0,360.77722,244.59686
1630,0,360.76273,244.15602
1631,0,360.76276,244.15666
1632,0,360.74823,244.20012
1633,0,360.7516,244.23888
1634,0,360.75153,244.2422
1635,0,360.75153,244.2422
1636,0,360.75397,244.18694
1637,0,360.7527,244.17982
1638,0,360.7527,244.17982
1639,0,360.7527,244.17982
1640,0,360.7642,244.08876
1641,0,360.76404,244.08673
1642,0,360.76395,244.08624
1643,0,360.76776,244.0923
1644,0,360.75757,244.42455
1645,0,360.75757,244.42455
1646,0,360.76794,244.67795
1647,0,360.76843,244.6445
1648,0,360.7685,244.65019
1649,0,360.7684,244.64304
1650,0,360.76855,244.66084
1651,0,360.77032,244.65146
1652,0,360.77048,244.65097
1653,0,360.76978,244.65492
1654,0,360.7695,244.65733
1655,0,360.7694,244.65942
1656,0,360.7866,244.40466
1657,0,360.7866,244.40466
1658,0,360.7866,244.40466
1659,0,360.76782,244.05203
1660,0,360.76813,244.07751
1661,0,360.76822,244.07838
1662,0,360.76822,244.07658
1663,0,360.76782,244.08162
1664,0,360.7683,244.08167
1665,0,360.7683,244.0835
1666,0,360.76715,244.09991
1667,0,360.76712,244.10101
1668,0,360.761,244.20549
1669,0,360.76312,244.80315
1670,0,360.76535,244.78697
1671,0,360.76526,244.78792
1672,0,360.76532,244.78752
1673,0,360.76746,244.74297
1674,0,360.7685,244.74313
1675,0,360.76846,244.7434
1676,0,360.77054,244.18797
1677,0,360.77,244.19629
1678,0,360.77216,244.12979
1679,0,360.77148,244.17572
1680,0,360.7655,244.29697
1681,0,360.7655,244.29697
1682,0,360.76233,244.88246
1683,0,360.76236,244.8802
1684,0,360.76236,244.8802
1685,0,360.76236,244.8802
1686,0,360.75964,244.36754
1687,0,360.75934,244.354
1688,0,360.75873,244.36754
1689,0,360.76996,244.21642
1690,0,360.76984,244.21799
1691,0,360.76984,244.21799
1692,0,360.7666,244.35875
1693,0,360.7666,244.35875
1694,0,360.7666,244.35875
1695,0,360.7666,244.35875
1696,0,360.7539,244.36194
1697,0,360.75385,244.37894
1698,0,360.75232,244.40256
1699,0,360.75772,244.36795
1700,0,360.75787,244.36641
1701,0,360.75787,244.36711
1702,0,360.75937,244.3601
1703,0,360.76004,244.36464
1704,0,360.7671,244.2598
1705,0,360.7672,244.2599
1706,0,360.76813,244.2523
1707,0,360.76816,244.20901
1708,0,360.7682,244.21028
1709,0,360.758,244.1606
1710,0,360.75674,244.17863
1711,0,360.7565,244.15744
1712,0,360.75635,244.18329
1713,0,360.7563,244.18767
1714,0,360.756,244.18481
1715,0,360.7561,244.1845
1716,0,360.72415,244.14296
1717,0,360.72415,244.14282
1718,0,360.72415,244.14282
1719,0,360.76352,244.57918
1720,0,360.76947,244.58563
1721,0,360.76962,244.58502
1722,0,360.7695,244.58812
1723,0,360.74677,244.06186
1724,0,360.7477,244.04732
1725,0,360.7477,244.04732
1726,0,360.7439,244.68996
1727,0,360.74347,244.7178
1728,0,360.7619,243.95784
1729,0,360.76187,243.95813
1730,0,360.7431,243.57623
1731,0,360.74323,243.57164
1732,0,360.74323,243.57164
1733,0,360.74426,243.65082
1734,0,360.74435,243.64876
1735,0,360.74445,243.64703
1736,0,360.74213,244.28984
1737,0,360.7425,244.29663
1738,0,360.74194,244.28592
1739,0,360.7422,244.2844
1740,0,360.72577,244.32819
1741,0,360.726,244.3231
1742,0,360.726,244.3229
1743,0,360.72787,244.34158
1744,0,360.72797,244.33861
1745,0,360.72803,244.33778
1746,0,360.72803,244.33803
1747,0,360.70374,243.99948
1748,0,360.7032,244.04166
1749,0,360.7033,244.04123
1750,0,360.71814,244.31934
1751,0,360.71826,244.31984
1752,0,360.71973,244.31348
1753,0,360.7196,244.31645
1754,0,360.72058,244.30328
1755,0,360.72113,244.28355
1756,0,360.72186,244.25882
1757,0,360.20547,260.95667
1758,0,360.20218,260.95422
1759,0,360.20224,260.95438
1760,0,360.20224,260.95438
1761,0,360.10797,264.79404
1762,0,360.10657,264.8008
1763,0,360.10666,264.79852
1764,0,360.0151,266.73654
1765,0,360.0151,266.73654
1766,0,360.0151,266.73654
1767,0,360.0151,266.73654
1768,0,360.01108,267.20932
1769,0,360.01102,267.2099
1770,0,360.01093,267.2104
1771,0,359.9637,268.1837
1772,0,359.97336,268.1896
1773,0,359.97293,268.18997
1774,0,359.97293,268.18997
1775,0,359.9063,270.3224
1776,0,359.88156,270.37695
1777,0,359.8954,270.3845
1778,0,359.7625,273.5823
1779,0,359.7651,273.5606
1780,0,359.7651,273.5606
1781,0,359.7651,273.5606
1782,0,359.61423,277.75705
1783,0,359.61783,277.7583
1784,0,359.6179,277.75812
1785,0,359.6179,277.75812
1786,0,359.42847,283.02698
1787,0,359.4279,283.028
1788,0,359.40982,282.97824
1789,0,359.328,286.8802
1790,0,359.32755,286.8788
1791,0,359.32764,286.87878
1792,0,359.32764,286.87878
1793,0,359.24942,287.7418
1794,0,359.24646,287.7408
1795,0,359.2445,287.74023
1796,0,359.1977,288.03067
1797,0,359.1977,288.03082
1798,0,359.19757,288.03076
1799,0,359.19754,288.03094
1800,0,359.18033,287.9631
1801,0,359.18033,287.9631
1802,0,359.18033,287.9631
1803,0,359.18033,287.9631
1804,0,359.23734,287.54904
1805,0,359.23575,287.54803
1806,0,359.23492,287.54837
1807,0,359.28723,287.41635
1808,0,359.28806,287.39062
1809,0,359.28812,287.39044
1810,0,359.28812,287.39044
1811,0,359.29788,286.81015
1812,0,359.31702,286.80127
1813,0,359.3172,286.80188
1814,0,359.36578,283.96588
1815,0,359.37024,283.9635
1816,0,359.37024,283.9635
1817,0,359.37024,283.9635
1818,0,359.43842,280.54233
1819,0,359.43552,280.5345
1820,0,359.43552,280.53445
1821,0,359.43546,280.535
1822,0,359.5377,277.9036
1823,0,359.53787,277.9035
1824,0,359.55627,277.85977
1825,0,359.61823,275.95395
1826,0,359.6346,275.95984
1827,0,359.62766,275.95526
1828,0,359.6275,275.95575
1829,0,359.69382,274.83218
1830,0,359.70346,274.814
1831,0,359.70398,274.8037
1832,0,359.70398,274.8037
1833,0,359.70624,274.2201
1834,0,359.68878,274.19623
1835,0,359.70755,274.2124
1836,0,359.85895,272.1477
1837,0,359.85895,272.1477
1838,0,359.85895,272.1477
1839,0,359.85895,272.1477
1840,0,360.25836,258.85516
1841,0,360.25827,258.7527
1842,0,360.2588,258.74554
1843,0,361.07843,235.58333
1844,0,361.07837,235.58139
1845,0,361.07852,235.5777
1846,0,361.07852,235.57846
1847,0,361.0751,236.09859
1848,0,361.0605,236.2051
1849,0,361.0605,236.2051
1850,0,361.0612,236.26848
1851,0,361.06125,236.2602
1852,0,361.06125,236.2602
1853,0,361.06125,236.2602
1854,0,361.05118,236.32875
1855,0,361.0511,236.3282
1856,0,361.0511,236.3282
1857,0,361.0511,236.3282
1858,0,361.0605,236.3402
1859,0,361.06064,236.33195
1860,0,361.08167,236.40901
1861,0,361.06485,236.20831
1862,0,361.06482,236.2067
1863,0,361.06485,236.2067
1864,0,361.06485,236.2067
1865,0,361.08942,236.16597
1866,0,361.08945,236.16324
1867,0,361.08948,236.16331
1868,0,361.1177,236.2202
1869,0,361.11975,236.21663
1870,0,361.11975,236.21663
1871,0,361.11975,236.21663
1872,0,361.05267,236.17773
1873,0,361.05267,236.17773
1874,0,361.05267,236.17773
1875,0,361.0592,236.11934
1876,0,361.05524,236.21109
1877,0,361.05524,236.21109
1878,0,361.05524,236.21109
1879,0,361.03702,236.13524
1880,0,361.03888,236.1498
1881,0,361.03894,236.1473
1882,0,361.0388,236.26073
1883,0,361.03946,236.2527
1884,0,361.04437,236.3179
1885,0,361.0443,236.32614
1886,0,361.04514,236.34657
1887,0,361.0451,236.34654
1888,0,361.0452,236.34544
1889,0,361.0452,236.34544
1890,0,361.04587,236.29636
1891,0,361.04596,236.29373
1892,0,361.04593,236.29219
1893,0,361.06705,236.38512
1894,0,361.06567,236.35934
1895,0,361.06567,236.35934
1896,0,361.0691,236.43193
1897,0,361.06866,236.47258
1898,0,361.06613,236.43202
1899,0,361.0662,236.43253
1900,0,361.03592,236.52335
1901,0,361.03494,236.4746
1902,0,361.0347,236.48552
1903,0,361.03497,236.48885
1904,0,361.03186,236.52155
1905,0,361.0318,236.53113
1906,0,361.03177,236.53111
1907,0,361.03488,236.51427
1908,0,361.03824,236.31294
1909,0,361.03818,236.3138
1910,0,361.03818,236.3138
1911,0,361.04117,236.26413
1912,0,361.0416,236.26323
1913,0,361.0417,236.26006
1914,0,361.03867,236.27954
1915,0,361.0386,236.27495
1916,0,361.03854,236.27463
1917,0,361.03854,236.27463
1918,0,361.0422,236.43544
1919,0,361.04233,236.44211
1920,0,361.05685,236.32863
1921,0,361.06314,236.30415
1922,0,361.063,236.27292
1923,0,361.06302,236.2791
1924,0,361.06302,236.2791
1925,0,361.04865,236.22816
1926,0,361.04868,236.22624
1927,0,361.04868,236.22665
1928,0,361.04865,236.22662
1929,0,361.0534,236.34166
1930,0,361.05383,236.36809
1931,0,361.05377,236.37521
1932,0,361.0353,236.52975
1933,0,361.0353,236.52975
1934,0,361.0353,236.52975
1935,0,361.0353,236.52975
1936,0,361.03137,236.5296
1937,0,361.03122,236.53244
1938,0,361.0313,236.53384
1939,0,361.031,236.48865
1940,0,361.03104,236.48888
1941,0,361.03104,236.48888
1942,0,361.03104,236.48888
1943,0,361.02652,236.38979
1944,0,361.01883,235.99646
1945,0,361.01883,235.99646
1946,0,361.01794,235.99388
1947,0,361.01785,235.98224
1948,0,361.01785,235.98224
1949,0,361.01785,235.98224
1950,0,361.00455,236.11282
1951,0,361.00458,236.10515
1952,0,361.00455,236.10498
1953,0,361.00543,236.07272
1954,0,361.00552,236.07748
1955,0,361.00552,236.07703
1956,0,360.99664,236.07846
1957,0,360.9876,236.13016
1958,0,360.98938,236.15947
1959,0,360.98944,236.15326
1960,0,360.98944,236.15459
1961,0,361.00543,236.13339
1962,0,361.0055,236.13544
1963,0,361.00552,236.13562
1964,0,361.0003,236.03232
1965,0,361.00046,236.03616
1966,0,361.00055,236.04042
1967,0,361.00055,236.04042
1968,0,361.03214,236.09822
1969,0,361.03214,236.09822
1970,0,361.03214,236.09822
1971,0,361.03214,236.09822
1972,0,361.02313,236.07399
1973,0,361.02295,236.0675
1974,0,361.02295,236.0675
1975,0,361.01318,236.03654
1976,0,361.01382,236.0297
1977,0,361.01376,236.02673
1978,0,361.01376,236.02673
1979,0,361.01062,236.0114
1980,0,360.99744,236.07611
1981,0,360.99744,236.07611
1982,0,361.00385,236.10281
1983,0,361.0037,236.10222
1984,0,361.00363,236.09435
1985,0,361.00363,236.09435
1986,0,361.00723,236.10332
1987,0,361.00732,236.10278
1988,0,361.00732,236.10262
1989,0,361.00842,236.04141
1990,0,361.00854,236.04176
1991,0,361.00854,236.04169
1992,0,361.03168,235.83243
1993,0,361.03137,235.85532
1994,0,361.02972,235.79774
1995,0,361.02975,235.79567
1996,0,361.03174,235.76088
1997,0,361.03152,235.76454
1998,0,361.03152,235.76454
1999,0,361.03152,235.76454
2000,0,361.00742,235.76064
2001,0,361.00366,235.66235
2002,0,361.00323,235.61288
2003,0,361.00323,235.61288
2004,0,361.0375,235.59465
2005,0,361.0375,235.59465
2006,0,361.0375,235.59465
2007,0,361.03067,235.6739
2008,0,361.0306,235.666
2009,0,361.03067,235.66313
2010,0,361.03067,235.66313
2011,0,361.02676,235.73903
2012,0,361.02866,235.70972
2013,0,361.02866,235.70972
2014,0,361.0142,235.791
2015,0,361.011,235.7911
2016,0,360.98398,235.93973
2017,0,360.98398,235.93973
2018,0,361.01782,235.90819
2019,0,361.01788,235.90614
2020,0,361.01794,235.90558
2021,0,361.01962,235.86317
2022,0,361.0194,235.86446
2023,0,361.0194,235.86446
2024,0,361.0194,235.86446
2025,0,361.019,235.82841
2026,0,361.01895,235.83229
2027,0,361.0189,235.8325
2028,0,361.02042,235.61479
2029,0,361.02042,235.61601
2030,0,361.02042,235.61601
2031,0,361.02042,235.61601
2032,0,361.03226,235.68335
2033,0,361.03235,235.67528
2034,0,361.03235,235.67635
2035,0,361.02664,235.71252
2036,0,361.02667,235.71207
2037,0,361.0266,235.71005
2038,0,361.0266,235.71005
2039,0,361.02457,235.65184
2040,0,361.02368,235.73192
2041,0,361.02368,235.73192
2042,0,361.02252,235.66086
2043,0,361.02713,235.61307
2044,0,361.02713,235.61307
2045,0,361.02713,235.61307
2046,0,361.03717,235.80779
2047,0,361.03723,235.81476
2048,0,361.03723,235.81476
2049,0,361.03723,235.81476
2050,0,361.03503,235.91399
2051,0,361.0349,235.91496
2052,0,361.01572,235.81403
2053,0,361.02832,235.83357
2054,0,361.02823,235.82767
2055,0,361.02817,235.8285
2056,0,361.02808,235.83139
2057,0,361.05188,235.84303
2058,0,361.0519,235.84131
2059,0,361.0519,235.84131
2060,0,361.049,235.82831
2061,0,361.04602,235.83957
2062,0,361.046,235.83975
2063,0,361.046,235.83975
2064,0,361.04977,235.95486
2065,0,361.04977,235.95486
2066,0,361.04977,235.95486
2067,0,361.0496,235.90253
2068,0,361.04968,235.90318
2069,0,361.04968,235.90321
2070,0,361.04968,235.90321
2071,0,361.05283,235.73949
2072,0,361.05292,235.73071
2073,0,361.0529,235.73082
2074,0,361.05084,235.791
2075,0,361.0511,235.7872
2076,0,361.0468,235.80267
2077,0,361.0468,235.80267
2078,0,361.05597,235.88893
2079,0,361.05606,235.89398
2080,0,361.05597,235.89453
2081,0,361.0538,235.81912
2082,0,361.0536,235.81856
2083,0,361.05356,235.81877
2084,0,361.05356,235.81877
2085,0,361.05112,235.81429
2086,0,361.0511,235.81654
2087,0,361.0511,235.81654
2088,0,361.05505,235.55803
2089,0,361.05505,235.55803
2090,0,361.05505,235.55803
2091,0,361.05505,235.55803
2092,0,361.06427,235.7287
2093,0,361.06418,235.73639
2094,0,361.06415,235.73643
2095,0,361.06653,235.726
2096,0,361.06656,235.71968
2097,0,361.06656,235.71968
2098,0,361.06656,235.71968
2099,0,361.07123,235.7139
2100,0,361.07504,235.771
2101,0,361.07516,235.75974
2102,0,361.07196,235.67209
2103,0,361.0724,235.66588
2104,0,361.0724,235.66588
2105,0,361.0724,235.66588
2106,0,361.07684,235.63518
2107,0,361.07703,235.63144
2108,0,361.07703,235.63144
2109,0,361.06613,235.76474
2110,0,361.0659,235.75867
2111,0,361.06604,235.75069
2112,0,361.0566,235.63878
2113,0,361.06522,235.61372
2114,0,361.05493,235.67862
2115,0,361.0551,235.69414
2116,0,361.06976,235.75775
