Lap Nr,Roi1,x,y,w,h,Roi2,x,y,w,h,Roi3,x,y,w,h
1,,0,0,235,263,,0,0,366,294,,0,0,366,294
2,,0,0,366,294,,0,0,381,294,,0,0,381,294
3,,0,0,381,294,,0,0,381,294,,0,0,381,294
4,,0,0,381,294,,0,0,381,294,,0,0,381,294
5,,0,0,381,294,,0,0,387,294,,0,0,387,294
6,,0,0,387,294,,0,0,387,294,,0,0,387,294
7,,0,0,387,294,,0,0,392,294,,0,0,392,294
8,,0,0,392,294,,0,0,392,294,,0,0,392,294
9,,0,0,392,294,,0,0,392,294,,0,0,392,294
10,,0,0,392,294,,0,0,392,294,,0,0,392,294
11,,0,0,392,294,,0,0,392,294,,0,0,392,294
12,,0,0,392,294,,0,0,392,294,,0,0,392,294
13,,0,0,392,294,,0,0,392,294,,0,0,392,294
14,,0,0,392,294,,0,0,392,294,,0,0,392,294
15,,0,0,392,294,,0,0,392,294,,0,0,392,294
16,,0,0,392,294,,0,0,392,294,,0,0,392,294
17,,0,0,392,294,,0,0,392,294,,0,0,392,294
18,,0,0,392,294,,0,0,392,294,,0,0,392,294
19,,0,0,392,294,,0,0,392,294,,0,0,392,294
20,,0,0,392,294,,0,0,392,294,,0,0,392,294
21,,0,0,392,294,,0,0,392,294,,0,0,392,294
22,,0,0,392,294,,0,0,392,294,,0,0,392,294
23,,0,0,392,294,,0,0,392,294,,0,0,392,294
24,,0,0,392,294,,0,0,392,294,,0,0,392,294
25,,0,0,392,294,,0,0,392,294,,0,0,392,294
26,,0,0,392,294,,0,0,392,294,,0,0,392,294
27,,0,0,392,294,,0,0,392,294,,0,0,392,294
28,,0,0,392,294,,0,0,392,294,,0,0,392,294
29,,0,0,392,294,,0,0,395,294,,0,0,395,294
30,,0,0,395,294,,0,0,395,294,,0,0,395,294
31,,0,0,395,294,,0,0,395,294,,0,0,395,294
32,,0,0,395,294,,0,0,395,294,,0,0,395,294
33,,0,0,395,294,,0,0,395,294,,0,0,395,294
34,,0,0,395,294,,0,0,395,294,,0,0,395,294
35,,0,0,395,294,,0,0,395,294,,0,0,395,294
36,,0,0,395,294,,0,0,395,294,,0,0,395,294
37,,0,0,395,294,,0,0,395,294,,0,0,395,294
38,,0,0,395,294,,0,0,395,294,,0,0,395,294
39,,0,0,395,294,,0,0,395,294,,0,0,395,294
40,,0,0,395,294,,0,0,395,294,,0,0,395,294
41,,0,0,395,294,,0,0,395,294,,0,0,395,294
42,,0,0,395,294,,0,0,398,294,,0,0,398,294
43,,0,0,398,294,,0,0,398,294,,0,0,398,294
44,,0,0,398,294,,0,0,398,294,,0,0,398,294
45,,0,0,398,294,,0,0,398,294,,0,0,398,294
46,,0,0,398,294,,0,0,398,294,,0,0,398,294
47,,0,0,398,294,,0,0,398,294,,0,0,398,294
48,,0,0,398,294,,0,0,398,294,,0,0,398,294
49,,0,0,398,294,,0,0,398,294,,0,0,398,294
50,,0,0,398,294,,0,0,398,294,,0,0,398,294
51,,0,0,398,294,,0,0,398,294,,0,0,398,294
52,,0,0,398,294,,0,0,398,294,,0,0,398,294
53,,0,0,398,294,,0,0,398,294,,0,0,398,294
54,,0,0,398,294,,0,0,398,294,,0,0,398,294
55,,0,0,398,294,,0,0,398,294,,0,0,398,294
56,,0,0,398,294,,0,0,398,294,,0,0,398,294
57,,0,0,398,294,,0,0,398,294,,0,0,398,294
58,,0,0,398,294,,0,0,398,294,,0,0,398,294
59,,0,0,398,294,,0,0,398,294,,0,0,398,294
60,,0,0,398,294,,0,0,398,294,,0,0,398,294
61,,0,0,398,294,,0,0,398,294,,0,0,398,294
62,,0,0,398,294,,0,0,398,294,,0,0,398,294
63,,0,0,398,294,,0,0,398,294,,0,0,398,294
64,,0,0,398,294,,0,0,408,294,,0,0,408,294
65,,0,0,408,294,,0,0,408,294,,0,0,408,294
66,,0,0,408,294,,0,0,408,294,,0,0,408,294
67,,0,0,408,294,,0,0,408,294,,0,0,408,294
68,,0,0,408,294,,0,0,408,294,,0,0,408,294
69,,0,0,408,294,,0,0,408,294,,0,0,408,294
70,,0,0,408,294,,0,0,408,294,,0,0,408,294
71,,0,0,408,294,,0,0,408,294,,0,0,408,294
72,,0,0,408,294,,0,0,408,294,,0,0,408,294
73,,0,0,408,294,,0,0,408,294,,0,0,408,294
74,,0,0,408,294,,0,0,408,294,,0,0,408,294
75,,0,0,408,294,,0,0,408,294,,0,0,408,294
76,,0,0,408,294,,0,0,408,294,,0,0,408,294
77,,0,0,408,294,,0,0,408,294,,0,0,408,294
78,,0,0,408,294,,0,0,408,294,,0,0,408,294
79,,0,0,408,294,,0,0,408,294,,0,0,408,294
80,,0,0,408,294,,0,0,408,294,,0,0,408,294
81,,0,0,408,294,,0,0,408,294,,0,0,408,294
82,,0,0,408,294,,0,0,408,294,,0,0,408,294
83,,0,0,408,294,,0,0,408,294,,0,0,408,294
84,,0,0,408,294,,0,0,408,294,,0,0,408,294
85,,0,0,408,294,,0,0,408,294,,0,0,408,294
86,,0,0,408,294,,0,0,408,294,,0,0,408,294
87,,0,0,408,294,,0,0,408,294,,0,0,408,294
88,,0,0,408,294,,0,0,408,294,,0,0,408,294
89,,0,0,408,294,,0,0,408,294,,0,0,408,294
90,,0,0,408,294,,0,0,408,294,,0,0,408,294
91,,0,0,408,294,,0,0,408,294,,0,0,408,294
92,,0,0,408,294,,0,0,408,294,,0,0,408,294
93,,0,0,408,294,,0,0,408,294,,0,0,408,294
94,,0,0,408,294,,0,0,408,294,,0,0,408,294
95,,0,0,408,294,,0,0,408,294,,0,0,408,294
96,,0,0,408,294,,0,0,408,294,,0,0,408,294
97,,0,0,408,294,,0,0,408,294,,0,0,408,294
98,,0,0,408,294,,0,0,408,294,,0,0,408,294
99,,0,0,408,294,,0,0,408,294,,0,0,408,294
100,,0,0,408,294,,0,0,408,294,,0,0,408,294
101,,0,0,408,294,,0,0,408,294,,0,0,408,294
102,,0,0,408,294,,0,0,408,294,,0,0,408,294
103,,0,0,408,294,,0,0,408,294,,0,0,408,294
104,,0,0,408,294,,0,0,408,294,,0,0,408,294
105,,0,0,408,294,,0,0,408,294,,0,0,408,294
106,,0,0,408,294,,0,0,408,294,,0,0,408,294
107,,0,0,408,294,,0,0,408,294,,0,0,408,294
108,,0,0,408,294,,0,0,408,294,,0,0,408,294
109,,0,0,408,294,,0,0,408,294,,0,0,408,294
110,,0,0,408,294,,0,0,408,294,,0,0,408,294
111,,0,0,408,294,,0,0,408,294,,0,0,408,294
112,,0,0,408,294,,0,0,408,294,,0,0,408,294
113,,0,0,408,294,,0,0,408,294,,0,0,408,294
114,,0,0,408,294,,0,0,408,294,,0,0,408,294
115,,0,0,408,294,,0,0,408,294,,0,0,408,294
116,,0,0,408,294,,0,0,408,294,,0,0,408,294
117,,0,0,408,294,,0,0,408,294,,0,0,408,294
118,,0,0,408,294,,0,0,408,294,,0,0,408,294
119,,0,0,408,294,,0,0,408,294,,0,0,408,294
120,,0,0,408,294,,0,0,408,294,,0,0,408,294
121,,0,0,408,294,,0,0,408,294,,0,0,408,294
122,,0,0,408,294,,0,0,408,294,,0,0,408,294
123,,0,0,408,294,,0,0,408,294,,0,0,408,294
124,,0,0,408,294,,0,0,408,294,,0,0,408,294
125,,0,0,408,294,,0,0,408,294,,0,0,408,294
126,,0,0,408,294,,0,0,408,294,,0,0,408,294
127,,0,0,408,294,,0,0,408,294,,0,0,408,294
128,,0,0,408,294,,0,0,408,294,,0,0,408,294
129,,0,0,408,294,,0,0,408,294,,0,0,408,294
130,,0,0,408,294,,0,0,408,294,,0,0,408,294
131,,0,0,408,294,,0,0,408,294,,0,0,408,294
132,,0,0,408,294,,0,0,408,294,,0,0,408,294
133,,0,0,408,294,,0,0,408,294,,0,0,408,294
134,,0,0,408,294,,0,0,408,294,,0,0,408,294
135,,0,0,408,294,,0,0,408,294,,0,0,408,294
136,,0,0,408,294,,0,0,408,294,,0,0,408,294
137,,0,0,408,294,,0,0,408,294,,0,0,408,294
138,,0,0,408,294,,0,0,408,294,,0,0,408,294
139,,0,0,408,294,,0,0,408,294,,0,0,408,294
140,,0,0,408,294,,0,0,408,294,,0,0,408,294
141,,0,0,408,294,,0,0,408,294,,0,0,408,294
142,,0,0,408,294,,0,0,408,294,,0,0,408,294
143,,0,0,408,294,,0,0,408,294,,0,0,408,294
144,,0,0,408,294,,0,0,408,294,,0,0,408,294
145,,0,0,408,294,,0,0,408,294,,0,0,408,294
146,,0,0,408,294,,0,0,408,294,,0,0,408,294
147,,0,0,408,294,,0,0,408,294,,0,0,408,294
148,,0,0,408,294,,0,0,408,294,,0,0,408,294
149,,0,0,408,294,,0,0,408,294,,0,0,408,294
150,,0,0,408,294,,0,0,408,294,,0,0,408,294
151,,0,0,408,294,,0,0,408,294,,0,0,408,294
152,,0,0,408,294,,0,0,408,294,,0,0,408,294
153,,0,0,408,294,,0,0,408,294,,0,0,408,294
154,,0,0,408,294,,0,0,408,294,,0,0,408,294
155,,0,0,408,294,,0,0,408,294,,0,0,408,294
156,,0,0,408,294,,0,0,408,294,,0,0,408,294
157,,0,0,408,294,,0,0,408,294,,0,0,408,294
158,,0,0,408,294,,0,0,408,294,,0,0,408,294
159,,0,0,408,294,,0,0,408,294,,0,0,408,294
160,,0,0,408,294,,0,0,408,294,,0,0,408,294
161,,0,0,408,294,,0,0,408,294,,0,0,408,294
162,,0,0,408,294,,0,0,408,294,,0,0,408,294
163,,0,0,408,294,,0,0,408,294,,0,0,408,294
164,,0,0,408,294,,0,0,408,294,,0,0,408,294
165,,0,0,408,294,,0,0,408,294,,0,0,408,294
166,,0,0,408,294,,0,0,408,294,,0,0,408,294
167,,0,0,408,294,,0,0,408,294,,0,0,408,294
168,,0,0,408,294,,0,0,408,294,,0,0,408,294
169,,0,0,408,294,,0,0,408,294,,0,0,408,294
170,,0,0,408,294,,0,0,408,294,,0,0,408,294
171,,0,0,408,294,,0,0,408,294,,0,0,408,294
172,,0,0,408,294,,0,0,408,294,,0,0,408,294
173,,0,0,408,294,,0,0,408,294,,0,0,408,294
174,,0,0,408,294,,0,0,408,294,,0,0,408,294
175,,0,0,408,294,,0,0,408,294,,0,0,408,294
176,,0,0,408,294,,0,0,408,294,,0,0,408,294
177,,0,0,408,294,,0,0,408,294,,0,0,408,294
178,,0,0,408,294,,0,0,408,294,,0,0,408,294
179,,0,0,408,294,,0,0,408,294,,0,0,408,294
180,,0,0,408,294,,0,0,408,294,,0,0,408,294
181,,0,0,408,294,,0,0,408,294,,0,0,408,294
182,,0,0,408,294,,0,0,408,294,,0,0,408,294
183,,0,0,408,294,,0,0,408,294,,0,0,408,294
184,,0,0,408,294,,0,0,408,294,,0,0,408,294
185,,0,0,408,294,,0,0,408,294,,0,0,408,294
186,,0,0,408,294,,0,0,408,294,,0,0,408,294
187,,0,0,408,294,,0,0,408,294,,0,0,408,294
188,,0,0,408,294,,0,0,408,294,,0,0,408,294
189,,0,0,408,294,,0,0,408,294,,0,0,408,294
190,,0,0,408,294,,0,0,408,294,,0,0,408,294
191,,0,0,408,294,,0,0,408,294,,0,0,408,294
192,,0,0,408,294,,0,0,408,294,,0,0,408,294
193,,0,0,408,294,,0,0,408,294,,0,0,408,294
194,,0,0,408,294,,0,0,408,294,,0,0,408,294
195,,0,0,408,294,,0,0,408,294,,0,0,408,294
196,,0,0,408,294,,0,0,408,294,,0,0,408,294
197,,0,0,408,294,,0,0,408,294,,0,0,408,294
198,,0,0,408,294,,0,0,408,294,,0,0,408,294
199,,0,0,408,294,,0,0,408,294,,0,0,408,294
200,,0,0,408,294,,0,0,408,294,,0,0,408,294
201,,0,0,408,294,,0,0,408,294,,0,0,408,294
202,,0,0,408,294,,0,0,408,294,,0,0,408,294
203,,0,0,408,294,,0,0,408,294,,0,0,408,294
204,,0,0,408,294,,0,0,408,294,,0,0,408,294
205,,0,0,408,294,,0,0,408,294,,0,0,408,294
206,,0,0,408,294,,0,0,408,294,,0,0,408,294
207,,0,0,408,294,,0,0,408,294,,0,0,408,294
208,,0,0,408,294,,0,0,408,294,,0,0,408,294
209,,0,0,408,294,,0,0,408,294,,0,0,408,294
210,,0,0,408,294,,0,0,408,294,,0,0,408,294
211,,0,0,408,294,,0,0,408,294,,0,0,408,294
212,,0,0,408,294,,0,0,408,294,,0,0,408,294
213,,0,0,408,294,,0,0,408,294,,0,0,408,294
214,,0,0,408,294,,0,0,408,294,,0,0,408,294
215,,0,0,408,294,,0,0,408,294,,0,0,408,294
216,,0,0,408,294,,0,0,408,294,,0,0,408,294
217,,0,0,408,294,,0,0,408,294,,0,0,408,294
218,,0,0,408,294,,0,0,408,294,,0,0,408,294
219,,0,0,408,294,,0,0,408,294,,0,0,408,294
220,,0,0,408,294,,0,0,408,294,,0,0,408,294
221,,0,0,408,294,,0,0,408,294,,0,0,408,294
222,,0,0,408,294,,0,0,408,294,,0,0,408,294
223,,0,0,408,294,,0,0,408,294,,0,0,408,294
224,,0,0,408,294,,0,0,408,294,,0,0,408,294
225,,0,0,408,294,,0,0,408,294,,0,0,408,294
226,,0,0,408,294,,0,0,408,294,,0,0,408,294
227,,0,0,408,294,,0,0,408,294,,0,0,408,294
228,,0,0,408,294,,0,0,408,294,,0,0,408,294
229,,0,0,408,294,,0,0,408,294,,0,0,408,294
230,,0,0,408,294,,0,0,408,294,,0,0,408,294
231,,0,0,408,294,,0,0,408,294,,0,0,408,294
232,,0,0,408,294,,0,0,408,294,,0,0,408,294
233,,0,0,408,294,,0,0,408,294,,0,0,408,294
234,,0,0,408,294,,0,0,408,294,,0,0,408,294
235,,0,0,408,294,,0,0,408,294,,0,0,408,294
236,,0,0,408,294,,0,0,408,294,,0,0,408,294
237,,0,0,408,294,,0,0,408,294,,0,0,408,294
238,,0,0,408,294,,0,0,408,294,,0,0,408,294
239,,0,0,408,294,,0,0,408,294,,0,0,408,294
240,,0,0,408,294,,0,0,408,294,,0,0,408,294
241,,0,0,408,294,,0,0,408,294,,0,0,408,294
242,,0,0,408,294,,0,0,408,294,,0,0,408,294
243,,0,0,408,294,,0,0,408,294,,0,0,408,294
244,,0,0,408,294,,0,0,408,294,,0,0,408,294
245,,0,0,408,294,,0,0,408,294,,0,0,408,294
246,,0,0,408,294,,0,0,408,294,,0,0,408,294
247,,0,0,408,294,,0,0,408,294,,0,0,408,294
248,,0,0,408,294,,0,0,408,294,,0,0,408,294
249,,0,0,408,294,,0,0,408,294,,0,0,408,294
250,,0,0,408,294,,0,0,408,294,,0,0,408,294
251,,0,0,408,294,,0,0,408,294,,0,0,408,294
252,,0,0,408,294,,0,0,408,294,,0,0,408,294
253,,0,0,408,294,,0,0,408,294,,0,0,408,294
254,,0,0,408,294,,0,0,408,294,,0,0,408,294
255,,0,0,408,294,,0,0,408,294,,0,0,408,294
256,,0,0,408,294,,0,0,408,294,,0,0,408,294
257,,0,0,408,294,,0,0,408,294,,0,0,408,294
258,,0,0,408,294,,0,0,408,294,,0,0,408,294
259,,0,0,408,294,,0,0,408,294,,0,0,408,294
260,,0,0,408,294,,0,0,408,294,,0,0,408,294
261,,0,0,408,294,,0,0,408,294,,0,0,408,294
262,,0,0,408,294,,0,0,408,294,,0,0,408,294
263,,0,0,408,294,,0,0,408,294,,0,0,408,294
264,,0,0,408,294,,0,0,408,294,,0,0,408,294
265,,0,0,408,294,,0,0,408,294,,0,0,408,294
266,,0,0,408,294,,0,0,408,294,,0,0,408,294
267,,0,0,408,294,,0,0,408,294,,0,0,408,294
268,,0,0,408,294,,0,0,408,294,,0,0,408,294
269,,0,0,408,294,,0,0,408,294,,0,0,408,294
270,,0,0,408,294,,0,0,408,294,,0,0,408,294
271,,0,0,408,294,,0,0,408,294,,0,0,408,294
272,,0,0,408,294,,0,0,408,294,,0,0,408,294
273,,0,0,408,294,,0,0,408,294,,0,0,408,294
274,,0,0,408,294,,0,0,408,294,,0,0,408,294
275,,0,0,408,294,,0,0,408,294,,0,0,408,294
276,,0,0,408,294,,0,0,408,294,,0,0,408,294
277,,0,0,408,294,,0,0,408,294,,0,0,408,294
278,,0,0,408,294,,0,0,408,294,,0,0,408,294
279,,0,0,408,294,,0,0,408,294,,0,0,408,294
280,,0,0,408,294,,0,0,408,294,,0,0,408,294
281,,0,0,408,294,,0,0,408,294,,0,0,408,294
282,,0,0,408,294,,0,0,408,294,,0,0,408,294
283,,0,0,408,294,,0,0,408,294,,0,0,408,294
284,,0,0,408,294,,0,0,408,294,,0,0,408,294
285,,0,0,408,294,,0,0,408,294,,0,0,408,294
286,,0,0,408,294,,0,0,408,294,,0,0,408,294
287,,0,0,408,294,,0,0,408,294,,0,0,408,294
288,,0,0,408,294,,0,0,408,294,,0,0,408,294
289,,0,0,408,294,,0,0,408,294,,0,0,408,294
290,,0,0,408,294,,0,0,408,294,,0,0,408,294
291,,0,0,408,294,,0,0,408,294,,0,0,408,294
292,,0,0,408,294,,0,0,408,294,,0,0,408,294
293,,0,0,408,294,,0,0,408,294,,0,0,408,294
294,,0,0,408,294,,0,0,408,294,,0,0,408,294
295,,0,0,408,294,,0,0,408,294,,0,0,408,294
296,,0,0,408,294,,0,0,408,294,,0,0,408,294
297,,0,0,408,294,,0,0,408,294,,0,0,408,294
298,,0,0,408,294,,0,0,408,294,,0,0,408,294
299,,0,0,408,294,,0,0,408,294,,0,0,408,294
300,,0,0,408,294,,0,0,408,294,,0,0,408,294
301,,0,0,408,294,,0,0,408,294,,0,0,408,294
302,,0,0,408,294,,0,0,408,294,,0,0,408,294
303,,0,0,408,294,,0,0,408,294,,0,0,408,294
304,,0,0,408,294,,0,0,408,294,,0,0,408,294
305,,0,0,408,294,,0,0,408,294,,0,0,408,294
306,,0,0,408,294,,0,0,408,294,,0,0,408,294
307,,0,0,408,294,,0,0,408,294,,0,0,408,294
308,,0,0,408,294,,0,0,408,294,,0,0,408,294
309,,0,0,408,294,,0,0,408,294,,0,0,408,294
310,,0,0,408,294,,0,0,408,294,,0,0,408,294
311,,0,0,408,294,,0,0,408,294,,0,0,408,294
312,,0,0,408,294,,0,0,408,294,,0,0,408,294
313,,0,0,408,294,,0,0,408,294,,0,0,408,294
314,,0,0,408,294,,0,0,408,294,,0,0,408,294
315,,0,0,408,294,,0,0,408,294,,0,0,408,294
316,,0,0,408,294,,0,0,408,294,,0,0,408,294
317,,0,0,408,294,,0,0,408,294,,0,0,408,294
318,,0,0,408,294,,0,0,408,294,,0,0,408,294
319,,0,0,408,294,,0,0,408,294,,0,0,408,294
320,,0,0,408,294,,0,0,408,294,,0,0,408,294
321,,0,0,408,294,,0,0,408,294,,0,0,408,294
322,,0,0,408,294,,0,0,408,294,,0,0,408,294
323,,0,0,408,294,,0,0,408,294,,0,0,408,294
324,,0,0,408,294,,0,0,408,294,,0,0,408,294
325,,0,0,408,294,,0,0,408,294,,0,0,408,294
326,,0,0,408,294,,0,0,408,294,,0,0,408,294
327,,0,0,408,294,,0,0,408,294,,0,0,408,294
328,,0,0,408,294,,0,0,408,294,,0,0,408,294
329,,0,0,408,294,,0,0,408,294,,0,0,408,294
330,,0,0,408,294,,0,0,408,294,,0,0,408,294
331,,0,0,408,294,,0,0,408,294,,0,0,408,294
332,,0,0,408,294,,0,0,408,294,,0,0,408,294
333,,0,0,408,294,,0,0,408,294,,0,0,408,294
334,,0,0,408,294,,0,0,408,294,,0,0,408,294
335,,0,0,408,294,,0,0,408,294,,0,0,408,294
336,,0,0,408,294,,0,0,408,294,,0,0,408,294
337,,0,0,408,294,,0,0,408,294,,0,0,408,294
338,,0,0,408,294,,0,0,408,294,,0,0,408,294
339,,0,0,408,294,,0,0,408,294,,0,0,408,294
340,,0,0,408,294,,0,0,408,294,,0,0,408,294
341,,0,0,408,294,,0,0,408,294,,0,0,408,294
342,,0,0,408,294,,0,0,408,294,,0,0,408,294
343,,0,0,408,294,,0,0,408,294,,0,0,408,294
344,,0,0,408,294,,0,0,408,294,,0,0,408,294
345,,0,0,408,294,,0,0,408,294,,0,0,408,294
346,,0,0,408,294,,0,0,408,294,,0,0,408,294
347,,0,0,408,294,,0,0,408,294,,0,0,408,294
348,,0,0,408,294,,0,0,408,294,,0,0,408,294
349,,0,0,408,294,,0,0,408,294,,0,0,408,294
350,,0,0,408,294,,0,0,408,294,,0,0,408,294
351,,0,0,408,294,,0,0,408,294,,0,0,408,294
352,,0,0,408,294,,0,0,408,294,,0,0,408,294
353,,0,0,408,294,,0,0,408,294,,0,0,408,294
354,,0,0,408,294,,0,0,408,294,,0,0,408,294
355,,0,0,408,294,,0,0,408,294,,0,0,408,294
356,,0,0,408,294,,0,0,408,294,,0,0,408,294
357,,0,0,408,294,,0,0,408,294,,0,0,408,294
358,,0,0,408,294,,0,0,408,294,,0,0,408,294
359,,0,0,408,294,,0,0,408,294,,0,0,408,294
360,,0,0,408,294,,0,0,408,294,,0,0,408,294
361,,0,0,408,294,,0,0,408,294,,0,0,408,294
362,,0,0,408,294,,0,0,408,294,,0,0,408,294
363,,0,0,408,294,,0,0,408,294,,0,0,408,294
364,,0,0,408,294,,0,0,408,294,,0,0,408,294
365,,0,0,408,294,,0,0,408,294,,0,0,408,294
366,,0,0,408,294,,0,0,408,294,,0,0,408,294
367,,0,0,408,294,,0,0,408,294,,0,0,408,294
368,,0,0,408,294,,0,0,408,294,,0,0,408,294
369,,0,0,408,294,,0,0,408,294,,0,0,408,294
370,,0,0,408,294,,0,0,408,294,,0,0,408,294
371,,0,0,408,294,,0,0,408,294,,0,0,408,294
372,,0,0,408,294,,0,0,408,294,,0,0,408,294
373,,0,0,408,294,,0,0,408,294,,0,0,408,294
374,,0,0,408,294,,0,0,408,294,,0,0,408,294
375,,0,0,408,294,,0,0,408,294,,0,0,408,294
376,,0,0,408,294,,0,0,408,294,,0,0,408,294
377,,0,0,408,294,,0,0,408,294,,0,0,408,294
378,,0,0,408,294,,0,0,408,294,,0,0,408,294
379,,0,0,408,294,,0,0,408,294,,0,0,408,294
380,,0,0,408,294,,0,0,408,294,,0,0,408,294
381,,0,0,408,294,,0,0,408,294,,0,0,408,294
382,,0,0,408,294,,0,0,408,294,,0,0,408,294
383,,0,0,408,294,,0,0,408,294,,0,0,408,294
384,,0,0,408,294,,0,0,408,294,,0,0,408,294
385,,0,0,408,294,,0,0,408,294,,0,0,408,294
386,,0,0,408,294,,0,0,408,294,,0,0,408,294
387,,0,0,408,294,,0,0,408,294,,0,0,408,294
388,,0,0,408,294,,0,0,408,294,,0,0,408,294
389,,0,0,408,294,,0,0,408,294,,0,0,408,294
390,,0,0,408,294,,0,0,408,294,,0,0,408,294
391,,0,0,408,294,,0,0,408,294,,0,0,408,294
392,,0,0,408,294,,0,0,408,294,,0,0,408,294
393,,0,0,408,294,,0,0,408,294,,0,0,408,294
394,,0,0,408,294,,0,0,408,294,,0,0,408,294
395,,0,0,408,294,,0,0,408,294,,0,0,408,294
396,,0,0,408,294,,0,0,408,294,,0,0,408,294
397,,0,0,408,294,,0,0,408,294,,0,0,408,294
398,,0,0,408,294,,0,0,408,294,,0,0,408,294
399,,0,0,408,294,,0,0,408,294,,0,0,408,294
400,,0,0,408,294,,0,0,408,294,,0,0,408,294
401,,0,0,408,294,,0,0,408,294,,0,0,408,294
402,,0,0,408,294,,0,0,408,294,,0,0,408,294
403,,0,0,408,294,,0,0,408,294,,0,0,408,294
404,,0,0,408,294,,0,0,408,294,,0,0,408,294
405,,0,0,408,294,,0,0,408,294,,0,0,408,294
406,,0,0,408,294,,0,0,408,294,,0,0,408,294
407,,0,0,408,294,,0,0,408,294,,0,0,408,294
408,,0,0,408,294,,0,0,408,294,,0,0,408,294
409,,0,0,408,294,,0,0,408,294,,0,0,408,294
410,,0,0,408,294,,0,0,408,294,,0,0,408,294
411,,0,0,408,294,,0,0,408,294,,0,0,408,294
412,,0,0,408,294,,0,0,408,294,,0,0,408,294
413,,0,0,408,294,,0,0,408,294,,0,0,408,294
414,,0,0,408,294,,0,0,408,294,,0,0,408,294
415,,0,0,408,294,,0,0,408,294,,0,0,408,294
416,,0,0,408,294,,0,0,408,294,,0,0,408,294
417,,0,0,408,294,,0,0,408,294,,0,0,408,294
418,,0,0,408,294,,0,0,408,294,,0,0,408,294
419,,0,0,408,294,,0,0,408,294,,0,0,408,294
420,,0,0,408,294,,0,0,408,294,,0,0,408,294
421,,0,0,408,294,,0,0,408,294,,0,0,408,294
422,,0,0,408,294,,0,0,408,294,,0,0,408,294
423,,0,0,408,294,,0,0,408,294,,0,0,408,294
424,,0,0,408,294,,0,0,408,294,,0,0,408,294
425,,0,0,408,294,,0,0,408,294,,0,0,408,294
426,,0,0,408,294,,0,0,408,294,,0,0,408,294
427,,0,0,408,294,,0,0,408,294,,0,0,408,294
428,,0,0,408,294,,0,0,408,294,,0,0,408,294
429,,0,0,408,294,,0,0,408,294,,0,0,408,294
430,,0,0,408,294,,0,0,408,294,,0,0,408,294
431,,0,0,408,294,,0,0,408,294,,0,0,408,294
432,,0,0,408,294,,0,0,408,294,,0,0,408,294
433,,0,0,408,294,,0,0,408,294,,0,0,408,294
434,,0,0,408,294,,0,0,408,294,,0,0,408,294
435,,0,0,408,294,,0,0,408,294,,0,0,408,294
436,,0,0,408,294,,0,0,408,294,,0,0,408,294
437,,0,0,408,294,,0,0,408,294,,0,0,408,294
438,,0,0,408,294,,0,0,408,294,,0,0,408,294
439,,0,0,408,294,,0,0,408,294,,0,0,408,294
440,,0,0,408,294,,0,0,408,294,,0,0,408,294
441,,0,0,408,294,,0,0,408,294,,0,0,408,294
442,,0,0,408,294,,0,0,408,294,,0,0,408,294
443,,0,0,408,294,,0,0,408,294,,0,0,408,294
444,,0,0,408,294,,0,0,408,294,,0,0,408,294
445,,0,0,408,294,,0,0,408,294,,0,0,408,294
446,,0,0,408,294,,0,0,408,294,,0,0,408,294
447,,0,0,408,294,,0,0,408,294,,0,0,408,294
448,,0,0,408,294,,0,0,408,294,,0,0,408,294
449,,0,0,408,294,,0,0,408,294,,0,0,408,294
450,,0,0,408,294,,0,0,408,294,,0,0,408,294
451,,0,0,408,294,,0,0,408,294,,0,0,408,294
452,,0,0,408,294,,0,0,408,294,,0,0,408,294
453,,0,0,408,294,,0,0,408,294,,0,0,408,294
454,,0,0,408,294,,0,0,408,294,,0,0,408,294
455,,0,0,408,294,,0,0,408,294,,0,0,408,294
456,,0,0,408,294,,0,0,408,294,,0,0,408,294
457,,0,0,408,294,,0,0,408,294,,0,0,408,294
458,,0,0,408,294,,0,0,408,294,,0,0,408,294
459,,0,0,408,294,,0,0,408,294,,0,0,408,294
460,,0,0,408,294,,0,0,408,294,,0,0,408,294
461,,0,0,408,294,,0,0,408,294,,0,0,408,294
462,,0,0,408,294,,0,0,408,294,,0,0,408,294
463,,0,0,408,294,,0,0,408,294,,0,0,408,294
464,,0,0,408,294,,0,0,408,294,,0,0,408,294
465,,0,0,408,294,,0,0,408,294,,0,0,408,294
466,,0,0,408,294,,0,0,408,294,,0,0,408,294
467,,0,0,408,294,,0,0,408,294,,0,0,408,294
468,,0,0,408,294,,0,0,408,294,,0,0,408,294
469,,0,0,408,294,,0,0,408,294,,0,0,408,294
470,,0,0,408,294,,0,0,408,294,,0,0,408,294
471,,0,0,408,294,,0,0,408,294,,0,0,408,294
472,,0,0,408,294,,0,0,408,294,,0,0,408,294
473,,0,0,408,294,,0,0,408,294,,0,0,408,294
474,,0,0,408,294,,0,0,408,294,,0,0,408,294
475,,0,0,408,294,,0,0,408,294,,0,0,408,294
476,,0,0,408,294,,0,0,408,294,,0,0,408,294
477,,0,0,408,294,,0,0,408,294,,0,0,408,294
478,,0,0,408,294,,0,0,408,294,,0,0,408,294
479,,0,0,408,294,,0,0,408,294,,0,0,408,294
480,,0,0,408,294,,0,0,408,294,,0,0,408,294
481,,0,0,408,294,,0,0,408,294,,0,0,408,294
482,,0,0,408,294,,0,0,408,294,,0,0,408,294
483,,0,0,408,294,,0,0,408,294,,0,0,408,294
484,,0,0,408,294,,0,0,408,294,,0,0,408,294
485,,0,0,408,294,,0,0,408,294,,0,0,408,294
486,,0,0,408,294,,0,0,408,294,,0,0,408,294
487,,0,0,408,294,,0,0,408,294,,0,0,408,294
488,,0,0,408,294,,0,0,408,294,,0,0,408,294
489,,0,0,408,294,,0,0,408,294,,0,0,408,294
490,,0,0,408,294,,0,0,408,294,,0,0,408,294
491,,0,0,408,294,,0,0,408,294,,0,0,408,294
492,,0,0,408,294,,0,0,408,294,,0,0,408,294
493,,0,0,408,294,,0,0,408,294,,0,0,408,294
494,,0,0,408,294,,0,0,408,294,,0,0,408,294
495,,0,0,408,294,,0,0,408,294,,0,0,408,294
496,,0,0,408,294,,0,0,408,294,,0,0,408,294
497,,0,0,408,294,,0,0,408,294,,0,0,408,294
498,,0,0,408,294,,0,0,408,294,,0,0,408,294
499,,0,0,408,294,,0,0,408,294,,0,0,408,294
500,,0,0,408,294,,0,0,408,294,,0,0,408,294
501,,0,0,408,294,,0,0,408,294,,0,0,408,294
502,,0,0,408,294,,0,0,408,294,,0,0,408,294
503,,0,0,408,294,,0,0,408,294,,0,0,408,294
504,,0,0,408,294,,0,0,408,294,,0,0,408,294
505,,0,0,408,294,,0,0,408,294,,0,0,408,294
506,,0,0,408,294,,0,0,408,294,,0,0,408,294
507,,0,0,408,294,,0,0,408,294,,0,0,408,294
508,,0,0,408,294,,0,0,408,294,,0,0,408,294
509,,0,0,408,294,,0,0,408,294,,0,0,408,294
510,,0,0,408,294,,0,0,408,294,,0,0,408,294
511,,0,0,408,294,,0,0,408,294,,0,0,408,294
512,,0,0,408,294,,0,0,408,294,,0,0,408,294
513,,0,0,408,294,,0,0,408,294,,0,0,408,294
514,,0,0,408,294,,0,0,408,294,,0,0,408,294
515,,0,0,408,294,,0,0,408,294,,0,0,408,294
516,,0,0,408,294,,0,0,408,294,,0,0,408,294
517,,0,0,408,294,,0,0,408,294,,0,0,408,294
518,,0,0,408,294,,0,0,408,294,,0,0,408,294
519,,0,0,408,294,,0,0,408,294,,0,0,408,294
520,,0,0,408,294,,0,0,408,294,,0,0,408,294
521,,0,0,408,294,,0,0,408,294,,0,0,408,294
522,,0,0,408,294,,0,0,408,294,,0,0,408,294
523,,0,0,408,294,,0,0,408,294,,0,0,408,294
524,,0,0,408,294,,0,0,408,294,,0,0,408,294
525,,0,0,408,294,,0,0,408,294,,0,0,408,294
526,,0,0,408,294,,0,0,408,294,,0,0,408,294
527,,0,0,408,294,,0,0,415,294,,0,0,415,294
528,,0,0,415,294,,0,0,475,294,,0,0,475,294
529,,0,0,475,294,,0,0,475,294,,0,0,475,294
530,,0,0,475,294,,0,0,475,294,,0,0,475,294
531,,0,0,475,294,,0,0,475,294,,0,0,475,294
532,,0,0,475,294,,0,0,475,294,,0,0,475,294
533,,0,0,475,294,,0,0,475,294,,0,0,475,294
534,,0,0,475,294,,0,0,475,294,,0,0,475,294
535,,0,0,475,294,,0,0,475,294,,0,0,475,294
536,,0,0,475,294,,0,0,475,294,,0,0,475,294
537,,0,0,475,294,,0,0,475,294,,0,0,475,294
538,,0,0,475,294,,0,0,475,294,,0,0,475,294
539,,0,0,475,294,,0,0,475,294,,0,0,475,294
540,,0,0,475,294,,0,0,475,294,,0,0,475,294
541,,0,0,475,294,,0,0,475,294,,0,0,475,294
542,,0,0,475,294,,0,0,475,294,,0,0,475,294
543,,0,0,475,294,,0,0,475,294,,0,0,475,294
544,,0,0,475,294,,0,0,475,294,,0,0,475,294
545,,0,0,475,294,,0,0,475,294,,0,0,475,294
546,,0,0,475,294,,0,0,475,294,,0,0,475,294
547,,0,0,475,294,,0,0,475,294,,0,0,475,294
548,,0,0,475,294,,0,0,475,294,,0,0,475,294
549,,0,0,475,294,,0,0,475,294,,0,0,475,294
550,,0,0,475,294,,0,0,475,294,,0,0,475,294
551,,0,0,475,294,,0,0,475,294,,0,0,475,294
552,,0,0,475,294,,0,0,475,294,,0,0,475,294
553,,0,0,475,294,,0,0,475,294,,0,0,475,294
554,,0,0,475,294,,0,0,475,294,,0,0,475,294
555,,0,0,475,294,,0,0,475,294,,0,0,475,294
556,,0,0,475,294,,0,0,475,294,,0,0,475,294
557,,0,0,475,294,,0,0,475,294,,0,0,475,294
558,,0,0,475,294,,0,0,475,294,,0,0,475,294
559,,0,0,475,294,,0,0,475,294,,0,0,475,294
560,,0,0,475,294,,0,0,475,294,,0,0,475,294
561,,0,0,475,294,,0,0,475,294,,0,0,475,294
562,,0,0,475,294,,0,0,475,294,,0,0,475,294
563,,0,0,475,294,,0,0,475,294,,0,0,475,294
564,,0,0,475,294,,0,0,475,294,,0,0,475,294
565,,0,0,475,294,,0,0,475,294,,0,0,475,294
566,,0,0,475,294,,0,0,475,294,,0,0,475,294
567,,0,0,475,294,,0,0,475,294,,0,0,475,294
568,,0,0,475,294,,0,0,475,294,,0,0,475,294
569,,0,0,475,294,,0,0,475,294,,0,0,475,294
570,,0,0,475,294,,0,0,475,294,,0,0,475,294
571,,0,0,475,294,,0,0,475,294,,0,0,475,294
572,,0,0,475,294,,0,0,475,294,,0,0,475,294
573,,0,0,475,294,,0,0,475,294,,0,0,475,294
574,,0,0,475,294,,0,0,475,294,,0,0,475,294
575,,0,0,475,294,,0,0,475,294,,0,0,475,294
576,,0,0,475,294,,0,0,475,294,,0,0,475,294
577,,0,0,475,294,,0,0,475,294,,0,0,475,294
578,,0,0,475,294,,0,0,475,294,,0,0,475,294
579,,0,0,475,294,,0,0,475,294,,0,0,475,294
580,,0,0,475,294,,0,0,475,294,,0,0,475,294
581,,0,0,475,294,,0,0,475,294,,0,0,475,294
582,,0,0,475,294,,0,0,475,294,,0,0,475,294
583,,0,0,475,294,,0,0,475,294,,0,0,475,294
584,,0,0,475,294,,0,0,475,294,,0,0,475,294
585,,0,0,475,294,,0,0,475,294,,0,0,475,294
586,,0,0,475,294,,0,0,475,294,,0,0,475,294
587,,0,0,475,294,,0,0,475,294,,0,0,475,294
588,,0,0,475,294,,0,0,475,294,,0,0,475,294
589,,0,0,475,294,,0,0,475,294,,0,0,475,294
590,,0,0,475,294,,0,0,475,294,,0,0,475,294
591,,0,0,475,294,,0,0,475,294,,0,0,475,294
592,,0,0,475,294,,0,0,475,294,,0,0,475,294
593,,0,0,475,294,,0,0,475,294,,0,0,475,294
594,,0,0,475,294,,0,0,475,294,,0,0,475,294
595,,0,0,475,294,,0,0,475,294,,0,0,475,294
596,,0,0,475,294,,0,0,475,294,,0,0,475,294
597,,0,0,475,294,,0,0,475,294,,0,0,475,294
598,,0,0,475,294,,0,0,475,294,,0,0,475,294
599,,0,0,475,294,,0,0,475,294,,0,0,475,294
600,,0,0,475,294,,0,0,475,294,,0,0,475,294
601,,0,0,475,294,,0,0,475,294,,0,0,475,294
602,,0,0,475,294,,0,0,475,294,,0,0,475,294
603,,0,0,475,294,,0,0,475,294,,0,0,475,294
604,,0,0,475,294,,0,0,475,294,,0,0,475,294
605,,0,0,475,294,,0,0,475,294,,0,0,475,294
606,,0,0,475,294,,0,0,475,294,,0,0,475,294
607,,0,0,475,294,,0,0,475,294,,0,0,475,294
608,,0,0,475,294,,0,0,475,294,,0,0,475,294
609,,0,0,475,294,,0,0,475,294,,0,0,475,294
610,,0,0,475,294,,0,0,475,294,,0,0,475,294
611,,0,0,475,294,,0,0,475,294,,0,0,475,294
612,,0,0,475,294,,0,0,475,294,,0,0,475,294
613,,0,0,475,294,,0,0,475,294,,0,0,475,294
614,,0,0,475,294,,0,0,475,294,,0,0,475,294
615,,0,0,475,294,,0,0,475,294,,0,0,475,294
616,,0,0,475,294,,0,0,475,294,,0,0,475,294
617,,0,0,475,294,,0,0,475,294,,0,0,475,294
618,,0,0,475,294,,0,0,475,294,,0,0,475,294
619,,0,0,475,294,,0,0,475,294,,0,0,475,294
620,,0,0,475,294,,0,0,475,294,,0,0,475,294
621,,0,0,475,294,,0,0,475,294,,0,0,475,294
622,,0,0,475,294,,0,0,475,294,,0,0,475,294
623,,0,0,475,294,,0,0,475,294,,0,0,475,294
624,,0,0,475,294,,0,0,475,294,,0,0,475,294
625,,0,0,475,294,,0,0,475,294,,0,0,475,294
626,,0,0,475,294,,0,0,475,294,,0,0,475,294
627,,0,0,475,294,,0,0,475,294,,0,0,475,294
628,,0,0,475,294,,0,0,475,294,,0,0,475,294
629,,0,0,475,294,,0,0,475,294,,0,0,475,294
630,,0,0,475,294,,0,0,475,294,,0,0,475,294
631,,0,0,475,294,,0,0,475,294,,0,0,475,294
632,,0,0,475,294,,0,0,475,294,,0,0,475,294
633,,0,0,475,294,,0,0,475,294,,0,0,475,294
634,,0,0,475,294,,0,0,475,294,,0,0,475,294
635,,0,0,475,294,,0,0,475,294,,0,0,475,294
636,,0,0,475,294,,0,0,475,294,,0,0,475,294
637,,0,0,475,294,,0,0,475,294,,0,0,475,294
638,,0,0,475,294,,0,0,475,294,,0,0,475,294
639,,0,0,475,294,,0,0,475,294,,0,0,475,294
640,,0,0,475,294,,0,0,475,294,,0,0,475,294
641,,0,0,475,294,,0,0,475,294,,0,0,475,294
642,,0,0,475,294,,0,0,475,294,,0,0,475,294
643,,0,0,475,294,,0,0,475,294,,0,0,475,294
644,,0,0,475,294,,0,0,475,294,,0,0,475,294
645,,0,0,475,294,,0,0,475,294,,0,0,475,294
646,,0,0,475,294,,0,0,475,294,,0,0,475,294
647,,0,0,475,294,,0,0,475,294,,0,0,475,294
648,,0,0,475,294,,0,0,475,294,,0,0,475,294
649,,0,0,475,294,,0,0,475,294,,0,0,475,294
650,,0,0,475,294,,0,0,475,294,,0,0,475,294
651,,0,0,475,294,,0,0,475,294,,0,0,475,294
652,,0,0,475,294,,0,0,475,294,,0,0,475,294
653,,0,0,475,294,,0,0,475,294,,0,0,475,294
654,,0,0,475,294,,0,0,475,294,,0,0,475,294
655,,0,0,475,294,,0,0,475,294,,0,0,475,294
656,,0,0,475,294,,0,0,475,294,,0,0,475,294
657,,0,0,475,294,,0,0,475,294,,0,0,475,294
658,,0,0,475,294,,0,0,475,294,,0,0,475,294
659,,0,0,475,294,,0,0,475,294,,0,0,475,294
660,,0,0,475,294,,0,0,475,294,,0,0,475,294
661,,0,0,475,294,,0,0,475,294,,0,0,475,294
662,,0,0,475,294,,0,0,475,294,,0,0,475,294
663,,0,0,475,294,,0,0,475,294,,0,0,475,294
664,,0,0,475,294,,0,0,475,294,,0,0,475,294
665,,0,0,475,294,,0,0,475,294,,0,0,475,294
666,,0,0,475,294,,0,0,475,294,,0,0,475,294
667,,0,0,475,294,,0,0,475,294,,0,0,475,294
668,,0,0,475,294,,0,0,475,294,,0,0,475,294
669,,0,0,475,294,,0,0,475,294,,0,0,475,294
670,,0,0,475,294,,0,0,475,294,,0,0,475,294
671,,0,0,475,294,,0,0,475,294,,0,0,475,294
672,,0,0,475,294,,0,0,475,294,,0,0,475,294
673,,0,0,475,294,,0,0,475,294,,0,0,475,294
674,,0,0,475,294,,0,0,475,294,,0,0,475,294
675,,0,0,475,294,,0,0,475,294,,0,0,475,294
676,,0,0,475,294,,0,0,475,294,,0,0,475,294
677,,0,0,475,294,,0,0,475,294,,0,0,475,294
678,,0,0,475,294,,0,0,475,294,,0,0,475,294
679,,0,0,475,294,,0,0,475,294,,0,0,475,294
680,,0,0,475,294,,0,0,475,294,,0,0,475,294
681,,0,0,475,294,,0,0,475,294,,0,0,475,294
682,,0,0,475,294,,0,0,475,294,,0,0,475,294
683,,0,0,475,294,,0,0,475,294,,0,0,475,294
684,,0,0,475,294,,0,0,475,294,,0,0,475,294
685,,0,0,475,294,,0,0,475,294,,0,0,475,294
686,,0,0,475,294,,0,0,475,294,,0,0,475,294
687,,0,0,475,294,,0,0,475,294,,0,0,475,294
688,,0,0,475,294,,0,0,475,294,,0,0,475,294
689,,0,0,475,294,,0,0,475,294,,0,0,475,294
690,,0,0,475,294,,0,0,475,294,,0,0,475,294
691,,0,0,475,294,,0,0,475,294,,0,0,475,294
692,,0,0,475,294,,0,0,475,294,,0,0,475,294
693,,0,0,475,294,,0,0,475,294,,0,0,475,294
694,,0,0,475,294,,0,0,475,294,,0,0,475,294
695,,0,0,475,294,,0,0,475,294,,0,0,475,294
696,,0,0,475,294,,0,0,475,294,,0,0,475,294
697,,0,0,475,294,,0,0,475,294,,0,0,475,294
698,,0,0,475,294,,0,0,475,294,,0,0,475,294
699,,0,0,475,294,,0,0,475,294,,0,0,475,294
700,,0,0,475,294,,0,0,475,294,,0,0,475,294
701,,0,0,475,294,,0,0,475,294,,0,0,475,294
702,,0,0,475,294,,0,0,475,294,,0,0,475,294
703,,0,0,475,294,,0,0,475,294,,0,0,475,294
704,,0,0,475,294,,0,0,475,294,,0,0,475,294
705,,0,0,475,294,,0,0,475,294,,0,0,475,294
706,,0,0,475,294,,0,0,475,294,,0,0,475,294
707,,0,0,475,294,,0,0,475,294,,0,0,475,294
708,,0,0,475,294,,0,0,475,294,,0,0,475,294
709,,0,0,475,294,,0,0,475,294,,0,0,475,294
710,,0,0,475,294,,0,0,475,294,,0,0,475,294
711,,0,0,475,294,,0,0,475,294,,0,0,475,294
712,,0,0,475,294,,0,0,475,294,,0,0,475,294
713,,0,0,475,294,,0,0,475,294,,0,0,475,294
714,,0,0,475,294,,0,0,475,294,,0,0,475,294
715,,0,0,475,294,,0,0,475,294,,0,0,475,294
716,,0,0,475,294,,0,0,475,294,,0,0,475,294
717,,0,0,475,294,,0,0,475,294,,0,0,475,294
718,,0,0,475,294,,0,0,475,294,,0,0,475,294
719,,0,0,475,294,,0,0,475,294,,0,0,475,294
720,,0,0,475,294,,0,0,475,294,,0,0,475,294
721,,0,0,475,294,,0,0,475,294,,0,0,475,294
722,,0,0,475,294,,0,0,475,294,,0,0,475,294
723,,0,0,475,294,,0,0,475,294,,0,0,475,294
724,,0,0,475,294,,0,0,475,294,,0,0,475,294
725,,0,0,475,294,,0,0,475,294,,0,0,475,294
726,,0,0,475,294,,0,0,475,294,,0,0,475,294
727,,0,0,475,294,,0,0,475,294,,0,0,475,294
728,,0,0,475,294,,0,0,475,294,,0,0,475,294
729,,0,0,475,294,,0,0,475,294,,0,0,475,294
730,,0,0,475,294,,0,0,475,294,,0,0,475,294
731,,0,0,475,294,,0,0,475,294,,0,0,475,294
732,,0,0,475,294,,0,0,475,294,,0,0,475,294
733,,0,0,475,294,,0,0,475,294,,0,0,475,294
734,,0,0,475,294,,0,0,475,294,,0,0,475,294
735,,0,0,475,294,,0,0,475,294,,0,0,475,294
736,,0,0,475,294,,0,0,475,294,,0,0,475,294
737,,0,0,475,294,,0,0,475,294,,0,0,475,294
738,,0,0,475,294,,0,0,475,294,,0,0,475,294
739,,0,0,475,294,,0,0,475,294,,0,0,475,294
740,,0,0,475,294,,0,0,475,294,,0,0,475,294
741,,0,0,475,294,,0,0,475,294,,0,0,475,294
742,,0,0,475,294,,0,0,475,294,,0,0,475,294
743,,0,0,475,294,,0,0,475,294,,0,0,475,294
744,,0,0,475,294,,0,0,475,294,,0,0,475,294
745,,0,0,475,294,,0,0,475,294,,0,0,475,294
746,,0,0,475,294,,0,0,475,294,,0,0,475,294
747,,0,0,475,294,,0,0,475,294,,0,0,475,294
748,,0,0,475,294,,0,0,475,294,,0,0,475,294
749,,0,0,475,294,,0,0,475,294,,0,0,475,294
750,,0,0,475,294,,0,0,475,294,,0,0,475,294
751,,0,0,475,294,,0,0,475,294,,0,0,475,294
752,,0,0,475,294,,0,0,475,294,,0,0,475,294
753,,0,0,475,294,,0,0,475,294,,0,0,475,294
754,,0,0,475,294,,0,0,475,294,,0,0,475,294
755,,0,0,475,294,,0,0,475,294,,0,0,475,294
756,,0,0,475,294,,0,0,475,294,,0,0,475,294
757,,0,0,475,294,,0,0,475,294,,0,0,475,294
758,,0,0,475,294,,0,0,475,294,,0,0,475,294
759,,0,0,475,294,,0,0,475,294,,0,0,475,294
760,,0,0,475,294,,0,0,475,294,,0,0,475,294
761,,0,0,475,294,,0,0,475,294,,0,0,475,294
762,,0,0,475,294,,0,0,475,294,,0,0,475,294
763,,0,0,475,294,,0,0,475,294,,0,0,475,294
764,,0,0,475,294,,0,0,475,294,,0,0,475,294
765,,0,0,475,294,,0,0,475,294,,0,0,475,294
766,,0,0,475,294,,0,0,475,294,,0,0,475,294
767,,0,0,475,294,,0,0,475,294,,0,0,475,294
768,,0,0,475,294,,0,0,475,294,,0,0,475,294
769,,0,0,475,294,,0,0,475,294,,0,0,475,294
770,,0,0,475,294,,0,0,475,294,,0,0,475,294
771,,0,0,475,294,,0,0,475,294,,0,0,475,294
772,,0,0,475,294,,0,0,475,294,,0,0,475,294
773,,0,0,475,294,,0,0,475,294,,0,0,475,294
774,,0,0,475,294,,0,0,475,294,,0,0,475,294
775,,0,0,475,294,,0,0,475,294,,0,0,475,294
776,,0,0,475,294,,0,0,475,294,,0,0,475,294
777,,0,0,475,294,,0,0,475,294,,0,0,475,294
778,,0,0,475,294,,0,0,475,294,,0,0,475,294
779,,0,0,475,294,,0,0,475,294,,0,0,475,294
780,,0,0,475,294,,0,0,475,294,,0,0,475,294
781,,0,0,475,294,,0,0,475,294,,0,0,475,294
782,,0,0,475,294,,0,0,475,294,,0,0,475,294
783,,0,0,475,294,,0,0,475,294,,0,0,475,294
784,,0,0,475,294,,0,0,475,294,,0,0,475,294
785,,0,0,475,294,,0,0,475,294,,0,0,475,294
786,,0,0,475,294,,0,0,475,294,,0,0,475,294
787,,0,0,475,294,,0,0,475,294,,0,0,475,294
788,,0,0,475,294,,0,0,475,294,,0,0,475,294
789,,0,0,475,294,,0,0,475,294,,0,0,475,294
790,,0,0,475,294,,0,0,475,294,,0,0,475,294
791,,0,0,475,294,,0,0,475,294,,0,0,475,294
792,,0,0,475,294,,0,0,475,294,,0,0,475,294
793,,0,0,475,294,,0,0,475,294,,0,0,475,294
794,,0,0,475,294,,0,0,475,294,,0,0,475,294
795,,0,0,475,294,,0,0,475,294,,0,0,475,294
796,,0,0,475,294,,0,0,475,294,,0,0,475,294
797,,0,0,475,294,,0,0,475,294,,0,0,475,294
798,,0,0,475,294,,0,0,475,294,,0,0,475,294
799,,0,0,475,294,,0,0,475,294,,0,0,475,294
800,,0,0,475,294,,0,0,475,294,,0,0,475,294
801,,0,0,475,294,,0,0,475,294,,0,0,475,294
802,,0,0,475,294,,0,0,475,294,,0,0,475,294
803,,0,0,475,294,,0,0,475,294,,0,0,475,294
804,,0,0,475,294,,0,0,475,294,,0,0,475,294
805,,0,0,475,294,,0,0,475,294,,0,0,475,294
806,,0,0,475,294,,0,0,475,294,,0,0,475,294
807,,0,0,475,294,,0,0,475,294,,0,0,475,294
808,,0,0,475,294,,0,0,475,294,,0,0,475,294
809,,0,0,475,294,,0,0,475,294,,0,0,475,294
810,,0,0,475,294,,0,0,475,294,,0,0,475,294
811,,0,0,475,294,,0,0,475,294,,0,0,475,294
812,,0,0,475,294,,0,0,475,294,,0,0,475,294
813,,0,0,475,294,,0,0,475,294,,0,0,475,294
814,,0,0,475,294,,0,0,475,294,,0,0,475,294
815,,0,0,475,294,,0,0,475,294,,0,0,475,294
816,,0,0,475,294,,0,0,475,294,,0,0,475,294
817,,0,0,475,294,,0,0,475,294,,0,0,475,294
818,,0,0,475,294,,0,0,475,294,,0,0,475,294
819,,0,0,475,294,,0,0,475,294,,0,0,475,294
820,,0,0,475,294,,0,0,475,294,,0,0,475,294
821,,0,0,475,294,,0,0,475,294,,0,0,475,294
822,,0,0,475,294,,0,0,475,294,,0,0,475,294
823,,0,0,475,294,,0,0,475,294,,0,0,475,294
824,,0,0,475,294,,0,0,475,294,,0,0,475,294
825,,0,0,475,294,,0,0,475,294,,0,0,475,294
826,,0,0,475,294,,0,0,475,294,,0,0,475,294
827,,0,0,475,294,,0,0,475,294,,0,0,475,294
828,,0,0,475,294,,0,0,475,294,,0,0,475,294
829,,0,0,475,294,,0,0,475,294,,0,0,475,294
830,,0,0,475,294,,0,0,475,294,,0,0,475,294
831,,0,0,475,294,,0,0,475,294,,0,0,475,294
832,,0,0,475,294,,0,0,475,294,,0,0,475,294
833,,0,0,475,294,,0,0,475,294,,0,0,475,294
834,,0,0,475,294,,0,0,475,294,,0,0,475,294
835,,0,0,475,294,,0,0,475,294,,0,0,475,294
836,,0,0,475,294,,0,0,475,294,,0,0,475,294
837,,0,0,475,294,,0,0,475,294,,0,0,475,294
838,,0,0,475,294,,0,0,475,294,,0,0,475,294
839,,0,0,475,294,,0,0,475,294,,0,0,475,294
840,,0,0,475,294,,0,0,475,294,,0,0,475,294
841,,0,0,475,294,,0,0,475,294,,0,0,475,294
842,,0,0,475,294,,0,0,475,294,,0,0,475,294
843,,0,0,475,294,,0,0,475,294,,0,0,475,294
844,,0,0,475,294,,0,0,475,294,,0,0,475,294
845,,0,0,475,294,,0,0,475,294,,0,0,475,294
846,,0,0,475,294,,0,0,475,294,,0,0,475,294
847,,0,0,475,294,,0,0,475,294,,0,0,475,294
848,,0,0,475,294,,0,0,475,294,,0,0,475,294
849,,0,0,475,294,,0,0,475,294,,0,0,475,294
850,,0,0,475,294,,0,0,475,294,,0,0,475,294
851,,0,0,475,294,,0,0,475,294,,0,0,475,294
852,,0,0,475,294,,0,0,475,294,,0,0,475,294
853,,0,0,475,294,,0,0,475,294,,0,0,475,294
854,,0,0,475,294,,0,0,475,294,,0,0,475,294
855,,0,0,475,294,,0,0,475,294,,0,0,475,294
856,,0,0,475,294,,0,0,475,294,,0,0,475,294
857,,0,0,475,294,,0,0,475,294,,0,0,475,294
858,,0,0,475,294,,0,0,475,294,,0,0,475,294
859,,0,0,475,294,,0,0,475,294,,0,0,475,294
860,,0,0,475,294,,0,0,475,294,,0,0,475,294
861,,0,0,475,294,,0,0,475,294,,0,0,475,294
862,,0,0,475,294,,0,0,475,294,,0,0,475,294
863,,0,0,475,294,,0,0,475,294,,0,0,475,294
864,,0,0,475,294,,0,0,475,294,,0,0,475,294
865,,0,0,475,294,,0,0,475,294,,0,0,475,294
866,,0,0,475,294,,0,0,475,294,,0,0,475,294
867,,0,0,475,294,,0,0,475,294,,0,0,475,294
868,,0,0,475,294,,0,0,475,294,,0,0,475,294
869,,0,0,475,294,,0,0,475,294,,0,0,475,294
870,,0,0,475,294,,0,0,475,294,,0,0,475,294
871,,0,0,475,294,,0,0,475,294,,0,0,475,294
872,,0,0,475,294,,0,0,475,294,,0,0,475,294
873,,0,0,475,294,,0,0,475,294,,0,0,475,294
874,,0,0,475,294,,0,0,475,294,,0,0,475,294
875,,0,0,475,294,,0,0,475,294,,0,0,475,294
876,,0,0,475,294,,0,0,475,294,,0,0,475,294
877,,0,0,475,294,,0,0,475,294,,0,0,475,294
878,,0,0,475,294,,0,0,475,294,,0,0,475,294
879,,0,0,475,294,,0,0,475,294,,0,0,475,294
880,,0,0,475,294,,0,0,475,294,,0,0,475,294
881,,0,0,475,294,,0,0,475,294,,0,0,475,294
882,,0,0,475,294,,0,0,475,294,,0,0,475,294
883,,0,0,475,294,,0,0,475,294,,0,0,475,294
884,,0,0,475,294,,0,0,475,294,,0,0,475,294
885,,0,0,475,294,,0,0,475,294,,0,0,475,294
886,,0,0,475,294,,0,0,475,294,,0,0,475,294
887,,0,0,475,294,,0,0,475,294,,0,0,475,294
888,,0,0,475,294,,0,0,475,294,,0,0,475,294
889,,0,0,475,294,,0,0,475,294,,0,0,475,294
890,,0,0,475,294,,0,0,475,294,,0,0,475,294
891,,0,0,475,294,,0,0,475,294,,0,0,475,294
892,,0,0,475,294,,0,0,475,294,,0,0,475,294
893,,0,0,475,294,,0,0,475,294,,0,0,475,294
894,,0,0,475,294,,0,0,475,294,,0,0,475,294
895,,0,0,475,294,,0,0,475,294,,0,0,475,294
896,,0,0,475,294,,0,0,475,294,,0,0,475,294
897,,0,0,475,294,,0,0,475,294,,0,0,475,294
898,,0,0,475,294,,0,0,475,294,,0,0,475,294
899,,0,0,475,294,,0,0,475,294,,0,0,475,294
900,,0,0,475,294,,0,0,475,294,,0,0,475,294
901,,0,0,475,294,,0,0,475,294,,0,0,475,294
902,,0,0,475,294,,0,0,475,294,,0,0,475,294
903,,0,0,475,294,,0,0,475,294,,0,0,475,294
904,,0,0,475,294,,0,0,475,294,,0,0,475,294
905,,0,0,475,294,,0,0,475,294,,0,0,475,294
906,,0,0,475,294,,0,0,475,294,,0,0,475,294
907,,0,0,475,294,,0,0,475,294,,0,0,475,294
908,,0,0,475,294,,0,0,475,294,,0,0,475,294
909,,0,0,475,294,,0,0,475,294,,0,0,475,294
910,,0,0,475,294,,0,0,475,294,,0,0,475,294
911,,0,0,475,294,,0,0,475,294,,0,0,475,294
912,,0,0,475,294,,0,0,475,294,,0,0,475,294
913,,0,0,475,294,,0,0,475,294,,0,0,475,294
914,,0,0,475,294,,0,0,475,294,,0,0,475,294
915,,0,0,475,294,,0,0,475,294,,0,0,475,294
916,,0,0,475,294,,0,0,475,294,,0,0,475,294
917,,0,0,475,294,,0,0,475,294,,0,0,475,294
918,,0,0,475,294,,0,0,475,294,,0,0,475,294
919,,0,0,475,294,,0,0,475,294,,0,0,475,294
920,,0,0,475,294,,0,0,475,294,,0,0,475,294
921,,0,0,475,294,,0,0,475,294,,0,0,475,294
922,,0,0,475,294,,0,0,475,294,,0,0,475,294
923,,0,0,475,294,,0,0,475,294,,0,0,475,294
924,,0,0,475,294,,0,0,475,294,,0,0,475,294
925,,0,0,475,294,,0,0,475,294,,0,0,475,294
926,,0,0,475,294,,0,0,475,294,,0,0,475,294
927,,0,0,475,294,,0,0,475,294,,0,0,475,294
928,,0,0,475,294,,0,0,475,294,,0,0,475,294
929,,0,0,475,294,,0,0,475,294,,0,0,475,294
930,,0,0,475,294,,0,0,475,294,,0,0,475,294
931,,0,0,475,294,,0,0,475,294,,0,0,475,294
932,,0,0,475,294,,0,0,475,294,,0,0,475,294
933,,0,0,475,294,,0,0,475,294,,0,0,475,294
934,,0,0,475,294,,0,0,475,294,,0,0,475,294
935,,0,0,475,294,,0,0,475,294,,0,0,475,294
936,,0,0,475,294,,0,0,475,294,,0,0,475,294
937,,0,0,475,294,,0,0,475,294,,0,0,475,294
938,,0,0,475,294,,0,0,475,294,,0,0,475,294
939,,0,0,475,294,,0,0,475,294,,0,0,475,294
940,,0,0,475,294,,0,0,475,294,,0,0,475,294
941,,0,0,475,294,,0,0,475,294,,0,0,475,294
942,,0,0,475,294,,0,0,475,294,,0,0,475,294
943,,0,0,475,294,,0,0,475,294,,0,0,475,294
944,,0,0,475,294,,0,0,475,294,,0,0,475,294
945,,0,0,475,294,,0,0,475,294,,0,0,475,294
946,,0,0,475,294,,0,0,475,294,,0,0,475,294
947,,0,0,475,294,,0,0,475,294,,0,0,475,294
948,,0,0,475,294,,0,0,475,294,,0,0,475,294
949,,0,0,475,294,,0,0,475,294,,0,0,475,294
950,,0,0,475,294,,0,0,475,294,,0,0,475,294
951,,0,0,475,294,,0,0,475,294,,0,0,475,294
952,,0,0,475,294,,0,0,475,294,,0,0,475,294
953,,0,0,475,294,,0,0,475,294,,0,0,475,294
954,,0,0,475,294,,0,0,475,294,,0,0,475,294
955,,0,0,475,294,,0,0,475,294,,0,0,475,294
956,,0,0,475,294,,0,0,475,294,,0,0,475,294
957,,0,0,475,294,,0,0,475,294,,0,0,475,294
958,,0,0,475,294,,0,0,475,294,,0,0,475,294
959,,0,0,475,294,,0,0,475,294,,0,0,475,294
960,,0,0,475,294,,0,0,475,294,,0,0,475,294
961,,0,0,475,294,,0,0,475,294,,0,0,475,294
962,,0,0,475,294,,0,0,475,294,,0,0,475,294
963,,0,0,475,294,,0,0,475,294,,0,0,475,294
964,,0,0,475,294,,0,0,475,294,,0,0,475,294
965,,0,0,475,294,,0,0,475,294,,0,0,475,294
966,,0,0,475,294,,0,0,475,294,,0,0,475,294
967,,0,0,475,294,,0,0,475,294,,0,0,475,294
968,,0,0,475,294,,0,0,475,294,,0,0,475,294
969,,0,0,475,294,,0,0,475,294,,0,0,475,294
970,,0,0,475,294,,0,0,475,294,,0,0,475,294
971,,0,0,475,294,,0,0,475,294,,0,0,475,294
972,,0,0,475,294,,0,0,475,294,,0,0,475,294
973,,0,0,475,294,,0,0,475,294,,0,0,475,294
974,,0,0,475,294,,0,0,475,294,,0,0,475,294
975,,0,0,475,294,,0,0,475,294,,0,0,475,294
976,,0,0,475,294,,0,0,475,294,,0,0,475,294
977,,0,0,475,294,,0,0,475,294,,0,0,475,294
978,,0,0,475,294,,0,0,475,294,,0,0,475,294
979,,0,0,475,294,,0,0,475,294,,0,0,475,294
980,,0,0,475,294,,0,0,475,294,,0,0,475,294
981,,0,0,475,294,,0,0,475,294,,0,0,475,294
982,,0,0,475,294,,0,0,475,294,,0,0,475,294
983,,0,0,475,294,,0,0,475,294,,0,0,475,294
984,,0,0,475,294,,0,0,475,294,,0,0,475,294
985,,0,0,475,294,,0,0,475,294,,0,0,475,294
986,,0,0,475,294,,0,0,475,294,,0,0,475,294
987,,0,0,475,294,,0,0,475,294,,0,0,475,294
988,,0,0,475,294,,0,0,475,294,,0,0,475,294
989,,0,0,475,294,,0,0,475,294,,0,0,475,294
990,,0,0,475,294,,0,0,475,294,,0,0,475,294
991,,0,0,475,294,,0,0,475,294,,0,0,475,294
992,,0,0,475,294,,0,0,475,294,,0,0,475,294
993,,0,0,475,294,,0,0,475,294,,0,0,475,294
994,,0,0,475,294,,0,0,475,294,,0,0,475,294
995,,0,0,475,294,,0,0,475,294,,0,0,475,294
996,,0,0,475,294,,0,0,475,294,,0,0,475,294
997,,0,0,475,294,,0,0,475,294,,0,0,475,294
998,,0,0,475,294,,0,0,475,294,,0,0,475,294
999,,0,0,475,294,,0,0,475,294,,0,0,475,294
1000,,0,0,475,294,,0,0,475,294,,0,0,475,294
1001,,0,0,475,294,,0,0,475,294,,0,0,475,294
1002,,0,0,475,294,,0,0,475,294,,0,0,475,294
1003,,0,0,475,294,,0,0,475,294,,0,0,475,294
1004,,0,0,475,294,,0,0,475,294,,0,0,475,294
1005,,0,0,475,294,,0,0,475,294,,0,0,475,294
1006,,0,0,475,294,,0,0,475,294,,0,0,475,294
1007,,0,0,475,294,,0,0,475,294,,0,0,475,294
1008,,0,0,475,294,,0,0,475,294,,0,0,475,294
1009,,0,0,475,294,,0,0,475,294,,0,0,475,294
1010,,0,0,475,294,,0,0,475,294,,0,0,475,294
1011,,0,0,475,294,,0,0,475,294,,0,0,475,294
1012,,0,0,475,294,,0,0,475,294,,0,0,475,294
1013,,0,0,475,294,,0,0,475,294,,0,0,475,294
1014,,0,0,475,294,,0,0,475,294,,0,0,475,294
1015,,0,0,475,294,,0,0,475,294,,0,0,475,294
1016,,0,0,475,294,,0,0,475,294,,0,0,475,294
1017,,0,0,475,294,,0,0,475,294,,0,0,475,294
1018,,0,0,475,294,,0,0,475,294,,0,0,475,294
1019,,0,0,475,294,,0,0,475,294,,0,0,475,294
1020,,0,0,475,294,,0,0,475,294,,0,0,475,294
1021,,0,0,475,294,,0,0,475,294,,0,0,475,294
1022,,0,0,475,294,,0,0,475,294,,0,0,475,294
1023,,0,0,475,294,,0,0,475,294,,0,0,475,294
1024,,0,0,475,294,,0,0,475,294,,0,0,475,294
1025,,0,0,475,294,,0,0,475,294,,0,0,475,294
1026,,0,0,475,294,,0,0,475,294,,0,0,475,294
1027,,0,0,475,294,,0,0,475,294,,0,0,475,294
1028,,0,0,475,294,,0,0,475,294,,0,0,475,294
1029,,0,0,475,294,,0,0,475,294,,0,0,475,294
1030,,0,0,475,294,,0,0,475,294,,0,0,475,294
1031,,0,0,475,294,,0,0,475,294,,0,0,475,294
1032,,0,0,475,294,,0,0,475,294,,0,0,475,294
1033,,0,0,475,294,,0,0,475,294,,0,0,475,294
1034,,0,0,475,294,,0,0,475,294,,0,0,475,294
1035,,0,0,475,294,,0,0,475,294,,0,0,475,294
1036,,0,0,475,294,,0,0,475,294,,0,0,475,294
1037,,0,0,475,294,,0,0,475,294,,0,0,475,294
1038,,0,0,475,294,,0,0,475,294,,0,0,475,294
1039,,0,0,475,294,,0,0,475,294,,0,0,475,294
1040,,0,0,475,294,,0,0,475,294,,0,0,475,294
1041,,0,0,475,294,,0,0,475,294,,0,0,475,294
1042,,0,0,475,294,,0,0,475,294,,0,0,475,294
1043,,0,0,475,294,,0,0,475,294,,0,0,475,294
1044,,0,0,475,294,,0,0,475,294,,0,0,475,294
1045,,0,0,475,294,,0,0,475,294,,0,0,475,294
1046,,0,0,475,294,,0,0,475,294,,0,0,475,294
1047,,0,0,475,294,,0,0,475,294,,0,0,475,294
1048,,0,0,475,294,,0,0,475,294,,0,0,475,294
1049,,0,0,475,294,,0,0,475,294,,0,0,475,294
1050,,0,0,475,294,,0,0,475,294,,0,0,475,294
1051,,0,0,475,294,,0,0,475,294,,0,0,475,294
1052,,0,0,475,294,,0,0,475,294,,0,0,475,294
1053,,0,0,475,294,,0,0,475,294,,0,0,475,294
1054,,0,0,475,294,,0,0,475,294,,0,0,475,294
1055,,0,0,475,294,,0,0,475,294,,0,0,475,294
1056,,0,0,475,294,,0,0,475,294,,0,0,475,294
1057,,0,0,475,294,,0,0,475,294,,0,0,475,294
1058,,0,0,475,294,,0,0,475,294,,0,0,475,294
1059,,0,0,475,294,,0,0,475,294,,0,0,475,294
1060,,0,0,475,294,,0,0,475,294,,0,0,475,294
1061,,0,0,475,294,,0,0,475,294,,0,0,475,294
1062,,0,0,475,294,,0,0,475,294,,0,0,475,294
1063,,0,0,475,294,,0,0,475,294,,0,0,475,294
1064,,0,0,475,294,,0,0,475,294,,0,0,475,294
1065,,0,0,475,294,,0,0,475,294,,0,0,475,294
1066,,0,0,475,294,,0,0,475,294,,0,0,475,294
1067,,0,0,475,294,,0,0,475,294,,0,0,475,294
1068,,0,0,475,294,,0,0,475,294,,0,0,475,294
1069,,0,0,475,294,,0,0,475,294,,0,0,475,294
1070,,0,0,475,294,,0,0,475,294,,0,0,475,294
1071,,0,0,475,294,,0,0,475,294,,0,0,475,294
1072,,0,0,475,294,,0,0,475,294,,0,0,475,294
1073,,0,0,475,294,,0,0,475,294,,0,0,475,294
1074,,0,0,475,294,,0,0,475,294,,0,0,475,294
1075,,0,0,475,294,,0,0,475,294,,0,0,475,294
1076,,0,0,475,294,,0,0,475,294,,0,0,475,294
1077,,0,0,475,294,,0,0,475,294,,0,0,475,294
1078,,0,0,475,294,,0,0,475,294,,0,0,475,294
1079,,0,0,475,294,,0,0,475,294,,0,0,475,294
1080,,0,0,475,294,,0,0,475,294,,0,0,475,294
1081,,0,0,475,294,,0,0,475,294,,0,0,475,294
1082,,0,0,475,294,,0,0,475,294,,0,0,475,294
1083,,0,0,475,294,,0,0,475,294,,0,0,475,294
1084,,0,0,475,294,,0,0,475,294,,0,0,475,294
1085,,0,0,475,294,,0,0,475,294,,0,0,475,294
1086,,0,0,475,294,,0,0,475,294,,0,0,475,294
1087,,0,0,475,294,,0,0,475,294,,0,0,475,294
1088,,0,0,475,294,,0,0,475,294,,0,0,475,294
1089,,0,0,475,294,,0,0,475,294,,0,0,475,294
1090,,0,0,475,294,,0,0,475,294,,0,0,475,294
1091,,0,0,475,294,,0,0,475,294,,0,0,475,294
1092,,0,0,475,294,,0,0,475,294,,0,0,475,294
1093,,0,0,475,294,,0,0,475,294,,0,0,475,294
1094,,0,0,475,294,,0,0,475,294,,0,0,475,294
1095,,0,0,475,294,,0,0,475,294,,0,0,475,294
1096,,0,0,475,294,,0,0,475,294,,0,0,475,294
1097,,0,0,475,294,,0,0,475,294,,0,0,475,294
1098,,0,0,475,294,,0,0,475,294,,0,0,475,294
1099,,0,0,475,294,,0,0,475,294,,0,0,475,294
1100,,0,0,475,294,,0,0,475,294,,0,0,475,294
1101,,0,0,475,294,,0,0,475,294,,0,0,475,294
1102,,0,0,475,294,,0,0,475,294,,0,0,475,294
1103,,0,0,475,294,,0,0,475,294,,0,0,475,294
1104,,0,0,475,294,,0,0,475,294,,0,0,475,294
1105,,0,0,475,294,,0,0,475,294,,0,0,475,294
1106,,0,0,475,294,,0,0,475,294,,0,0,475,294
1107,,0,0,475,294,,0,0,475,294,,0,0,475,294
1108,,0,0,475,294,,0,0,475,294,,0,0,475,294
1109,,0,0,475,294,,0,0,475,294,,0,0,475,294
1110,,0,0,475,294,,0,0,475,294,,0,0,475,294
1111,,0,0,475,294,,0,0,475,294,,0,0,475,294
1112,,0,0,475,294,,0,0,475,294,,0,0,475,294
1113,,0,0,475,294,,0,0,475,294,,0,0,475,294
1114,,0,0,475,294,,0,0,475,294,,0,0,475,294
1115,,0,0,475,294,,0,0,475,294,,0,0,475,294
1116,,0,0,475,294,,0,0,475,294,,0,0,475,294
1117,,0,0,475,294,,0,0,475,294,,0,0,475,294
1118,,0,0,475,294,,0,0,475,294,,0,0,475,294
1119,,0,0,475,294,,0,0,475,294,,0,0,475,294
1120,,0,0,475,294,,0,0,475,294,,0,0,475,294
1121,,0,0,475,294,,0,0,475,294,,0,0,475,294
1122,,0,0,475,294,,0,0,475,294,,0,0,475,294
1123,,0,0,475,294,,0,0,475,294,,0,0,475,294
1124,,0,0,475,294,,0,0,475,294,,0,0,475,294
1125,,0,0,475,294,,0,0,475,294,,0,0,475,294
1126,,0,0,475,294,,0,0,475,294,,0,0,475,294
1127,,0,0,475,294,,0,0,475,294,,0,0,475,294
1128,,0,0,475,294,,0,0,475,294,,0,0,475,294
1129,,0,0,475,294,,0,0,475,294,,0,0,475,294
1130,,0,0,475,294,,0,0,475,294,,0,0,475,294
1131,,0,0,475,294,,0,0,475,294,,0,0,475,294
1132,,0,0,475,294,,0,0,475,294,,0,0,475,294
1133,,0,0,475,294,,0,0,475,294,,0,0,475,294
1134,,0,0,475,294,,0,0,475,294,,0,0,475,294
1135,,0,0,475,294,,0,0,475,294,,0,0,475,294
1136,,0,0,475,294,,0,0,475,294,,0,0,475,294
1137,,0,0,475,294,,0,0,475,294,,0,0,475,294
1138,,0,0,475,294,,0,0,475,294,,0,0,475,294
1139,,0,0,475,294,,0,0,475,294,,0,0,475,294
1140,,0,0,475,294,,0,0,475,294,,0,0,475,294
1141,,0,0,475,294,,0,0,475,294,,0,0,475,294
1142,,0,0,475,294,,0,0,475,294,,0,0,475,294
1143,,0,0,475,294,,0,0,475,294,,0,0,475,294
1144,,0,0,475,294,,0,0,475,294,,0,0,475,294
1145,,0,0,475,294,,0,0,475,294,,0,0,475,294
1146,,0,0,475,294,,0,0,475,294,,0,0,475,294
1147,,0,0,475,294,,0,0,475,294,,0,0,475,294
