Lap Nr,Point 1,X,Y
1,0,775.0285,470.99744
2,0,775.0274,470.99927
3,0,775.0274,470.99878
4,0,775.0297,471.00635
5,0,775.03186,471.00696
6,0,775.03186,471.0067
7,0,775.0318,471.01218
8,0,775.0367,471.01117
9,0,775.0396,471.0104
10,0,775.04504,471.01056
11,0,775.0452,471.01004
12,0,775.0326,471.0068
13,0,775.03265,471.00702
14,0,775.03015,471.0029
15,0,775.031,471.00266
16,0,775.0311,471.00256
17,0,775.0329,471.0038
18,0,775.0332,471.00662
19,0,775.0332,471.00674
20,0,775.0373,471.0077
21,0,775.0346,471.00778
22,0,775.0346,471.00778
23,0,775.0346,471.00778
24,0,775.03296,471.00836
25,0,775.03296,471.00836
26,0,775.03296,471.00836
27,0,775.02844,471.00058
28,0,775.0289,471.00464
29,0,775.03094,471.0029
30,0,775.0253,471.0075
31,0,775.02466,471.00473
32,0,775.02466,471.00473
33,0,775.02466,471.00473
34,0,775.027,471.00793
35,0,775.027,471.00803
36,0,775.0203,470.99612
37,0,775.02356,471.0023
38,0,775.0235,471.0024
39,0,775.0235,471.0024
40,0,775.0275,471.0015
41,0,775.02765,471.0
42,0,775.02765,471.0
43,0,775.02765,471.0
44,0,775.0262,470.99854
45,0,775.0262,470.99847
46,0,775.0262,470.99847
47,0,775.027,471.00064
48,0,775.02466,471.00708
49,0,775.02466,471.007
50,0,775.0245,471.00964
51,0,775.025,471.00964
52,0,775.025,471.00964
53,0,775.025,471.00964
54,0,775.029,471.0037
55,0,775.0296,471.00235
56,0,775.02966,471.0023
57,0,775.0258,471.00385
58,0,775.0259,471.0041
59,0,775.0259,471.0041
60,0,775.02045,470.99075
61,0,775.02045,470.99075
62,0,775.02045,470.99075
63,0,775.02045,470.99075
64,0,775.0247,470.99112
65,0,775.0247,470.99237
66,0,775.0247,470.9922
67,0,775.02875,470.99524
68,0,775.0285,470.9961
69,0,775.02905,470.99707
70,0,775.0317,470.99603
71,0,775.03174,470.99606
72,0,775.0095,470.99777
73,0,775.00806,470.99823
74,0,775.01483,470.99976
75,0,775.0149,470.9997
76,0,775.01495,470.9997
77,0,775.0187,470.9938
78,0,775.0173,470.99338
79,0,775.0173,470.99338
80,0,775.0201,470.99548
81,0,775.01935,470.9962
82,0,775.01935,470.9962
83,0,775.01935,470.9962
84,0,775.01575,471.00125
85,0,775.0156,471.00104
86,0,775.0156,471.00104
87,0,775.0187,471.00082
88,0,775.0195,471.00073
89,0,775.0194,471.00073
90,0,775.0194,471.00073
91,0,775.00977,471.00772
92,0,775.0106,471.01004
93,0,775.0106,471.00995
94,0,775.0214,470.987
95,0,775.02277,470.98727
96,0,775.0347,470.97174
97,0,775.04016,470.9817
98,0,775.0395,470.9823
99,0,775.0395,470.98227
100,0,775.0395,470.98227
101,0,775.02264,470.99808
102,0,775.0247,470.99576
103,0,775.0247,470.99576
104,0,775.02576,470.99054
105,0,775.02576,470.99054
106,0,775.02576,470.99054
107,0,775.02576,470.99054
108,0,775.02856,471.0077
109,0,775.02856,471.0077
110,0,775.02856,471.0077
111,0,775.03015,471.00668
112,0,775.03,471.00333
113,0,775.0299,471.00336
114,0,775.02136,471.01035
115,0,775.02136,471.01035
116,0,775.02136,471.01035
117,0,775.02136,471.01035
118,0,775.00275,471.0093
119,0,775.0046,471.00888
120,0,775.00104,471.00317
121,0,774.99835,470.99835
122,0,774.99835,470.99835
123,0,774.99835,470.99835
124,0,774.99835,470.99835
125,0,775.0087,471.00546
126,0,775.01105,471.00485
127,0,775.011,471.0049
128,0,774.99335,471.02536
129,0,774.9911,471.02676
130,0,774.9911,471.02676
131,0,774.9911,471.02676
132,0,774.9733,471.02542
133,0,774.9733,471.02554
134,0,774.9733,471.02554
135,0,774.9724,471.026
136,0,774.9725,471.02597
137,0,774.9725,471.02597
138,0,774.9725,471.02597
139,0,774.96356,471.00262
140,0,774.9651,470.99948
141,0,774.9651,470.99948
142,0,774.9633,471.00235
143,0,774.9634,471.00238
144,0,774.95935,470.98184
145,0,774.9577,470.98196
146,0,774.95514,471.0001
147,0,774.9548,471.0006
148,0,774.9548,471.0005
149,0,774.975,471.02078
150,0,774.97565,471.0218
151,0,774.9757,471.0218
152,0,774.9757,471.0218
153,0,774.97205,471.01645
154,0,774.9725,471.02
155,0,774.9726,471.02036
156,0,774.96515,471.01956
157,0,774.95575,471.0128
158,0,774.95575,471.0128
159,0,774.95575,471.0128
160,0,774.95746,471.011
161,0,774.9583,471.0093
162,0,774.95825,471.00928
163,0,774.95825,471.00928
164,0,774.9596,471.00104
165,0,774.9596,471.00098
166,0,774.9596,471.00098
167,0,774.94745,470.99634
168,0,774.91833,470.98495
169,0,774.91833,470.98495
170,0,774.91833,470.98495
171,0,774.93604,470.9884
172,0,774.93835,470.98624
173,0,774.93835,470.98618
174,0,774.93835,470.98618
175,0,774.93933,470.98373
176,0,774.9394,470.98386
177,0,774.9394,470.98386
178,0,774.9495,470.99838
179,0,774.94965,470.9983
180,0,774.9546,471.0176
181,0,774.9545,471.01758
182,0,774.955,471.01257
183,0,774.955,471.01242
184,0,774.95496,471.0124
185,0,774.95496,471.0124
186,0,774.9642,471.0113
187,0,774.9631,471.00983
188,0,774.9631,471.00977
189,0,774.9615,471.01135
190,0,774.96136,471.01154
191,0,774.96136,471.0114
192,0,774.9414,470.99167
193,0,774.9403,471.0066
194,0,774.9389,471.00906
195,0,774.9389,471.00906
196,0,774.9389,471.00906
197,0,774.93146,470.9987
198,0,774.9312,470.99863
199,0,774.93115,470.9987
200,0,774.933,471.0111
201,0,774.9333,471.01096
202,0,774.9334,471.011
203,0,774.9334,471.011
204,0,774.8236,471.02695
205,0,774.82367,471.0271
206,0,774.82367,471.0271
207,0,774.82367,471.0271
208,0,774.85004,471.00842
209,0,774.8495,471.00867
210,0,774.8498,471.00848
211,0,774.8498,471.00848
212,0,774.9054,471.01843
213,0,774.90466,471.01822
214,0,774.9047,471.01822
215,0,774.9072,471.01233
216,0,774.89215,471.01385
217,0,774.89215,471.01385
218,0,774.89215,471.01385
219,0,774.92126,471.01776
220,0,774.922,471.01758
221,0,774.9219,471.01746
222,0,774.9219,471.01746
223,0,774.9179,471.01727
224,0,774.921,471.0169
225,0,774.91876,471.01636
226,0,774.91876,471.01636
227,0,774.9212,471.0128
228,0,774.905,470.99396
229,0,774.9053,470.99387
230,0,774.90814,470.9905
231,0,774.90936,470.99103
232,0,774.9093,470.9908
233,0,774.90936,470.9907
234,0,774.9164,471.0002
235,0,774.92377,471.00974
236,0,774.92377,471.00974
237,0,774.92377,471.00974
238,0,774.9248,471.00708
239,0,774.9248,471.00705
240,0,774.91376,471.0288
241,0,774.91376,471.02887
242,0,774.9269,471.02728
243,0,774.926,471.02637
244,0,774.926,471.0264
245,0,774.9192,471.03143
246,0,774.9182,471.03027
247,0,774.9183,471.03027
248,0,774.91833,471.03024
249,0,774.9193,471.03156
250,0,774.91925,471.0317
251,0,774.91925,471.0317
252,0,774.91046,471.02942
253,0,774.91974,471.03253
254,0,774.92004,471.03204
255,0,774.92,471.03204
256,0,774.9233,471.02832
257,0,774.9247,471.02762
258,0,774.9247,471.0276
259,0,774.9247,471.02765
260,0,774.91693,471.01324
261,0,774.91693,471.0116
262,0,774.91693,471.01166
263,0,774.917,471.01166
264,0,774.9448,471.0072
265,0,774.9455,471.0072
266,0,774.94525,471.00714
267,0,774.94525,471.00714
268,0,774.94666,471.0108
269,0,774.9465,471.0124
270,0,774.9465,471.0124
271,0,774.9444,471.01318
272,0,774.9444,471.01297
273,0,774.94446,471.01303
274,0,774.94446,471.01303
275,0,774.9493,471.0122
276,0,774.9604,471.00653
277,0,774.9603,471.0065
278,0,774.9603,471.0065
279,0,774.9642,471.016
280,0,774.9649,471.01572
281,0,774.9649,471.0155
282,0,774.9725,471.02115
283,0,774.9737,471.0202
284,0,774.9737,471.0202
285,0,774.9737,471.0202
286,0,774.98364,471.04727
287,0,774.9837,471.04745
288,0,774.9965,471.0582
289,0,774.99475,471.05832
290,0,774.99634,471.04086
291,0,774.9992,471.0419
292,0,774.9992,471.04187
293,0,775.04083,471.02982
294,0,775.0421,471.0291
295,0,775.04205,471.02905
296,0,775.04205,471.02905
297,0,775.0781,471.01633
298,0,775.08203,471.01715
299,0,775.0831,471.01794
300,0,775.0814,471.01404
301,0,775.1023,471.00906
302,0,775.1027,471.0106
303,0,775.1027,471.01056
304,0,775.1316,471.01224
305,0,775.1317,471.01233
306,0,775.1317,471.01233
307,0,775.1317,471.01233
308,0,775.1471,470.98892
309,0,775.14734,470.98883
310,0,775.1473,470.98883
311,0,775.14734,470.9888
312,0,775.1707,470.9949
313,0,775.1707,470.9949
314,0,775.1707,470.9949
315,0,775.1707,470.9949
316,0,775.1679,471.00226
317,0,775.1666,471.0055
318,0,775.1666,471.0055
319,0,775.16797,471.00595
320,0,775.1678,471.00668
321,0,775.1684,471.00647
322,0,775.1684,471.00647
323,0,775.1788,471.01663
324,0,775.1837,471.025
325,0,775.1837,471.025
326,0,775.1837,471.025
327,0,775.1869,471.0251
328,0,775.18695,471.02515
329,0,775.18695,471.02515
330,0,775.18695,471.02515
331,0,775.18604,471.01083
332,0,775.18726,471.0122
333,0,775.1873,471.0123
334,0,775.19293,471.00543
335,0,775.19385,471.00616
336,0,775.1987,470.98895
337,0,775.1987,470.98895
338,0,775.19635,471.00046
339,0,775.1987,470.9972
340,0,775.1987,470.99728
341,0,775.1987,470.99728
342,0,775.20105,471.0063
343,0,775.1981,471.00476
344,0,775.198,471.00473
345,0,775.198,471.00473
346,0,775.2005,471.00446
347,0,775.2009,471.00488
348,0,775.1833,471.01013
349,0,775.19196,471.00806
350,0,775.1921,471.00815
351,0,775.19214,471.00815
352,0,775.1921,471.00818
353,0,775.1934,471.0105
354,0,775.19275,471.0096
355,0,775.1927,471.00964
356,0,775.1927,471.00964
357,0,775.2312,471.03247
358,0,775.23224,471.0325
359,0,775.2323,471.03253
360,0,775.2478,471.05292
361,0,775.3201,471.0626
362,0,775.3201,471.06155
363,0,775.32025,471.0616
364,0,775.2416,471.0495
365,0,775.24146,471.0484
366,0,775.2416,471.04834
367,0,775.2416,471.04834
368,0,775.19257,471.0204
369,0,775.1853,471.02252
370,0,775.1853,471.02252
371,0,775.1853,471.02252
372,0,775.1531,470.9993
373,0,775.1531,470.99924
374,0,775.1531,470.99918
375,0,775.1531,470.99918
376,0,775.1506,470.99475
377,0,775.15295,470.99518
378,0,775.153,470.99713
379,0,775.153,470.99713
380,0,775.15125,471.00006
381,0,775.1513,471.00006
382,0,775.1512,471.00006
383,0,775.1512,471.00006
384,0,775.12897,470.99527
385,0,775.129,470.99518
386,0,775.129,470.99518
387,0,775.1263,470.99112
388,0,775.1299,470.99295
389,0,775.1298,470.993
390,0,775.1298,470.99298
391,0,775.14075,470.9842
392,0,775.14056,470.984
393,0,775.14056,470.984
394,0,775.14056,470.984
395,0,775.139,470.9837
396,0,775.1412,470.99542
397,0,775.1412,470.9955
398,0,775.1412,470.9955
399,0,775.11774,470.9941
400,0,775.1187,470.99298
401,0,775.1187,470.99298
402,0,775.13763,470.99078
403,0,775.13776,470.99088
404,0,775.13776,470.99097
405,0,775.1379,470.99094
406,0,775.14703,470.99197
407,0,775.14685,470.992
408,0,775.1553,470.99518
409,0,775.1554,470.99518
410,0,775.1787,470.9881
411,0,775.178,470.98776
412,0,775.178,470.9878
413,0,775.178,470.9878
414,0,775.1808,470.98764
415,0,775.18066,470.98755
416,0,775.1806,470.9875
417,0,775.1806,470.9875
418,0,775.2127,470.98425
419,0,775.21277,470.98483
420,0,775.22784,470.9795
421,0,775.22723,470.9888
422,0,775.22723,470.98868
423,0,775.2272,470.98868
424,0,775.2272,470.98868
425,0,775.2194,470.98724
426,0,775.2196,470.98685
427,0,775.2197,470.9869
428,0,775.2197,470.9869
429,0,775.27454,470.97073
430,0,775.27325,470.9715
431,0,775.2737,470.97018
432,0,775.40424,470.93628
433,0,775.40424,470.93634
434,0,775.40424,470.93634
435,0,775.40424,470.93634
436,0,775.73627,470.848
437,0,775.7375,470.84552
438,0,775.7389,470.8453
439,0,775.7389,470.8453
440,0,776.03705,470.88144
441,0,776.0367,470.8821
442,0,776.03674,470.88205
443,0,776.03674,470.8823
444,0,776.6114,471.00067
445,0,776.61176,471.0003
446,0,776.61176,471.0003
447,0,780.8055,471.3077
448,0,780.7965,471.3038
449,0,780.7954,471.30704
450,0,780.7954,471.30704
451,0,785.88934,474.02222
452,0,785.89075,474.02332
453,0,785.8908,474.0233
454,0,785.8908,474.0233
455,0,789.28296,476.7539
456,0,789.2803,476.75867
457,0,789.2802,476.7588
458,0,790.9178,478.65332
459,0,790.919,478.65427
460,0,790.9186,478.65207
461,0,790.9186,478.65207
462,0,791.86914,479.67368
463,0,791.8742,479.67004
464,0,791.8706,479.67346
465,0,791.8706,479.67346
466,0,792.2595,480.20016
467,0,792.25916,480.20084
468,0,792.2599,480.2232
469,0,792.54114,480.61508
470,0,792.5405,480.6163
471,0,792.5411,480.61514
472,0,792.5411,480.61514
473,0,792.7729,480.91507
474,0,792.77325,480.915
475,0,792.7729,480.9151
476,0,792.84143,481.00818
477,0,792.8412,481.00623
478,0,792.84406,481.00525
479,0,792.84406,481.00525
480,0,792.7847,481.15118
481,0,792.7847,481.15118
482,0,792.7847,481.15118
483,0,792.7847,481.15118
484,0,792.8587,481.79147
485,0,792.8586,481.7898
486,0,792.8587,481.78973
487,0,792.8587,481.78973
488,0,793.71155,483.26248
489,0,793.7111,483.26227
490,0,793.7109,483.26108
491,0,794.98254,485.18808
492,0,794.99207,485.21136
493,0,794.9922,485.2113
494,0,794.9922,485.2113
495,0,796.14984,487.75626
496,0,796.14874,487.7582
497,0,796.1489,487.7575
498,0,797.6138,491.095
499,0,797.61273,491.09448
500,0,797.6129,491.09442
501,0,797.6129,491.09442
502,0,799.6491,496.74738
503,0,799.6374,496.74405
504,0,799.6322,496.74066
505,0,799.63214,496.74066
506,0,800.2563,501.38855
507,0,800.2531,501.3873
508,0,800.2531,501.3872
509,0,800.1715,504.52173
510,0,800.1722,504.52283
511,0,800.1724,504.52292
512,0,800.1724,504.52292
513,0,799.9401,506.5394
514,0,799.942,506.53958
515,0,799.94196,506.53964
516,0,799.9223,506.5557
517,0,799.7819,507.45697
518,0,799.7808,507.4587
519,0,799.78076,507.4586
520,0,799.94836,507.27585
521,0,799.9481,507.27606
522,0,799.94824,507.27585
523,0,799.9481,507.27625
524,0,800.3436,506.24146
525,0,800.3418,506.2415
526,0,800.3418,506.2415
527,0,800.3418,506.2415
528,0,800.51697,504.25922
529,0,800.51697,504.25922
530,0,800.51697,504.25922
531,0,800.55414,501.02493
532,0,800.5529,501.02444
533,0,800.5531,501.02435
534,0,800.5531,501.02435
535,0,800.1857,496.0999
536,0,800.1829,496.10333
537,0,800.1816,496.10477
538,0,800.1815,496.10483
539,0,797.1166,489.45306
540,0,797.139,489.45584
541,0,797.139,489.45584
542,0,794.30444,485.06137
543,0,794.30316,485.0603
544,0,794.3053,485.06177
545,0,794.3053,485.06177
546,0,792.5654,482.50507
547,0,792.56866,482.50644
548,0,792.56683,482.506
549,0,792.56683,482.506
550,0,791.2215,480.6506
551,0,791.221,480.6514
552,0,791.239,480.66235
553,0,790.3543,479.4379
554,0,790.3561,479.43802
555,0,790.35516,479.4401
556,0,790.3561,479.438
557,0,789.98987,479.0562
558,0,789.99036,479.05725
559,0,789.9903,479.05728
560,0,789.9903,479.05728
561,0,790.0467,479.08383
562,0,790.0476,479.08466
563,0,790.0478,479.08405
564,0,789.805,478.87848
565,0,789.805,478.87848
566,0,789.805,478.87848
567,0,789.805,478.87848
568,0,789.55347,478.63147
569,0,789.55255,478.63193
570,0,789.55316,478.63217
571,0,789.55316,478.63217
572,0,789.3443,478.3566
573,0,789.34094,478.35876
574,0,789.3425,478.35678
575,0,789.09625,478.1232
576,0,789.08374,478.09598
577,0,789.0836,478.09616
578,0,789.0836,478.09616
579,0,788.8555,477.8267
580,0,788.85516,477.82623
581,0,788.8552,477.8263
582,0,788.4586,477.5132
583,0,788.4581,477.51285
584,0,788.4582,477.5127
585,0,788.4582,477.5127
586,0,788.32336,477.31885
587,0,788.3222,477.32257
588,0,788.2904,477.32455
589,0,788.2905,477.32474
590,0,788.2295,477.22394
591,0,788.2315,477.22113
592,0,788.2312,477.22153
593,0,760.4725,470.49182
594,0,760.475,470.49426
595,0,760.47565,470.49628
596,0,760.4738,470.49503
597,0,749.4178,470.71567
598,0,749.3912,470.72156
599,0,749.3912,470.72125
600,0,749.1264,471.0276
601,0,749.1267,471.02823
602,0,749.1267,471.02823
603,0,749.1267,471.02823
604,0,749.34796,471.665
605,0,749.336,471.67838
606,0,749.35645,471.68185
607,0,748.1578,471.90903
608,0,748.15857,471.90924
609,0,748.15857,471.90924
610,0,748.15857,471.90924
611,0,745.39746,472.5521
612,0,745.4047,472.54355
613,0,745.4049,472.54358
614,0,744.432,472.31973
615,0,744.4352,472.32056
616,0,744.4358,472.32028
617,0,744.4358,472.32028
618,0,744.4649,472.5151
619,0,744.4642,472.52255
620,0,744.46423,472.50778
621,0,744.8675,472.45123
622,0,744.87225,472.4678
623,0,744.87225,472.4678
624,0,744.44653,472.25702
625,0,744.44775,472.2572
626,0,744.44775,472.2572
627,0,744.44775,472.2572
628,0,744.0252,472.54056
629,0,744.01654,472.525
630,0,744.0178,472.5256
631,0,744.2944,472.5047
632,0,744.29614,472.50534
633,0,744.2884,472.50372
634,0,744.498,472.50793
635,0,744.4976,472.50833
636,0,744.48444,472.4927
637,0,744.48444,472.4927
638,0,744.3216,472.4243
639,0,744.322,472.42377
640,0,744.322,472.42377
641,0,744.09863,473.07864
642,0,744.0995,473.07443
643,0,744.0995,473.0744
644,0,744.0958,473.04022
645,0,744.0991,473.04456
646,0,744.0991,473.04456
647,0,744.0991,473.04456
648,0,744.10535,473.08594
649,0,744.10535,473.08594
650,0,744.10535,473.08594
651,0,744.1155,473.0619
652,0,744.1161,473.06702
653,0,744.11163,473.06253
654,0,744.10254,473.07108
655,0,744.10315,473.07086
656,0,744.10315,473.07086
657,0,744.10315,473.07086
658,0,744.10443,473.07318
659,0,744.1053,473.07434
660,0,744.1057,473.0912
661,0,744.1026,473.08374
662,0,744.0976,473.07947
663,0,744.09827,473.08087
664,0,744.0876,473.0763
665,0,744.08356,473.0782
666,0,744.0839,473.07788
667,0,744.0846,473.08118
668,0,744.0853,473.08365
669,0,744.086,473.08173
670,0,744.08606,473.08234
671,0,744.0754,473.0723
672,0,744.0863,473.0577
673,0,744.086,473.0565
674,0,744.0874,473.04227
675,0,744.0844,473.03955
676,0,744.08435,473.03934
677,0,744.07855,473.0351
678,0,744.0793,473.03568
679,0,744.0792,473.03564
680,0,744.0792,473.03564
681,0,744.08276,473.0452
682,0,744.0841,473.0458
683,0,744.0858,473.04724
684,0,744.09607,473.05017
685,0,744.0911,473.04434
686,0,744.0911,473.04434
687,0,744.09314,473.04068
688,0,744.0926,473.03992
689,0,744.09296,473.04114
690,0,744.09296,473.04114
691,0,744.0946,473.0464
692,0,744.0934,473.04507
693,0,744.09326,473.04492
694,0,744.094,473.0469
695,0,744.09393,473.0465
696,0,744.08185,473.0687
697,0,744.0788,473.06827
698,0,744.0782,473.0697
699,0,744.07806,473.0698
700,0,744.08276,473.07407
701,0,744.08167,473.0719
702,0,744.08167,473.0719
703,0,744.08167,473.0719
704,0,744.0803,473.06992
705,0,744.0774,473.06818
706,0,744.0774,473.06818
707,0,744.0885,473.06882
708,0,744.09186,472.97675
709,0,744.09186,472.97675
710,0,744.09656,472.97797
711,0,744.0966,472.97794
712,0,744.09656,472.97858
713,0,744.09717,472.97925
714,0,744.0828,472.98947
715,0,744.0851,472.98697
716,0,744.0851,472.98697
717,0,744.0841,472.99173
718,0,744.08295,472.97455
719,0,744.08295,472.97455
720,0,744.0629,473.03976
721,0,744.0629,473.03976
722,0,744.0629,473.03976
723,0,744.0629,473.03976
724,0,744.0637,473.03012
725,0,744.06635,473.03262
726,0,744.06635,473.03275
727,0,744.058,473.02646
728,0,744.0585,473.0275
729,0,744.0585,473.0275
730,0,744.05475,473.0367
731,0,744.0539,473.03564
732,0,744.0546,473.03793
733,0,744.0546,473.03308
734,0,744.0542,473.03296
735,0,744.0542,473.03296
736,0,744.0542,473.03296
737,0,744.0586,473.03174
738,0,744.0599,473.0345
739,0,744.05963,473.03537
740,0,744.0606,473.03482
741,0,744.0607,473.03485
742,0,744.0607,473.03485
743,0,744.06714,473.03558
744,0,744.0612,473.01266
745,0,744.0593,473.0109
746,0,744.0593,473.0109
747,0,744.0611,473.0083
748,0,744.0616,473.00894
749,0,744.0617,473.0092
750,0,744.0524,473.00168
751,0,744.0544,473.00275
752,0,744.05414,473.00308
753,0,744.05383,472.99063
754,0,744.05414,472.9913
755,0,744.0546,472.99362
756,0,744.03894,473.02377
757,0,744.03894,473.02377
758,0,744.03894,473.02377
759,0,744.03894,473.02377
760,0,744.0266,473.01288
761,0,744.03076,473.01712
762,0,744.03076,473.01712
763,0,744.0323,473.01443
764,0,744.0324,473.0156
765,0,744.0324,473.0156
766,0,744.032,473.0121
767,0,744.032,473.01413
768,0,744.03986,473.01837
769,0,744.03986,473.018
770,0,744.03894,473.01822
771,0,744.0392,473.01205
772,0,744.0399,473.01318
773,0,744.02795,473.00793
774,0,744.0287,473.00912
775,0,744.0287,473.00912
776,0,744.0288,473.01007
777,0,744.0286,473.0083
778,0,744.02954,473.009
779,0,744.02954,473.009
780,0,744.03406,473.0433
781,0,744.03125,473.0395
782,0,744.03125,473.0395
783,0,744.0268,473.03864
784,0,744.02673,473.03912
785,0,744.02673,473.03912
786,0,744.0301,473.03885
787,0,744.0322,473.04083
788,0,744.0322,473.04083
789,0,744.0322,473.04083
790,0,744.0315,473.02713
791,0,744.02985,473.02576
792,0,744.03986,472.8694
793,0,744.04846,472.80054
794,0,744.03815,472.7925
795,0,744.03815,472.7925
796,0,744.0507,472.81772
797,0,744.0506,472.81448
798,0,744.05054,472.8146
799,0,744.05054,472.8146
800,0,744.0542,472.86008
801,0,744.0544,472.86224
802,0,744.05286,472.86578
803,0,744.05585,472.81714
804,0,744.1188,472.58176
805,0,744.11115,472.57843
806,0,744.11444,472.49582
807,0,744.1138,472.49448
808,0,744.1138,472.49448
809,0,744.1138,472.49448
810,0,744.12915,472.53632
811,0,744.1234,472.53793
812,0,744.1236,472.53735
813,0,744.1064,472.64038
814,0,744.1095,472.6409
815,0,744.10925,472.64017
816,0,744.09424,472.62476
817,0,744.09424,472.62476
818,0,744.09424,472.62476
819,0,744.09424,472.62476
820,0,744.10175,472.59366
821,0,744.10236,472.59967
822,0,744.1023,472.5982
823,0,744.1082,472.6356
824,0,744.10754,472.63406
825,0,744.10754,472.63406
826,0,744.10754,472.63406
827,0,744.1021,472.67798
828,0,744.02954,472.95474
829,0,744.02954,472.95474
830,0,744.0414,472.95712
831,0,744.036,472.95242
832,0,744.036,472.95242
833,0,744.0391,472.95328
834,0,744.0388,472.95303
835,0,744.03876,472.95303
836,0,744.03876,472.95303
837,0,744.04315,472.9748
838,0,744.04004,472.9754
839,0,744.04004,472.97504
840,0,744.0761,472.8883
841,0,744.0761,472.8883
842,0,744.0761,472.8883
843,0,744.0701,472.87704
844,0,744.0691,472.86862
845,0,744.06836,472.8727
846,0,744.06836,472.8727
847,0,744.07056,472.8664
848,0,744.07764,472.86627
849,0,744.07764,472.86627
850,0,744.0696,472.85846
851,0,744.0704,472.8643
852,0,744.089,472.82242
853,0,744.0943,472.84476
854,0,744.0958,472.84454
855,0,744.0967,472.84668
856,0,744.0967,472.84668
857,0,744.1072,472.83096
858,0,744.1069,472.8282
859,0,744.1066,472.82816
860,0,744.10223,472.82693
861,0,744.10254,472.82544
862,0,744.1026,472.82504
863,0,744.10486,472.8433
864,0,744.0883,472.92856
865,0,744.0883,472.92856
866,0,744.0883,472.92856
867,0,744.0868,472.92215
868,0,744.08594,472.91888
869,0,744.08594,472.91888
870,0,744.08545,472.9055
871,0,744.0833,472.89404
872,0,744.0829,472.89536
873,0,744.08905,472.90662
874,0,744.0892,472.90625
875,0,744.0892,472.90625
876,0,744.101,472.88382
877,0,744.11505,472.85504
878,0,744.11017,472.84232
879,0,744.11017,472.84232
880,0,744.1045,472.8617
881,0,744.1058,472.8594
882,0,744.10596,472.8569
883,0,744.10596,472.8569
884,0,744.1085,472.87436
885,0,744.11005,472.87637
886,0,744.10986,472.87665
887,0,744.1184,472.84885
888,0,744.0909,472.943
889,0,744.0909,472.943
890,0,744.0934,472.94284
891,0,744.0916,472.94394
892,0,744.0916,472.9443
893,0,744.0916,472.9443
894,0,744.0942,472.9572
895,0,744.09534,472.95496
896,0,744.09534,472.95496
897,0,744.1029,472.9656
898,0,744.1035,472.97302
899,0,744.1035,472.97302
900,0,744.1414,472.81744
901,0,744.1414,472.81744
902,0,744.1414,472.81744
903,0,744.1414,472.81744
904,0,744.14124,472.8244
905,0,744.1435,472.82492
906,0,744.1435,472.82492
907,0,744.17737,472.7325
908,0,744.1764,472.73087
909,0,744.17645,472.73093
910,0,744.17645,472.73093
911,0,744.18286,472.71146
912,0,744.1465,472.79025
913,0,744.1465,472.79025
914,0,744.12756,472.82114
915,0,744.1238,472.82248
916,0,744.1238,472.82248
917,0,744.1238,472.82248
918,0,744.1559,472.74988
919,0,744.158,472.75027
920,0,744.158,472.7563
921,0,744.1486,472.74246
922,0,744.1415,472.74878
923,0,744.1397,472.74792
924,0,744.1175,472.83542
925,0,744.1179,472.8426
926,0,744.12164,472.84717
927,0,744.12427,472.84064
928,0,744.1149,472.82904
929,0,744.1178,472.8292
930,0,744.1087,472.82172
931,0,744.1087,472.82172
932,0,744.1113,472.79333
933,0,744.11194,472.79135
934,0,744.1116,472.79562
935,0,744.11316,472.8118
936,0,744.12964,472.86795
937,0,744.12964,472.86795
938,0,744.12964,472.86795
939,0,744.13794,472.8756
940,0,744.1343,472.87357
941,0,744.13434,472.8734
942,0,744.1363,472.85605
943,0,744.1355,472.85614
944,0,744.1356,472.8559
945,0,744.1356,472.8559
946,0,744.1471,472.85562
947,0,744.144,472.86005
948,0,744.12305,472.86032
949,0,744.124,472.85443
950,0,744.12256,472.85437
951,0,744.12256,472.85437
952,0,744.12256,472.85437
953,0,744.1141,472.8452
954,0,744.1137,472.84607
955,0,744.1137,472.84607
956,0,744.1144,472.85254
957,0,744.11365,472.85275
958,0,744.11365,472.85275
959,0,744.11365,472.85275
960,0,744.1223,472.87735
961,0,744.1226,472.8765
962,0,744.1226,472.8765
963,0,744.1226,472.8765
964,0,744.12115,472.86514
965,0,744.1207,472.86432
966,0,744.12067,472.8641
967,0,744.119,472.87985
968,0,744.1161,472.87872
969,0,744.11646,472.87894
970,0,744.11646,472.87894
971,0,744.1187,472.88373
972,0,744.12164,472.81418
973,0,744.1197,472.81152
974,0,744.1197,472.81152
975,0,744.11865,472.81863
976,0,744.1204,472.82037
977,0,744.12054,472.81894
978,0,744.11633,472.817
979,0,744.1088,472.80933
980,0,744.1088,472.80933
981,0,744.1088,472.80933
982,0,744.1076,472.8053
983,0,744.1078,472.80533
984,0,744.12244,472.7913
985,0,744.12244,472.7913
986,0,744.11755,472.80057
987,0,744.11865,472.80008
988,0,744.11884,472.80008
989,0,744.11816,472.79346
990,0,744.11816,472.79318
991,0,744.11816,472.79318
992,0,744.11816,472.79318
993,0,744.1124,472.78436
994,0,744.1148,472.78543
995,0,744.1148,472.78564
996,0,744.13806,472.7931
997,0,744.13837,472.77625
998,0,744.13684,472.76675
999,0,744.13684,472.76678
1000,0,744.1363,472.7405
1001,0,744.1363,472.73593
1002,0,744.1363,472.73593
1003,0,744.1363,472.73593
1004,0,744.13696,472.77057
1005,0,744.1344,472.77505
1006,0,744.13916,472.7733
1007,0,744.1389,472.77634
1008,0,744.1476,472.69638
1009,0,744.1451,472.69424
1010,0,744.1451,472.69424
1011,0,744.1451,472.69424
1012,0,744.1286,472.68735
1013,0,744.12854,472.6871
1014,0,744.1288,472.68713
1015,0,744.12335,472.68185
1016,0,744.12354,472.68192
1017,0,744.1237,472.68326
1018,0,744.1237,472.68326
1019,0,744.11426,472.66345
1020,0,744.12756,472.5827
1021,0,744.1275,472.5826
1022,0,744.1275,472.5826
1023,0,744.1268,472.59702
1024,0,744.1263,472.59808
1025,0,744.12616,472.59943
1026,0,744.12616,472.59943
1027,0,744.13025,472.6004
1028,0,744.1273,472.59952
1029,0,744.1289,472.60034
1030,0,744.12726,472.63907
1031,0,744.1249,472.6376
1032,0,744.06396,472.91638
1033,0,744.06396,472.91638
1034,0,744.0615,472.89514
1035,0,744.0615,472.89517
1036,0,744.0615,472.89517
1037,0,744.0615,472.89517
1038,0,744.058,472.913
1039,0,744.05676,472.9084
1040,0,744.06244,472.90836
1041,0,744.06244,472.90836
1042,0,744.0637,472.9217
1043,0,744.06866,472.92072
1044,0,744.0965,472.84537
1045,0,744.0986,472.85114
1046,0,744.09814,472.8507
1047,0,744.09924,472.84894
1048,0,744.09924,472.84894
1049,0,744.0969,472.84067
1050,0,744.0969,472.84067
1051,0,744.0972,472.83957
1052,0,744.0972,472.83957
1053,0,744.095,472.83453
1054,0,744.0939,472.83887
1055,0,744.0945,472.83972
1056,0,744.0754,472.92215
1057,0,744.07513,472.92242
1058,0,744.07513,472.92242
1059,0,744.07513,472.92242
1060,0,744.0645,472.93243
1061,0,744.0669,472.92914
1062,0,744.0669,472.92914
1063,0,744.0669,472.92914
1064,0,744.07056,472.93094
1065,0,744.0717,472.93146
1066,0,744.0717,472.93106
1067,0,744.0705,472.944
1068,0,744.0685,472.9448
1069,0,744.0659,472.94174
1070,0,744.0659,472.94174
1071,0,744.06757,472.93747
1072,0,744.0728,472.93484
1073,0,744.0728,472.93484
1074,0,744.0728,472.93484
1075,0,744.07184,472.93918
1076,0,744.0745,472.94318
1077,0,744.0746,472.943
1078,0,744.0746,472.943
1079,0,744.0115,473.08707
1080,0,744.0138,473.09152
1081,0,744.0138,473.09152
1082,0,744.05206,472.79138
1083,0,744.0507,472.79013
1084,0,744.05115,472.79007
1085,0,744.05115,472.79007
1086,0,744.046,472.70465
1087,0,744.0475,472.70575
1088,0,744.0474,472.70496
1089,0,744.04767,472.70612
1090,0,744.017,472.7707
1091,0,744.0022,472.9003
1092,0,743.87524,472.97284
1093,0,743.8344,472.7335
1094,0,743.8335,472.73215
1095,0,743.83344,472.73294
1096,0,743.83344,472.73294
1097,0,743.793,472.75473
1098,0,743.79004,472.7481
1099,0,743.79004,472.7481
1100,0,743.79004,472.7481
1101,0,743.78424,472.72827
1102,0,743.7845,472.72864
1103,0,743.7847,472.72794
1104,0,743.83276,472.72275
1105,0,743.82654,472.75284
1106,0,743.8255,472.74734
1107,0,743.82465,472.74765
1108,0,743.81915,472.75107
1109,0,743.8184,472.74478
1110,0,743.8184,472.74475
1111,0,743.8184,472.74475
1112,0,743.8072,472.7407
1113,0,743.80786,472.7396
1114,0,743.80786,472.73956
1115,0,743.80786,472.73956
1116,0,743.68567,472.7768
1117,0,743.68567,472.7768
1118,0,743.68567,472.7768
1119,0,743.6819,472.77536
1120,0,743.68353,472.77142
1121,0,743.68365,472.7707
1122,0,743.68365,472.7707
1123,0,743.6806,472.7744
1124,0,743.679,472.76694
1125,0,743.6788,472.76703
1126,0,743.6788,472.76703
1127,0,743.6812,472.7742
1128,0,743.698,472.82605
1129,0,743.698,472.82605
1130,0,743.698,472.82605
1131,0,743.7001,472.83484
1132,0,743.6978,472.83438
1133,0,743.6978,472.83438
1134,0,743.6883,472.85464
1135,0,743.6883,472.85416
1136,0,743.688,472.8546
1137,0,743.688,472.8546
1138,0,743.6661,472.92786
1139,0,743.6646,472.92926
1140,0,743.70294,473.07205
1141,0,743.70294,473.0721
1142,0,743.70905,473.0745
1143,0,743.7085,473.07358
1144,0,743.70856,473.0736
1145,0,743.70856,473.0736
1146,0,743.7073,473.0822
1147,0,743.7074,473.0817
1148,0,743.70776,473.08167
1149,0,743.7114,473.08585
1150,0,743.71155,473.08612
1151,0,743.71155,473.08612
1152,0,743.7531,473.08865
1153,0,743.75226,473.0855
1154,0,743.75366,473.0858
1155,0,743.75366,473.0858
1156,0,743.75366,473.0858
1157,0,743.7653,473.1156
1158,0,743.76575,473.1161
1159,0,743.76624,473.11517
1160,0,743.76624,473.11517
1161,0,743.75397,473.0781
1162,0,743.7529,473.07758
1163,0,743.7529,473.07758
1164,0,743.7318,473.05652
1165,0,743.739,473.06326
1166,0,743.7364,473.06018
1167,0,743.7364,473.06018
1168,0,743.73987,473.07056
1169,0,743.74023,473.0716
1170,0,743.7403,473.07175
1171,0,743.7403,473.07175
1172,0,743.74713,473.08212
1173,0,743.74615,473.08023
1174,0,743.7457,473.08044
1175,0,743.7457,473.08044
1176,0,743.7979,473.1045
1177,0,743.7979,473.1045
1178,0,743.7979,473.1045
1179,0,743.7979,473.1045
1180,0,743.9082,472.62988
1181,0,743.8925,472.646
1182,0,743.89185,472.64526
1183,0,743.89185,472.64526
1184,0,743.9623,473.06732
1185,0,743.9642,473.07114
1186,0,743.9642,473.07114
1187,0,743.9642,473.07114
1188,0,743.7878,472.88696
1189,0,743.7878,472.88696
1190,0,743.7878,472.88696
1191,0,743.7665,472.93982
1192,0,743.76984,472.94324
1193,0,743.76984,472.94324
1194,0,743.76984,472.94324
1195,0,743.77094,472.94592
1196,0,743.7687,472.94516
1197,0,743.76855,472.9467
1198,0,743.76855,472.9467
1199,0,743.77277,472.94098
1200,0,743.84814,472.97272
1201,0,743.8482,472.97275
1202,0,743.8482,472.97275
1203,0,743.8353,472.97357
1204,0,743.8256,472.97638
1205,0,743.8256,472.97638
1206,0,743.823,472.969
1207,0,743.82104,472.96735
1208,0,743.8218,472.96692
1209,0,743.8218,472.96692
1210,0,744.02606,473.10193
1211,0,744.02545,473.10074
1212,0,744.0149,473.10617
1213,0,744.0149,473.10623
1214,0,744.0047,473.12732
1215,0,744.00226,473.1261
1216,0,744.0016,473.12186
1217,0,744.0016,473.12186
1218,0,743.59717,473.19684
1219,0,743.5978,473.19696
1220,0,743.59735,473.19592
1221,0,744.05945,474.23068
1222,0,744.0591,474.2298
1223,0,744.059,474.23004
1224,0,744.0197,474.27386
1225,0,748.8872,478.9658
1226,0,748.8854,478.9651
1227,0,748.8853,478.96472
1228,0,748.88556,478.96484
1229,0,750.44727,484.57208
1230,0,750.44354,484.5719
1231,0,750.4436,484.57193
1232,0,750.3217,484.52554
1233,0,750.3291,484.52304
1234,0,750.3289,484.52356
1235,0,750.3289,484.52356
1236,0,750.3329,484.61264
1237,0,750.3329,484.61264
1238,0,750.3329,484.61264
1239,0,750.3329,484.61264
1240,0,750.35364,484.48322
1241,0,750.3577,484.48508
1242,0,750.35754,484.48694
1243,0,750.35754,484.48694
1244,0,752.3333,484.30505
1245,0,752.3329,484.3063
1246,0,752.3329,484.30643
1247,0,755.0134,484.63998
1248,0,755.0318,484.65445
1249,0,755.0318,484.65445
1250,0,755.0318,484.65445
1251,0,755.84174,484.70343
1252,0,755.84186,484.7025
1253,0,755.84186,484.7025
1254,0,755.84186,484.7025
1255,0,755.9714,484.83307
1256,0,755.96655,484.8428
1257,0,755.96655,484.8428
1258,0,756.1858,484.86652
1259,0,756.1856,484.86646
1260,0,756.15344,484.86935
1261,0,756.15344,484.86935
1262,0,756.16364,484.89597
1263,0,756.16425,484.89517
1264,0,756.16455,484.89514
1265,0,756.16455,484.89514
1266,0,756.0166,483.71774
1267,0,756.01245,483.7183
1268,0,756.0125,483.71835
1269,0,756.4294,485.2508
1270,0,756.43146,485.25037
1271,0,756.433,485.25034
1272,0,756.421,485.25613
1273,0,756.45,485.32645
1274,0,756.452,485.32742
1275,0,756.4523,485.32727
1276,0,756.43384,485.37378
1277,0,756.43225,485.3741
1278,0,756.4321,485.37405
1279,0,756.4321,485.37405
1280,0,756.31464,485.43106
1281,0,756.3176,485.43405
1282,0,756.3139,485.4362
1283,0,756.3139,485.4362
1284,0,756.47046,485.5009
1285,0,756.47046,485.5009
1286,0,756.47046,485.5009
1287,0,756.75696,485.57587
1288,0,756.7566,485.57532
1289,0,756.7556,485.5755
1290,0,756.7554,485.57544
1291,0,757.301,485.83755
1292,0,757.2992,485.83453
1293,0,757.2992,485.83453
1294,0,757.2992,485.83453
1295,0,758.44965,486.95346
1296,0,758.4211,486.92297
1297,0,758.4211,486.92297
1298,0,760.0512,488.10043
1299,0,760.0515,488.101
1300,0,760.0515,488.10104
1301,0,760.0515,488.10104
1302,0,760.25684,489.14108
1303,0,760.2607,489.14194
1304,0,760.26044,489.1419
1305,0,760.5679,489.99493
1306,0,760.57117,489.9921
1307,0,760.56854,489.99127
1308,0,760.5658,489.98566
1309,0,760.6061,490.52325
1310,0,760.6127,490.52158
1311,0,760.6132,490.51944
1312,0,760.6132,490.51944
1313,0,760.64905,490.72473
1314,0,760.64825,490.7217
1315,0,760.6484,490.72156
1316,0,760.6757,490.77737
1317,0,760.6747,490.77747
1318,0,760.6745,490.7787
1319,0,760.6745,490.7787
1320,0,760.7403,490.55865
1321,0,760.7403,490.55865
1322,0,760.7403,490.55865
1323,0,760.7403,490.55865
1324,0,760.6876,489.98114
1325,0,760.6915,489.98303
1326,0,760.68976,489.98505
1327,0,760.47815,489.23557
1328,0,760.4686,489.2352
1329,0,760.4688,489.2353
1330,0,760.4688,489.2353
1331,0,760.0623,488.26834
1332,0,760.0584,488.2837
1333,0,760.0584,488.2837
1334,0,760.0584,488.2837
1335,0,759.36884,487.32855
1336,0,759.3849,487.34244
1337,0,759.3847,487.34244
1338,0,758.54913,485.9411
1339,0,758.5491,485.93674
1340,0,758.55035,485.9419
1341,0,758.55145,485.9358
1342,0,757.9319,485.11258
1343,0,757.9317,485.11282
1344,0,757.932,485.0935
1345,0,757.932,485.0935
1346,0,757.13556,484.9592
1347,0,757.1357,484.9592
1348,0,757.13556,484.9593
1349,0,756.73755,484.84402
1350,0,756.7343,484.84378
1351,0,756.73425,484.84384
1352,0,756.73425,484.8439
1353,0,756.4926,484.81384
1354,0,756.4928,484.8172
1355,0,756.4926,484.81683
1356,0,756.51984,484.84756
1357,0,756.51984,484.84756
1358,0,756.51984,484.84756
1359,0,756.51984,484.84756
1360,0,756.5031,484.78098
1361,0,756.5005,484.78217
1362,0,756.5011,484.78207
1363,0,756.5011,484.78207
1364,0,756.47614,484.7659
1365,0,756.4769,484.76657
1366,0,756.4769,484.76657
1367,0,756.4599,484.79886
1368,0,756.4254,484.83337
1369,0,756.4254,484.83337
1370,0,756.4254,484.83337
1371,0,756.40936,484.79202
1372,0,756.4051,484.79398
1373,0,756.4052,484.79382
1374,0,756.40594,484.80948
1375,0,756.4063,484.80838
1376,0,756.41046,484.80685
1377,0,756.4092,484.80536
1378,0,756.4092,484.81528
1379,0,756.4109,484.81494
1380,0,756.4086,484.82523
1381,0,756.4086,484.82523
1382,0,756.4104,484.8306
1383,0,756.4022,484.83347
1384,0,756.402,484.83344
1385,0,756.4088,484.8268
1386,0,756.4087,484.8272
1387,0,756.40936,484.82706
1388,0,756.4094,484.82684
1389,0,756.41504,484.8129
1390,0,756.41254,484.812
1391,0,756.4126,484.8118
1392,0,755.5307,484.797
1393,0,755.53046,484.79688
1394,0,755.5304,484.79694
1395,0,755.5304,484.79694
1396,0,755.32825,484.80878
1397,0,755.33386,484.8057
1398,0,755.3362,484.80582
1399,0,754.4667,484.9992
1400,0,754.4601,485.00003
1401,0,754.46014,485.0001
1402,0,754.46014,485.0001
1403,0,753.64813,485.20752
1404,0,753.63727,485.2246
1405,0,753.63727,485.2246
1406,0,754.1985,485.17072
1407,0,754.19543,485.16754
1408,0,754.1954,485.16754
1409,0,754.1954,485.16754
1410,0,753.52155,485.32166
1411,0,753.5224,485.3215
1412,0,753.5222,485.321
1413,0,752.64844,485.3495
1414,0,752.64764,485.34995
1415,0,752.6476,485.34976
1416,0,752.6283,485.34744
1417,0,752.07654,485.47656
1418,0,752.07544,485.47708
1419,0,752.0753,485.47665
1420,0,752.8338,485.36353
1421,0,752.8403,485.36243
1422,0,752.8402,485.36224
1423,0,752.14996,485.46707
1424,0,752.14923,485.48267
1425,0,752.14966,485.4822
1426,0,752.14966,485.4822
1427,0,752.2957,485.4254
1428,0,752.30206,485.4129
1429,0,752.3019,485.4131
1430,0,752.3093,485.37997
1431,0,752.3106,485.3813
1432,0,752.3106,485.38116
1433,0,752.17267,485.44818
1434,0,752.1664,485.45126
1435,0,752.1664,485.4513
1436,0,752.3583,485.44257
1437,0,752.3598,485.44086
1438,0,752.3598,485.44086
1439,0,752.3598,485.44086
1440,0,752.26746,485.37134
1441,0,752.26746,485.37115
1442,0,752.26746,485.37115
1443,0,752.24506,485.3836
1444,0,752.2444,485.39087
1445,0,752.2414,485.39093
1446,0,752.249,485.39258
1447,0,752.2503,485.39325
1448,0,752.25055,485.39313
1449,0,752.25055,485.39313
1450,0,752.25586,485.38635
1451,0,752.25574,485.38605
1452,0,752.2466,485.41394
1453,0,752.2553,485.4174
1454,0,752.253,485.4175
1455,0,752.253,485.4175
1456,0,752.24896,485.40427
1457,0,752.25055,485.404
1458,0,752.25055,485.404
1459,0,752.2457,485.40604
1460,0,752.24634,485.40308
1461,0,752.2462,485.4031
1462,0,752.2462,485.4031
1463,0,752.2556,485.38657
1464,0,752.26385,485.37534
1465,0,752.26385,485.37534
1466,0,752.2603,485.36765
1467,0,752.2608,485.36752
1468,0,752.2621,485.36758
1469,0,752.259,485.43423
1470,0,752.2554,485.43646
1471,0,752.25574,485.43597
1472,0,752.25494,485.43372
1473,0,752.2522,485.42426
1474,0,752.25244,485.42435
1475,0,752.2526,485.42422
1476,0,752.24817,485.34943
1477,0,752.24817,485.34943
1478,0,752.24817,485.34943
1479,0,752.2441,485.3696
1480,0,752.24347,485.37015
1481,0,752.24316,485.3711
1482,0,752.25543,485.38226
1483,0,752.25214,485.38428
1484,0,752.25323,485.38446
1485,0,752.25323,485.38446
1486,0,752.2635,485.4028
1487,0,752.26276,485.40192
1488,0,752.2481,485.43353
1489,0,752.2498,485.3924
1490,0,752.2478,485.391
1491,0,752.248,485.39148
1492,0,752.2474,485.37634
1493,0,752.24664,485.37622
1494,0,752.24664,485.37622
1495,0,752.249,485.38525
1496,0,752.2495,485.38464
1497,0,752.24817,485.38474
1498,0,752.24817,485.38474
1499,0,752.2438,485.38205
1500,0,752.24927,485.38763
1501,0,752.24927,485.38763
1502,0,752.2455,485.41574
1503,0,752.244,485.41608
1504,0,752.24426,485.41663
1505,0,752.24207,485.3783
1506,0,752.24146,485.37872
1507,0,752.24146,485.3784
1508,0,752.24054,485.37286
1509,0,752.2409,485.3768
1510,0,752.24084,485.3764
1511,0,752.24084,485.3764
1512,0,752.2403,485.3618
1513,0,752.2403,485.3618
1514,0,752.2403,485.3618
1515,0,752.25037,485.37585
1516,0,752.249,485.37625
1517,0,752.249,485.3761
1518,0,752.24725,485.43625
1519,0,752.24884,485.43155
1520,0,752.24854,485.43146
1521,0,752.237,485.39453
1522,0,752.23834,485.39438
1523,0,752.23834,485.3941
1524,0,752.22943,485.3857
1525,0,752.24396,485.35364
1526,0,752.2403,485.3541
1527,0,752.24097,485.35187
1528,0,752.2431,485.38892
1529,0,752.2433,485.3891
1530,0,752.2435,485.3894
1531,0,752.24963,485.4026
1532,0,752.2501,485.40295
1533,0,752.2501,485.4029
1534,0,752.2482,485.39044
1535,0,752.2486,485.3907
1536,0,752.2341,485.36096
1537,0,752.234,485.36066
1538,0,752.24384,485.36243
1539,0,752.2445,485.36234
1540,0,752.2446,485.36255
1541,0,752.24146,485.3568
1542,0,752.2447,485.3567
1543,0,752.2447,485.3567
1544,0,752.24603,485.38153
1545,0,752.24414,485.3811
1546,0,752.2445,485.38086
1547,0,752.2512,485.3821
1548,0,752.2416,485.3918
1549,0,752.2417,485.39246
1550,0,752.2417,485.39246
1551,0,752.2433,485.3626
1552,0,752.2433,485.35495
1553,0,752.2433,485.35498
1554,0,752.2413,485.35764
1555,0,752.24,485.3562
1556,0,752.24,485.3562
1557,0,752.2463,485.37094
1558,0,752.2468,485.37155
1559,0,752.2468,485.37155
1560,0,752.2427,485.38757
1561,0,752.2427,485.38757
1562,0,752.2427,485.38757
1563,0,752.2427,485.38757
1564,0,752.2409,485.3967
1565,0,752.2423,485.39728
1566,0,752.2422,485.3976
1567,0,752.2468,485.35873
1568,0,752.2419,485.3567
1569,0,752.2419,485.3567
1570,0,752.24585,485.36432
1571,0,752.2485,485.36258
1572,0,752.2517,485.3797
1573,0,752.26294,485.37753
1574,0,752.2595,485.38632
1575,0,752.2585,485.38617
1576,0,752.2581,485.38614
1577,0,752.2595,485.36493
1578,0,752.25635,485.36575
1579,0,752.2561,485.36435
1580,0,752.2495,485.38547
1581,0,752.24976,485.3855
1582,0,752.2497,485.38553
1583,0,752.2301,485.377
1584,0,752.2275,485.38455
1585,0,752.2273,485.3844
1586,0,752.2273,485.3844
1587,0,752.2475,485.3128
1588,0,752.2559,485.3087
1589,0,752.25574,485.30878
1590,0,752.30927,485.41986
1591,0,752.309,485.41937
1592,0,752.3089,485.41986
1593,0,752.3311,485.5176
1594,0,752.3336,485.5162
1595,0,752.33307,485.5158
1596,0,752.34485,485.54584
1597,0,752.33264,485.54843
1598,0,752.33484,485.54837
1599,0,752.33307,485.5501
1600,0,752.3181,485.37405
1601,0,752.3265,485.37476
1602,0,752.3272,485.3747
1603,0,752.3367,485.3724
1604,0,752.3464,485.36798
1605,0,752.34656,485.36823
1606,0,752.34656,485.36823
1607,0,752.357,485.60132
1608,0,752.365,485.6235
1609,0,752.365,485.62347
1610,0,752.34076,485.58804
1611,0,752.3409,485.58826
1612,0,752.3413,485.588
1613,0,752.32764,485.3309
1614,0,752.3299,485.3305
1615,0,752.33057,485.33032
1616,0,752.33826,485.35413
1617,0,752.3402,485.35178
1618,0,752.34045,485.35165
1619,0,752.34045,485.35165
1620,0,752.30396,485.49063
1621,0,752.30396,485.49063
1622,0,752.30396,485.49063
1623,0,752.30676,485.45587
1624,0,752.30347,485.44873
1625,0,752.3041,485.4498
1626,0,752.325,485.40726
1627,0,752.3347,485.4032
1628,0,752.3347,485.40323
1629,0,752.3347,485.40323
1630,0,752.3138,485.4114
1631,0,752.31445,485.40784
1632,0,752.3017,485.40604
1633,0,752.2975,485.43182
1634,0,752.2996,485.43192
1635,0,752.2997,485.43198
1636,0,752.29425,485.38358
1637,0,752.3053,485.3798
1638,0,752.30676,485.38013
1639,0,752.3064,485.37994
1640,0,752.3093,485.4004
1641,0,752.3054,485.40143
1642,0,752.30597,485.4016
1643,0,752.3132,485.40527
1644,0,752.30536,485.40335
1645,0,752.30536,485.40335
1646,0,752.32007,485.39883
1647,0,752.3212,485.39957
1648,0,752.3212,485.39966
1649,0,752.3212,485.39966
1650,0,752.3291,485.37396
1651,0,752.3301,485.37244
1652,0,752.32825,485.37497
1653,0,752.3309,485.39163
1654,0,752.33136,485.3922
1655,0,752.33136,485.3922
1656,0,752.3423,485.38867
1657,0,752.3423,485.38867
1658,0,752.3423,485.38867
1659,0,752.3153,485.41992
1660,0,752.31586,485.4208
1661,0,752.3159,485.421
1662,0,752.3159,485.421
1663,0,752.3148,485.42035
1664,0,752.31476,485.42035
1665,0,752.31476,485.42035
1666,0,752.2959,485.3461
1667,0,752.29706,485.3476
1668,0,752.308,485.31186
1669,0,752.3378,485.40396
1670,0,752.33325,485.41788
1671,0,752.33484,485.41833
1672,0,752.3345,485.4205
1673,0,752.3378,485.46945
1674,0,752.3396,485.46793
1675,0,752.33795,485.46802
1676,0,752.3331,485.42258
1677,0,752.3331,485.4218
1678,0,752.3331,485.4218
1679,0,752.3271,485.36636
1680,0,752.31616,485.3612
1681,0,752.31616,485.3612
1682,0,752.32324,485.34244
1683,0,752.3251,485.34506
1684,0,752.32526,485.3454
1685,0,752.32526,485.3454
1686,0,752.3083,485.44852
1687,0,752.3085,485.44733
1688,0,752.30914,485.4467
1689,0,752.304,485.389
1690,0,752.30334,485.38956
1691,0,752.30316,485.38968
1692,0,752.302,485.3735
1693,0,752.3094,485.37027
1694,0,752.3094,485.37027
1695,0,752.3094,485.37027
1696,0,752.3042,485.41092
1697,0,752.3038,485.41064
1698,0,752.30383,485.41064
1699,0,752.31647,485.3901
1700,0,752.3156,485.39026
1701,0,752.31573,485.39008
1702,0,752.3129,485.37863
1703,0,752.3133,485.37875
1704,0,752.32306,485.3666
1705,0,752.32306,485.3666
1706,0,752.30444,485.37195
1707,0,752.3045,485.37186
1708,0,752.3045,485.37186
1709,0,752.2983,485.37134
1710,0,752.29846,485.37048
1711,0,752.2982,485.37036
1712,0,752.305,485.3649
1713,0,752.30444,485.36505
1714,0,752.3047,485.36533
1715,0,752.3047,485.36533
1716,0,752.30194,485.3823
1717,0,752.30194,485.3823
1718,0,752.30194,485.3823
1719,0,752.31683,485.39413
1720,0,752.3176,485.39215
1721,0,752.32196,485.3956
1722,0,752.32196,485.3956
1723,0,752.2918,485.45486
1724,0,752.2932,485.4564
1725,0,752.2928,485.45728
1726,0,752.29596,485.45374
1727,0,752.297,485.45416
1728,0,752.2859,485.46036
1729,0,752.2859,485.46036
1730,0,752.2899,485.41953
1731,0,752.2889,485.42218
1732,0,752.2888,485.42133
1733,0,752.2899,485.42352
1734,0,752.28876,485.4201
1735,0,752.28876,485.4201
1736,0,752.2943,485.46326
1737,0,752.29755,485.46536
1738,0,752.29846,485.46622
1739,0,752.29846,485.46622
1740,0,752.30035,485.48666
1741,0,752.3101,485.48233
1742,0,752.3101,485.48233
1743,0,752.3137,485.4729
1744,0,752.31226,485.46295
1745,0,752.3116,485.45816
1746,0,752.3116,485.45816
1747,0,752.2962,485.45117
1748,0,752.2916,485.4376
1749,0,752.29193,485.4377
1750,0,752.3031,485.43417
1751,0,752.3019,485.43515
1752,0,752.3052,485.4308
1753,0,752.3052,485.4308
1754,0,752.3133,485.4456
1755,0,752.3148,485.4452
1756,0,752.31494,485.44522
1757,0,752.3111,485.44595
1758,0,752.3108,485.44803
1759,0,752.3108,485.44794
1760,0,752.3108,485.44794
1761,0,752.3094,485.4493
1762,0,752.30786,485.4501
1763,0,752.30786,485.4501
1764,0,752.3106,485.49188
1765,0,752.31055,485.4917
1766,0,752.31055,485.4917
1767,0,752.31055,485.4917
1768,0,752.3061,485.46973
1769,0,752.3042,485.46356
1770,0,752.3032,485.46686
1771,0,752.302,485.4514
1772,0,752.30505,485.45526
1773,0,752.30505,485.45514
1774,0,752.3038,485.45496
1775,0,752.29944,485.45682
1776,0,752.3126,485.44183
1777,0,752.3126,485.44183
1778,0,752.30963,485.4629
1779,0,752.3095,485.46317
1780,0,752.3095,485.46317
1781,0,752.3095,485.46317
1782,0,752.2936,485.46832
1783,0,752.28625,485.47775
1784,0,752.2864,485.47797
1785,0,752.2864,485.47797
1786,0,752.28735,485.47656
1787,0,752.28986,485.47733
1788,0,752.30225,485.47052
1789,0,752.3015,485.47223
1790,0,752.2989,485.471
1791,0,752.29895,485.47125
1792,0,752.29895,485.47125
1793,0,752.2943,485.49548
1794,0,752.2959,485.49445
1795,0,752.2959,485.49445
1796,0,752.3154,485.47525
1797,0,752.3168,485.47433
1798,0,752.3168,485.47433
1799,0,752.3168,485.47433
1800,0,752.3896,485.47864
