Lap Nr,Roi1,Roi1_x,Roi1_y,Roi1_w,Roi1_h
1,,0,16,418,24
2,,0,17,418,23
3,,0,17,418,23
4,,0,17,418,23
5,,0,17,418,23
6,,0,17,418,23
7,,0,16,418,24
8,,0,16,418,24
9,,0,16,418,24
10,,0,17,418,23
11,,0,17,418,23
12,,0,17,418,23
13,,0,17,418,23
14,,0,17,418,23
15,,0,17,418,23
16,,0,17,418,23
17,,0,17,418,23
18,,0,17,418,23
19,,0,17,418,23
20,,0,16,418,24
21,,0,16,418,24
22,,0,16,418,24
23,,0,16,418,24
24,,0,17,418,23
25,,0,16,418,24
26,,0,16,418,24
27,,0,17,418,23
28,,0,17,418,23
29,,0,16,418,24
30,,0,16,418,24
31,,0,16,418,24
32,,0,16,418,24
33,,0,16,418,24
34,,0,17,418,23
35,,0,17,418,23
36,,0,16,418,24
37,,0,16,418,24
38,,0,16,418,24
39,,0,16,418,24
40,,0,16,418,24
41,,0,16,418,24
42,,0,17,418,23
43,,0,17,418,23
44,,0,17,418,23
45,,0,17,418,23
46,,0,17,418,23
47,,0,17,418,23
48,,0,16,418,24
49,,0,16,418,24
111,,0,16,418,24
112,,0,17,418,23
113,,0,17,418,23
114,,0,17,418,23
115,,0,17,418,23
116,,0,17,418,23
117,,0,17,418,23
118,,0,17,418,23
119,,0,16,418,24
120,,0,17,418,24
121,,0,17,418,24
122,,0,17,418,23
123,,0,17,418,23
124,,0,17,418,23
125,,0,17,418,24
126,,0,17,418,23
127,,0,17,418,23
128,,0,17,418,23
129,,0,17,418,23
130,,0,17,418,23
131,,0,16,418,24
132,,0,17,418,23
133,,0,17,418,23
134,,0,16,418,24
135,,0,16,418,24
136,,0,17,418,23
137,,0,17,418,23
138,,0,17,418,23
139,,0,17,418,23
140,,0,17,418,23
141,,0,17,418,23
142,,0,17,418,23
143,,0,17,418,23
144,,0,16,418,24
145,,0,16,418,24
146,,0,16,418,24
147,,0,16,418,24
148,,0,16,418,24
149,,0,16,418,24
150,,0,17,418,23
151,,0,17,418,23
152,,0,17,418,23
153,,0,16,418,24
154,,0,17,418,23
155,,0,16,418,24
207,,0,17,418,23
208,,0,17,418,23
209,,0,17,418,23
210,,0,17,418,23
211,,0,17,418,23
212,,0,17,418,23
213,,0,17,418,23
214,,0,17,418,23
215,,0,17,418,23
216,,0,17,418,23
217,,0,17,418,23
218,,0,17,418,23
219,,0,17,418,23
220,,0,17,418,23
221,,0,16,418,24
222,,0,16,418,24
223,,0,16,418,24
224,,0,16,418,24
225,,0,17,418,23
226,,0,17,418,23
227,,0,16,418,24
228,,0,17,418,23
229,,0,16,418,24
230,,0,16,418,24
231,,0,16,418,24
232,,0,17,418,23
233,,0,17,418,23
234,,0,17,418,23
235,,0,17,418,23
236,,0,16,418,24
237,,0,17,418,23
238,,0,17,418,23
239,,0,17,418,23
240,,0,16,418,24
241,,0,16,418,24
242,,0,16,418,24
243,,0,16,418,24
244,,0,16,418,24
245,,0,16,418,24
246,,0,16,418,24
247,,0,16,418,24
248,,0,17,418,23
249,,0,16,418,24
250,,0,16,418,24
251,,0,17,418,23
252,,0,16,418,24
253,,0,16,418,24
316,,0,17,418,23
317,,0,17,418,23
318,,0,16,418,24
319,,0,16,418,24
320,,0,16,418,24
321,,0,16,418,24
322,,0,16,418,24
323,,0,16,418,24
324,,0,16,418,24
325,,0,16,418,24
326,,0,16,418,24
327,,0,16,418,24
328,,0,16,418,24
329,,0,16,418,24
330,,0,16,418,24
331,,0,16,418,24
332,,0,16,418,24
333,,0,16,418,24
334,,0,16,418,24
335,,0,16,418,24
336,,0,17,418,23
337,,0,17,418,23
338,,0,17,418,23
339,,0,17,418,23
340,,0,16,418,24
341,,0,16,418,24
342,,0,17,418,23
343,,0,17,418,23
344,,0,17,418,23
345,,0,16,418,24
346,,0,16,418,24
347,,0,16,418,24
348,,0,16,418,24
349,,0,16,418,24
350,,0,16,418,24
351,,0,16,418,24
352,,0,16,418,24
353,,0,16,418,24
354,,0,16,418,24
355,,0,16,418,24
414,,0,17,418,23
415,,0,17,418,23
416,,0,17,418,23
417,,0,17,418,23
418,,0,17,418,23
419,,0,16,418,24
420,,0,17,418,23
421,,0,17,418,23
422,,0,17,418,23
423,,0,17,418,23
424,,0,17,418,23
425,,0,17,418,23
426,,0,17,418,23
427,,0,17,418,23
428,,0,17,418,23
429,,0,17,418,23
430,,0,17,418,23
431,,0,17,418,23
432,,0,17,418,23
433,,0,17,418,23
434,,0,17,418,23
435,,0,16,418,24
436,,0,16,418,24
437,,0,16,418,24
438,,0,17,418,23
439,,0,17,418,23
440,,0,17,418,23
441,,0,16,418,24
442,,0,16,418,24
443,,0,16,418,24
444,,0,16,418,24
445,,0,16,418,24
446,,0,16,418,24
447,,0,17,418,23
448,,0,17,418,23
449,,0,16,418,24
450,,0,16,418,24
451,,0,16,418,24
452,,0,16,418,24
453,,0,16,418,24
454,,0,16,418,24
455,,0,16,418,24
456,,0,16,418,24
512,,0,17,418,23
513,,0,17,418,24
514,,0,17,418,24
515,,0,17,418,23
516,,0,16,418,24
517,,0,16,418,24
518,,0,16,418,24
519,,0,16,418,24
520,,0,16,418,24
521,,0,17,418,23
522,,0,17,418,23
523,,0,17,418,23
524,,0,17,418,23
525,,0,17,418,23
526,,0,17,418,23
527,,0,17,418,23
528,,0,17,418,23
529,,0,17,418,23
530,,0,17,418,23
531,,0,17,418,23
532,,0,17,418,23
533,,0,17,418,23
534,,0,17,418,23
535,,0,17,418,23
536,,0,17,418,23
537,,0,16,418,24
538,,0,17,418,23
539,,0,17,418,23
540,,0,16,418,24
541,,0,16,418,24
542,,0,16,418,24
543,,0,16,418,24
544,,0,16,418,25
545,,0,16,418,25
546,,0,16,418,25
547,,0,16,418,25
548,,0,16,418,24
549,,0,16,418,24
550,,0,16,418,24
551,,0,16,418,24
552,,0,16,418,24
553,,0,16,418,24
554,,0,16,418,24
555,,0,16,418,24
611,,0,17,418,23
612,,0,16,418,24
613,,0,16,418,24
614,,0,16,418,24
615,,0,16,418,24
616,,0,17,418,23
617,,0,16,418,24
618,,0,16,418,24
619,,0,16,418,24
620,,0,16,418,24
621,,0,17,418,23
622,,0,17,418,23
623,,0,17,418,23
624,,0,17,418,24
625,,0,17,418,24
626,,0,16,418,25
627,,0,17,418,24
628,,0,17,418,24
629,,0,17,418,24
630,,0,17,418,24
631,,0,17,418,24
632,,0,17,418,24
633,,0,16,418,24
634,,0,17,418,24
635,,0,17,418,24
636,,0,17,418,23
637,,0,17,418,23
638,,0,17,418,23
639,,0,17,418,23
640,,0,17,418,23
641,,0,16,418,24
642,,0,16,418,24
643,,0,17,418,23
644,,0,17,418,23
645,,0,17,418,23
646,,0,17,418,23
647,,0,16,418,24
648,,0,16,418,24
649,,0,16,418,24
650,,0,16,418,24
651,,0,16,418,24
652,,0,16,418,24
653,,0,16,418,24
654,,0,16,418,24
655,,0,16,418,24
656,,0,16,418,24
713,,0,17,418,23
714,,0,17,418,23
715,,0,17,418,23
716,,0,17,418,23
717,,0,17,418,23
718,,0,17,418,23
719,,0,17,418,23
720,,0,17,418,23
721,,0,17,418,23
722,,0,17,418,23
723,,0,17,418,23
724,,0,17,418,23
725,,0,17,418,23
726,,0,17,418,23
727,,0,17,418,23
728,,0,17,418,23
729,,0,17,418,23
730,,0,16,418,24
731,,0,17,418,24
732,,0,17,418,23
733,,0,17,418,23
734,,0,17,418,23
735,,0,17,418,24
736,,0,17,418,24
737,,0,17,418,24
738,,0,17,418,24
739,,0,17,418,24
740,,0,17,418,23
741,,0,17,418,23
742,,0,17,418,23
743,,0,16,418,24
744,,0,16,418,24
745,,0,16,418,24
746,,0,16,418,24
747,,0,16,418,24
748,,0,16,418,24
749,,0,16,418,24
750,,0,16,418,24
751,,0,16,418,24
752,,0,16,418,24
753,,0,16,418,24
754,,0,16,418,24
755,,0,16,418,24
811,,0,17,418,24
812,,0,17,418,23
813,,0,17,418,23
814,,0,17,418,23
815,,0,17,418,24
816,,0,16,418,24
817,,0,16,418,24
818,,0,16,418,24
819,,0,17,418,23
820,,0,17,418,23
821,,0,16,418,24
822,,0,16,418,24
823,,0,16,418,24
824,,0,16,418,25
825,,0,16,418,25
826,,0,16,418,25
827,,0,17,418,23
828,,0,17,418,23
829,,0,17,418,23
830,,0,17,418,23
831,,0,16,418,24
832,,0,16,418,25
833,,0,16,418,25
834,,0,16,418,25
835,,0,16,418,25
836,,0,16,418,24
837,,0,16,418,24
838,,0,16,418,24
839,,0,16,418,24
840,,0,17,418,24
841,,0,16,418,25
842,,0,16,418,25
843,,0,17,418,23
844,,0,17,418,23
845,,0,17,418,23
846,,0,17,418,23
847,,0,17,418,23
848,,0,17,418,23
849,,0,17,418,23
850,,0,17,418,23
851,,0,17,418,23
852,,0,16,418,24
853,,0,16,418,24
854,,0,16,418,24
855,,0,16,418,24
856,,0,16,418,24
857,,0,16,418,24
911,,0,17,418,23
912,,0,16,418,24
913,,0,17,418,23
914,,0,17,418,23
915,,0,16,418,24
916,,0,16,418,24
917,,0,17,418,23
918,,0,17,418,23
919,,0,17,418,23
920,,0,17,418,23
921,,0,17,418,23
922,,0,17,418,23
923,,0,17,418,23
924,,0,17,418,23
925,,0,17,418,23
926,,0,17,418,23
927,,0,17,418,23
928,,0,17,418,24
929,,0,17,418,24
930,,0,17,418,23
931,,0,17,418,23
932,,0,17,418,23
933,,0,17,418,23
934,,0,17,418,23
935,,0,16,418,24
936,,0,17,418,23
937,,0,16,418,24
938,,0,16,418,24
939,,0,17,418,23
940,,0,17,418,23
941,,0,17,418,23
942,,0,16,418,24
943,,0,16,418,24
944,,0,17,418,23
945,,0,16,418,24
946,,0,17,418,23
947,,0,17,418,23
948,,0,17,418,23
949,,0,17,418,23
950,,0,17,418,23
951,,0,16,418,24
952,,0,16,418,24
953,,0,16,418,24
1011,,0,16,418,25
1012,,0,17,418,23
1013,,0,17,418,23
1014,,0,17,418,23
1015,,0,17,418,23
1016,,0,17,418,23
1017,,0,17,418,24
1018,,0,16,418,24
1019,,0,17,418,23
1020,,0,16,418,24
1021,,0,16,418,24
1022,,0,16,418,24
1023,,0,16,418,24
1024,,0,16,418,24
1025,,0,16,418,24
1026,,0,17,418,23
1027,,0,16,418,24
1028,,0,16,418,24
1029,,0,16,418,24
1030,,0,16,418,24
1031,,0,16,418,24
1032,,0,16,418,25
1033,,0,16,418,25
1034,,0,16,418,24
1035,,0,17,418,23
1036,,0,16,418,24
1037,,0,16,418,24
1038,,0,16,418,24
1039,,0,16,418,24
1040,,0,16,418,25
1041,,0,16,418,24
1042,,0,16,418,24
1043,,0,17,418,23
1044,,0,17,418,23
1045,,0,17,418,23
1046,,0,16,418,24
1047,,0,17,418,23
1048,,0,16,418,24
1049,,0,17,418,23
1050,,0,17,418,23
1051,,0,17,418,23
1052,,0,16,418,24
1053,,0,16,418,24
1054,,0,16,418,24
1055,,0,16,418,24
1056,,0,16,418,24
1057,,0,16,418,24
1058,,0,16,418,24
1059,,0,16,418,24
1060,,0,16,418,24
1061,,0,16,418,24
1062,,0,17,418,23
1063,,0,17,418,23
1064,,0,0,418,40
1065,,0,0,418,40
1066,,0,0,418,40
1067,,37,0,351,41
1068,,0,0,418,45
1069,,37,0,381,49
1070,,37,0,381,53
1071,,39,0,348,57
1072,,178,0,207,57
1073,,282,0,101,59
1074,,180,18,101,44
1075,,181,21,101,44
1076,,181,25,100,44
1077,,284,25,134,43
1078,,284,25,134,44
1079,,181,29,100,40
1080,,285,26,133,43
1081,,285,26,133,43
1082,,285,26,133,43
1083,,285,26,133,43
1084,,285,26,133,43
1085,,285,25,133,44
1086,,283,27,100,42
1087,,283,25,100,43
1088,,179,23,102,44
1089,,179,21,102,44
1090,,179,19,102,43
1091,,179,9,204,50
1092,,175,0,210,57
1093,,37,0,349,56
1094,,37,0,381,53
1095,,37,0,381,50
1096,,37,0,381,47
1097,,37,0,352,42
1098,,171,0,247,37
1099,,0,0,418,40
1100,,0,0,418,40
1101,,0,17,418,23
1102,,0,17,418,23
1103,,0,17,418,23
1104,,0,15,418,54
1105,,0,17,418,23
1106,,0,17,418,23
1107,,0,17,418,23
1108,,0,16,418,24
1109,,0,16,418,24
1110,,0,16,418,24
1111,,0,16,418,24
1112,,0,17,418,24
1113,,0,16,418,25
1114,,0,17,418,23
1115,,0,17,418,23
1116,,0,16,418,24
1117,,0,16,418,24
1118,,0,16,418,24
1119,,0,16,418,24
1120,,0,16,418,24
1121,,0,16,418,24
1122,,0,17,418,23
1123,,0,17,418,23
1124,,0,16,418,24
1125,,0,16,418,24
1126,,0,16,418,24
1127,,0,16,418,24
1128,,0,16,418,24
1129,,0,16,418,24
1130,,0,16,418,24
1131,,0,16,418,24
1132,,0,16,418,24
1133,,0,16,418,24
1134,,0,16,418,24
1135,,0,16,418,24
1136,,0,16,418,24
1137,,0,16,418,24
1138,,0,16,418,24
1139,,0,16,418,24
1140,,0,17,418,24
1141,,0,17,418,24
1142,,0,17,418,23
1143,,0,17,418,23
1144,,0,17,418,23
1145,,0,17,418,23
1146,,0,17,418,23
1147,,0,17,418,23
1148,,0,17,418,23
1149,,0,16,418,25
1150,,0,16,418,24
1151,,0,16,418,24
1152,,0,17,418,23
1153,,0,17,418,23
1154,,0,17,418,23
1155,,0,17,418,23
1156,,0,17,418,23
1157,,0,17,418,23
1158,,0,17,418,23
1159,,0,17,418,23
1160,,0,16,418,24
1161,,0,17,418,23
1162,,0,17,418,23
1163,,0,17,418,23
1164,,0,0,418,40
1165,,0,0,418,40
1166,,0,0,418,40
1167,,0,0,418,40
1168,,0,0,418,42
1169,,37,0,381,50
1170,,37,0,381,53
1171,,38,0,349,57
1172,,179,0,206,57
1173,,179,9,102,51
1174,,180,18,101,45
1175,,181,21,100,44
1176,,180,23,101,44
1177,,181,25,100,44
1178,,284,26,99,43
1179,,284,27,99,42
1180,,284,29,101,40
1181,,285,26,133,43
1182,,285,26,133,43
1183,,285,26,133,43
1184,,285,26,133,43
1185,,284,26,134,43
1186,,283,25,135,44
1187,,283,25,135,43
1188,,180,25,101,44
1189,,180,23,101,44
1190,,180,21,101,44
1191,,180,18,101,44
1192,,179,9,204,50
1193,,72,0,314,56
1194,,37,0,350,53
1195,,37,0,381,50
1196,,0,0,418,46
1197,,37,0,351,42
1198,,170,0,248,36
1199,,0,0,418,40
1200,,0,0,418,40
1201,,0,0,418,40
1202,,0,17,418,23
1203,,0,17,418,23
1204,,0,17,418,23
1205,,0,17,418,23
1206,,0,17,418,23
1207,,0,16,418,25
1208,,0,16,418,24
1209,,0,16,418,24
1210,,0,16,418,24
1211,,0,16,418,24
1212,,0,16,418,25
1213,,0,16,418,25
1214,,0,16,418,25
1215,,0,17,418,23
1216,,0,16,418,25
1217,,0,17,418,23
1218,,0,17,418,23
1219,,0,17,418,23
1220,,0,17,418,23
1221,,0,17,418,23
1222,,0,17,418,23
1223,,0,17,418,23
1224,,0,17,418,23
1225,,0,16,418,24
1226,,0,16,418,24
1227,,0,17,418,23
1228,,0,16,418,24
1229,,0,16,418,25
1230,,0,17,418,24
1231,,0,17,418,24
1232,,0,16,418,24
1233,,0,17,418,23
1234,,0,16,418,24
1235,,0,16,418,25
1236,,0,16,418,25
1237,,0,16,418,25
1238,,0,16,418,25
1239,,0,16,418,24
1240,,0,17,418,23
1241,,0,17,418,23
1242,,0,17,418,23
1243,,0,17,418,23
1244,,0,17,418,23
1245,,0,17,418,23
1246,,0,17,418,23
1247,,0,17,418,23
1248,,0,17,418,23
1249,,0,17,418,23
1250,,0,17,418,23
1251,,0,17,418,23
1252,,0,17,418,23
1253,,0,16,418,24
1254,,0,17,418,23
1255,,0,17,418,23
1256,,0,17,418,23
1257,,0,16,418,24
1258,,0,16,418,24
1259,,0,17,418,23
1260,,0,17,418,23
1261,,0,17,418,23
1262,,0,17,418,23
1263,,0,17,418,23
1264,,0,0,418,40
1265,,0,0,418,40
1266,,0,0,418,40
1267,,0,0,418,40
1268,,0,0,418,43
1269,,0,0,418,47
1270,,0,0,418,51
1271,,37,0,381,54
1272,,38,0,380,57
1273,,180,15,102,46
1274,,181,19,100,44
1275,,181,22,101,43
1276,,181,24,101,43
1277,,181,25,101,44
1278,,284,25,134,44
1279,,284,25,134,44
1280,,284,26,134,43
1281,,285,26,133,43
1282,,285,26,133,43
1283,,285,26,133,43
1284,,285,26,133,43
1285,,284,26,134,43
1286,,284,27,99,42
1287,,283,25,100,43
1288,,283,23,100,44
1289,,180,23,101,43
1290,,179,21,102,43
1291,,282,17,100,43
1292,,177,0,207,59
1293,,177,0,207,57
1294,,37,0,350,56
1295,,37,0,381,53
1296,,37,0,381,49
1297,,37,0,381,41
1298,,172,0,246,36
1299,,0,0,418,40
1300,,0,0,418,40
1301,,0,0,418,40
1302,,0,17,418,23
1303,,0,17,418,23
1304,,0,17,418,23
1305,,0,17,418,23
1306,,0,17,418,23
1307,,0,17,418,24
1308,,0,17,418,23
1309,,0,17,418,23
1310,,0,17,418,23
1311,,0,17,418,23
1312,,0,17,418,23
1313,,0,17,418,24
1314,,0,17,418,23
1315,,0,17,418,23
1316,,0,16,418,24
1317,,0,17,418,23
1318,,0,17,418,23
1319,,0,17,418,23
1320,,0,17,418,23
1321,,0,17,418,23
1322,,0,17,418,23
1323,,0,17,418,23
1324,,0,17,418,23
1325,,0,17,418,23
1326,,0,17,418,23
1327,,0,17,418,23
1328,,0,17,418,23
1329,,0,17,418,23
1330,,0,17,418,23
1331,,0,17,418,23
1332,,0,17,418,23
1333,,0,17,418,23
1334,,0,17,418,23
1335,,0,17,418,23
1336,,0,17,418,23
1337,,0,17,418,23
1338,,0,16,418,24
1339,,0,16,418,24
1340,,0,16,418,24
1341,,0,17,418,23
1342,,0,17,418,23
1343,,0,16,418,24
1344,,0,16,418,24
1345,,0,16,418,24
1346,,0,16,418,24
1347,,0,16,418,25
1348,,0,16,418,25
1349,,0,16,418,24
1350,,0,16,418,24
1351,,0,16,418,24
1352,,0,17,418,23
1353,,0,17,418,23
1354,,0,16,418,24
1355,,0,17,418,23
1356,,0,17,418,23
1357,,0,17,418,23
1358,,0,17,418,23
1359,,0,16,418,24
1360,,0,17,418,23
1361,,0,0,418,69
1362,,0,17,418,23
1363,,0,17,418,23
1364,,0,17,418,23
1365,,0,0,418,40
1366,,0,0,418,40
1367,,171,0,247,37
1368,,37,0,381,43
1369,,37,0,381,47
1370,,37,0,381,51
1371,,38,0,380,54
1372,,39,0,379,57
1373,,179,0,205,58
1374,,179,15,102,46
1375,,181,19,100,44
1376,,181,21,101,44
1377,,181,25,101,44
1378,,284,25,134,44
1379,,284,25,134,44
1380,,285,26,133,43
1381,,285,26,133,43
1382,,285,26,133,43
1383,,285,26,133,43
1384,,285,26,133,43
1385,,285,26,133,43
1386,,284,26,134,43
1387,,283,25,135,44
1388,,181,26,100,43
1389,,180,23,101,43
1390,,283,19,100,44
1391,,179,18,102,43
1392,,179,0,204,59
1393,,74,0,311,58
1394,,37,0,349,56
1395,,37,0,381,53
1396,,37,0,381,49
1397,,37,0,351,45
1398,,0,0,388,41
1399,,173,0,245,35
1400,,0,0,418,40
1401,,0,0,418,40
1402,,0,17,418,23
1403,,0,17,418,23
1404,,0,17,418,23
1405,,0,17,418,23
1406,,0,17,418,23
1407,,0,17,418,23
1408,,0,17,418,23
1409,,0,17,418,23
1410,,0,17,418,23
1411,,0,17,418,23
1412,,0,17,418,23
1413,,0,17,418,23
1414,,0,17,418,23
1415,,0,17,418,23
1416,,0,17,418,23
1417,,0,17,418,23
1418,,0,17,418,23
1419,,0,16,418,24
1420,,0,16,418,24
1421,,0,16,418,24
1422,,0,17,418,23
1423,,0,17,418,23
1424,,0,17,418,23
1425,,0,17,418,23
1426,,0,17,418,24
1427,,0,17,418,24
1428,,0,16,418,24
1429,,0,16,418,24
1430,,0,17,418,23
1431,,0,17,418,23
1432,,0,17,418,23
1433,,0,17,418,23
1434,,0,17,418,23
1435,,0,17,418,23
1436,,0,17,418,23
1437,,0,17,418,23
1438,,0,17,418,23
1439,,0,17,418,23
1440,,0,16,418,24
1441,,0,16,418,25
1442,,0,16,418,25
1443,,0,16,418,24
1444,,0,16,418,24
1445,,0,16,418,24
1446,,0,17,418,24
1447,,0,16,418,25
1448,,0,16,418,24
1449,,0,16,418,24
1450,,0,16,418,25
1451,,0,16,418,24
1452,,0,17,418,23
1453,,0,17,418,23
1454,,0,17,418,23
1455,,0,17,418,23
1456,,0,17,418,23
1457,,0,17,418,23
1458,,0,16,418,24
1459,,0,16,418,24
1460,,0,16,418,24
1461,,0,0,418,69
1462,,0,17,418,23
1463,,0,17,418,23
1464,,0,17,418,23
1465,,0,0,418,40
1466,,0,0,418,40
1467,,0,0,418,40
1468,,169,0,249,37
1469,,0,0,388,43
1470,,37,0,381,51
1471,,38,0,380,55
1472,,39,0,379,57
1473,,179,0,204,58
1474,,179,10,204,51
1475,,181,19,100,44
1476,,181,22,100,43
1477,,181,24,100,43
1478,,181,25,101,44
1479,,285,25,133,44
1480,,284,25,134,44
1481,,284,26,134,43
1482,,285,26,133,43
1483,,285,26,133,43
1484,,285,26,133,43
1485,,285,26,133,43
1486,,284,26,134,43
1487,,283,25,135,44
1488,,180,25,101,44
1489,,283,23,135,44
1490,,180,23,101,43
1491,,76,23,102,42
1492,,179,12,102,49
1493,,177,0,206,59
1494,,37,0,350,55
1495,,37,0,381,53
1496,,37,0,351,49
1497,,0,0,389,45
1498,,37,0,381,41
1499,,171,0,247,35
1500,,0,0,418,40
1501,,0,0,418,40
1502,,0,0,418,40
1503,,0,17,418,23
1504,,0,17,418,23
1505,,0,15,418,25
1506,,0,16,418,24
1507,,0,16,418,24
1508,,0,16,418,24
1509,,0,17,418,23
1510,,0,17,418,23
1511,,0,17,418,23
1512,,0,16,418,25
1513,,0,17,418,24
1514,,0,17,418,24
1515,,0,16,418,25
1516,,0,17,418,24
1517,,0,17,418,24
1518,,0,17,418,23
1519,,0,17,418,23
1520,,0,17,418,24
1521,,0,17,418,24
1522,,0,17,418,24
1523,,0,17,418,23
1524,,0,17,418,23
1525,,0,17,418,23
1526,,0,17,418,23
1527,,0,17,418,23
1528,,0,17,418,23
1529,,0,16,418,24
1530,,0,16,418,24
1531,,0,16,418,24
1532,,0,17,418,24
1533,,0,17,418,23
1534,,0,17,418,23
1535,,0,16,418,24
1536,,0,16,418,24
1537,,0,16,418,24
1538,,0,16,418,24
1539,,0,16,418,24
1540,,0,16,418,24
1541,,0,16,418,24
1542,,0,17,418,23
1543,,0,17,418,23
1544,,0,17,418,23
1545,,0,16,418,24
1546,,0,16,418,24
1547,,0,16,418,24
1548,,0,17,418,23
1549,,0,17,418,23
1550,,0,17,418,23
1551,,0,17,418,23
1552,,0,17,418,23
1553,,0,17,418,23
1554,,0,17,418,23
1555,,0,17,418,23
1556,,0,17,418,23
1557,,0,16,418,24
1558,,0,16,418,24
1559,,0,16,418,24
1560,,0,16,418,24
1561,,0,16,418,24
1562,,0,0,418,69
1563,,0,17,418,23
1564,,0,17,418,23
1565,,0,0,418,40
1566,,0,0,418,40
1567,,0,0,418,40
1568,,169,0,249,37
1569,,37,0,352,43
1570,,37,0,381,47
1571,,37,0,381,51
1572,,38,0,380,55
1573,,38,0,349,57
1574,,179,12,102,49
1575,,181,19,100,44
1576,,181,22,100,43
1577,,181,24,100,43
1578,,181,25,100,44
1579,,181,27,100,42
1580,,284,27,100,42
1581,,284,26,134,43
1582,,284,26,134,43
1583,,285,26,133,43
1584,,285,26,133,43
1585,,284,26,134,43
1586,,283,28,100,41
1587,,181,27,100,42
1588,,283,25,135,42
1589,,283,23,100,44
1590,,283,21,99,43
1591,,179,21,102,42
1592,,179,17,102,44
1593,,179,0,204,59
1594,,74,0,311,58
1595,,37,0,350,55
1596,,37,0,381,53
1597,,37,0,381,49
1598,,37,0,381,45
1599,,0,0,418,40
1600,,0,0,418,40
1601,,0,0,418,40
1602,,0,0,418,40
1603,,0,17,418,23
1604,,0,17,418,23
1605,,0,16,418,25
1606,,0,16,418,24
1607,,0,17,418,23
1608,,0,17,418,23
1609,,0,17,418,23
1610,,0,16,418,24
1611,,0,17,418,23
1612,,0,17,418,23
1613,,0,17,418,23
1614,,0,17,418,23
1615,,0,17,418,23
1616,,0,17,418,23
1617,,0,16,418,25
1618,,0,16,418,24
1619,,0,16,418,24
1620,,0,17,418,23
1621,,0,17,418,24
1622,,0,16,418,25
1623,,0,16,418,24
1624,,0,16,418,25
1625,,0,17,418,24
1626,,0,17,418,23
1627,,0,17,418,23
1628,,0,17,418,23
1629,,0,17,418,23
1630,,0,17,418,23
1631,,0,17,418,23
1632,,0,16,418,24
1633,,0,16,418,24
1634,,0,16,418,24
1635,,0,16,418,24
1636,,0,17,418,23
1637,,0,16,418,24
1638,,0,16,418,24
1639,,0,16,418,24
1640,,0,17,418,23
1641,,0,17,418,23
1642,,0,17,418,23
1643,,0,17,418,23
1644,,0,17,418,23
1645,,0,17,418,23
1646,,0,17,418,24
1647,,0,17,418,24
1648,,0,16,418,25
1649,,0,17,418,24
1650,,0,17,418,24
1651,,0,17,418,23
1652,,0,17,418,23
1653,,0,17,418,23
1654,,0,17,418,23
1655,,0,16,418,24
1656,,0,17,418,23
1657,,0,17,418,23
1658,,0,17,418,23
1659,,0,17,418,23
1660,,0,16,418,24
1661,,0,17,418,23
1662,,0,14,418,55
1663,,0,17,418,23
1664,,0,17,418,23
1665,,0,17,418,23
1666,,0,0,418,40
1667,,0,0,418,40
1668,,169,0,249,37
1669,,0,0,418,43
1670,,37,0,352,47
1671,,37,0,381,51
1672,,38,0,349,55
1673,,39,0,347,57
1674,,179,0,205,59
1675,,179,16,204,45
1676,,181,19,100,44
1677,,181,22,101,43
1678,,181,25,100,44
1679,,181,27,100,42
1680,,284,25,134,44
1681,,284,26,134,43
1682,,285,26,133,43
1683,,285,26,133,43
1684,,285,26,133,43
1685,,285,26,133,43
1686,,285,26,133,43
1687,,284,25,134,44
1688,,181,27,100,42
1689,,180,25,101,44
1690,,180,24,101,43
1691,,180,20,101,43
1692,,179,17,102,44
1693,,179,7,204,52
1694,,74,0,311,57
1695,,37,0,350,55
1696,,37,0,351,53
1697,,37,0,381,49
1698,,37,0,352,45
1699,,0,0,418,41
1700,,0,0,418,40
1701,,0,0,418,40
1702,,0,0,418,40
1703,,0,17,418,23
1704,,0,17,418,23
1705,,0,16,418,25
1706,,0,17,418,23
1707,,0,17,418,23
1708,,0,17,418,24
1709,,0,16,418,24
1710,,0,16,418,24
1711,,0,16,418,24
1712,,0,17,418,23
1713,,0,16,418,24
1714,,0,16,418,24
1715,,0,16,418,24
1716,,0,16,418,24
1717,,0,17,418,23
1718,,0,17,418,23
1719,,0,17,418,23
1720,,0,17,418,23
1721,,0,17,418,23
1722,,0,17,418,23
1723,,0,17,418,23
1724,,0,17,418,23
1725,,0,17,418,23
1726,,0,17,418,23
1727,,0,16,418,25
1728,,0,16,418,24
1729,,0,16,418,24
1730,,0,16,418,24
1731,,0,16,418,24
1732,,0,17,418,23
1733,,0,16,418,24
1734,,0,16,418,24
1735,,0,16,418,24
1736,,0,16,418,24
1737,,0,17,418,24
1738,,0,17,418,24
1739,,0,17,418,23
1740,,0,16,418,24
1741,,0,16,418,24
1742,,0,16,418,24
1743,,0,16,418,24
1744,,0,16,418,24
1745,,0,16,418,24
1746,,0,16,418,24
1747,,0,16,418,24
1748,,0,17,418,23
1749,,0,17,418,23
1750,,0,17,418,23
1751,,0,17,418,23
1752,,0,17,418,23
1753,,0,17,418,23
1754,,0,16,418,24
1755,,0,16,418,24
1756,,0,17,418,23
1757,,0,17,418,23
1758,,0,17,418,23
1759,,0,16,418,24
1760,,0,16,418,24
1761,,0,17,418,23
1762,,0,13,418,27
1763,,0,17,418,23
1764,,0,17,418,23
1765,,0,0,418,40
1766,,0,0,418,40
1767,,0,0,418,40
1768,,0,0,418,40
1769,,168,0,250,38
1770,,0,0,418,43
1771,,0,0,418,51
1772,,38,0,350,55
1773,,39,0,348,57
1774,,179,0,205,59
1775,,181,17,202,44
1776,,181,20,100,43
1777,,181,22,100,43
1778,,181,24,101,43
1779,,181,26,101,43
1780,,181,27,100,42
1781,,284,25,134,44
1782,,285,26,133,43
1783,,285,26,133,43
1784,,285,26,133,43
1785,,285,26,133,43
1786,,285,26,133,43
1787,,284,25,134,44
1788,,283,27,100,42
1789,,180,25,101,44
1790,,180,24,101,43
1791,,179,22,102,43
1792,,179,19,102,44
1793,,179,17,102,44
1794,,178,0,205,59
1795,,37,0,349,55
1796,,37,0,381,52
1797,,37,0,381,49
1798,,37,0,381,45
1799,,0,0,418,41
1800,,0,0,418,40
1801,,0,0,418,40
1802,,0,0,418,40
1803,,0,0,418,40
1804,,0,17,418,23
1805,,0,17,418,23
1806,,0,17,418,23
1807,,0,17,418,23
1808,,0,16,418,25
1809,,0,17,418,23
1810,,0,17,418,23
1811,,0,17,418,23
1812,,0,17,418,23
1813,,0,17,418,23
1814,,0,17,418,24
1815,,0,17,418,23
1816,,0,17,418,24
1817,,0,17,418,23
1818,,0,17,418,23
1819,,0,17,418,23
1820,,0,17,418,23
1821,,0,17,418,23
1822,,0,17,418,23
1823,,0,17,418,23
1824,,0,17,418,23
1825,,0,17,418,23
1826,,0,17,418,23
1827,,0,17,418,23
1828,,0,17,418,23
1829,,0,17,418,23
1830,,0,17,418,23
1831,,0,17,418,23
1832,,0,17,418,23
1833,,0,17,418,23
1834,,0,17,418,23
1835,,0,17,418,23
1836,,0,16,418,24
1837,,0,16,418,24
1838,,0,16,418,25
1839,,0,16,418,25
1840,,0,16,418,24
1841,,0,17,418,24
1842,,0,17,418,24
1843,,0,17,418,24
1844,,0,17,418,23
1845,,0,16,418,24
1846,,0,17,418,23
1847,,0,17,418,24
1848,,0,16,418,24
1849,,0,17,418,23
1850,,0,17,418,23
1851,,0,17,418,23
1852,,0,16,418,24
1853,,0,16,418,24
1854,,0,16,418,24
1855,,0,16,418,24
1856,,0,16,418,24
1857,,0,16,418,24
1858,,0,16,418,24
1859,,0,16,418,24
1860,,0,17,418,23
1861,,0,16,418,24
1862,,0,17,418,23
1863,,0,17,418,23
1864,,0,17,418,23
1865,,0,17,418,23
1866,,0,0,418,40
1867,,0,0,418,40
1868,,0,0,418,40
1869,,168,0,250,39
1870,,0,0,418,43
1871,,37,0,381,47
1872,,37,0,381,51
1873,,37,0,381,55
1874,,39,0,379,57
1875,,179,17,102,44
1876,,181,20,100,43
1877,,77,25,102,42
1878,,283,23,100,43
1879,,181,26,100,43
1880,,283,25,135,44
1881,,284,25,134,44
1882,,284,26,134,43
1883,,285,26,133,43
1884,,285,26,133,43
1885,,285,26,133,43
1886,,285,26,133,43
1887,,283,27,100,42
1888,,283,25,135,44
1889,,283,25,135,42
1890,,179,24,102,43
1891,,179,22,102,43
1892,,179,20,102,43
1893,,179,11,102,50
1894,,174,0,209,59
1895,,74,0,311,57
1896,,37,0,350,55
1897,,37,0,381,52
1898,,37,0,381,49
1899,,37,0,381,40
1900,,0,0,418,40
1901,,0,0,418,40
1902,,0,0,418,40
1903,,0,0,418,40
1904,,0,17,418,23
1905,,0,17,418,23
1906,,0,17,418,24
1907,,0,17,418,24
1908,,0,17,418,23
1909,,0,17,418,23
1910,,0,17,418,23
1911,,0,17,418,23
1912,,0,17,418,23
1913,,0,17,418,23
1914,,0,17,418,24
1915,,0,17,418,24
1916,,0,17,418,24
1917,,0,17,418,24
1918,,0,17,418,24
1919,,0,17,418,23
1920,,0,17,418,23
1921,,0,17,418,23
1922,,0,17,418,23
1923,,0,17,418,23
1924,,0,17,418,23
1925,,0,17,418,23
1926,,0,17,418,23
1927,,0,17,418,23
1928,,0,17,418,23
1929,,0,17,418,23
1930,,0,17,418,23
1931,,0,17,418,23
1932,,0,17,418,23
1933,,0,17,418,23
1934,,0,17,418,23
1935,,0,17,418,23
1936,,0,17,418,23
1937,,0,17,418,23
1938,,0,17,418,23
1939,,0,17,418,23
1940,,0,17,418,23
1941,,0,17,418,23
1942,,0,17,418,23
1943,,0,17,418,23
1944,,0,17,418,23
1945,,0,17,418,23
1946,,0,17,418,23
1947,,0,17,418,23
1948,,0,17,418,23
1949,,0,17,418,23
1950,,0,17,418,23
1951,,0,17,418,23
1952,,0,17,418,23
1953,,0,17,418,23
1954,,0,17,418,23
1955,,0,17,418,23
1956,,0,16,418,24
1957,,0,16,418,24
1958,,0,16,418,24
1959,,0,16,418,24
1960,,0,16,418,24
1961,,0,17,418,23
1962,,0,17,418,23
1963,,0,15,418,26
1964,,0,17,418,23
1965,,0,17,418,23
1966,,0,0,418,40
1967,,0,0,418,40
1968,,0,0,418,40
1969,,167,0,251,38
1970,,0,0,418,43
1971,,0,0,418,47
1972,,37,0,381,51
1973,,38,0,349,55
1974,,75,0,310,57
1975,,179,0,205,59
1976,,180,17,101,44
1977,,180,19,101,44
1978,,77,25,102,42
1979,,181,26,100,43
1980,,284,25,134,44
1981,,284,26,134,43
1982,,284,26,134,43
1983,,285,26,133,43
1984,,285,26,133,43
1985,,284,26,134,43
1986,,285,29,98,40
1987,,284,26,134,43
1988,,284,25,134,44
1989,,283,27,100,42
1990,,181,25,100,44
1991,,179,22,102,43
1992,,180,19,101,44
1993,,179,16,102,45
1994,,172,0,211,59
1995,,37,0,348,57
1996,,37,0,350,55
1997,,37,0,381,51
1998,,37,0,381,48
1999,,0,0,418,44
2000,,37,0,381,40
2001,,0,0,418,40
2002,,0,0,418,40
2003,,0,0,418,40
2004,,0,17,418,23
2005,,0,17,418,23
2006,,0,17,418,23
2007,,0,17,418,23
2008,,0,16,418,24
2009,,0,17,418,23
2010,,0,16,418,24
2011,,0,16,418,25
2012,,0,17,418,23
2013,,0,17,418,23
2014,,0,16,418,25
2015,,0,17,418,23
2016,,0,17,418,24
2017,,0,16,418,25
2018,,0,17,418,24
2019,,0,17,418,24
2020,,0,17,418,24
2021,,0,17,418,24
2022,,0,17,418,24
2023,,0,17,418,24
2024,,0,17,418,24
2025,,0,17,418,24
2026,,0,17,418,24
2027,,0,17,418,24
2028,,0,16,418,25
2029,,0,16,418,25
2030,,0,16,418,25
2031,,0,16,418,25
2032,,0,17,418,23
2033,,0,17,418,23
2034,,0,17,418,23
2035,,0,17,418,24
2036,,0,17,418,24
2037,,0,17,418,24
2038,,0,17,418,24
2039,,0,17,418,23
2040,,0,16,418,24
2041,,0,16,418,24
2042,,0,16,418,24
2043,,0,16,418,25
2044,,0,16,418,25
2045,,0,16,418,24
2046,,0,17,418,23
2047,,0,17,418,23
2048,,0,17,418,23
2049,,0,17,418,23
2050,,0,17,418,23
2051,,0,17,418,24
2052,,0,16,418,24
2053,,0,16,418,24
2054,,0,16,418,24
2055,,0,13,418,27
2056,,0,13,418,27
2057,,0,15,418,25
2058,,0,16,418,24
2059,,0,16,418,24
2060,,0,17,418,23
2061,,0,17,418,23
2062,,0,17,418,23
2063,,0,15,418,26
2064,,0,17,418,23
2065,,0,17,418,23
2066,,0,0,418,40
2067,,0,0,418,40
2068,,0,0,418,40
2069,,0,0,418,40
2070,,0,0,418,44
2071,,37,0,381,48
2072,,37,0,381,51
2073,,38,0,350,55
2074,,178,0,207,57
2075,,179,7,205,52
2076,,180,17,102,44
2077,,181,20,100,44
2078,,181,22,100,44
2079,,181,25,100,42
2080,,181,26,100,43
2081,,284,27,99,42
2082,,284,28,99,41
2083,,285,26,133,43
2084,,285,26,133,43
2085,,285,26,133,43
2086,,285,26,133,43
2087,,285,26,133,43
2088,,283,25,135,44
2089,,284,26,99,43
2090,,181,25,100,44
2091,,283,23,135,43
2092,,180,22,101,43
2093,,180,19,101,44
2094,,179,11,204,50
2095,,177,0,208,59
2096,,37,0,351,55
2097,,37,0,381,51
2098,,37,0,381,47
2099,,0,0,418,44
2100,,163,0,255,39
2101,,0,0,418,40
2102,,0,0,418,40
2103,,0,0,418,40
2104,,0,0,418,40
2105,,0,17,418,23
2106,,0,17,418,23
2107,,0,17,418,23
2108,,0,16,418,24
2109,,0,17,418,24
2110,,0,17,418,23
2111,,0,17,418,23
2112,,0,16,418,24
2113,,0,16,418,24
2114,,0,16,418,24
2115,,0,16,418,25
2116,,0,17,418,23
2117,,0,17,418,23
2118,,0,17,418,23
2119,,0,17,418,23
2120,,0,17,418,23
2121,,0,17,418,23
2122,,0,17,418,23
2123,,0,17,418,23
2124,,0,16,418,25
2125,,0,16,418,25
2126,,0,17,418,23
2127,,0,16,418,24
2128,,0,16,418,24
2129,,0,17,418,23
2130,,0,17,418,23
2131,,0,17,418,23
2132,,0,17,418,23
2133,,0,17,418,23
2134,,0,17,418,23
2135,,0,17,418,23
2136,,0,16,418,24
2137,,0,16,418,24
2138,,0,16,418,24
2139,,0,16,418,25
2140,,0,16,418,25
2141,,0,16,418,24
2142,,0,16,418,24
2143,,0,17,418,23
2144,,0,17,418,24
2145,,0,15,418,25
2146,,0,16,418,24
2147,,0,17,418,24
2148,,0,16,418,24
2149,,0,16,418,24
2150,,0,16,418,24
2151,,0,16,418,24
2152,,0,16,418,24
2153,,0,16,418,24
2154,,0,16,418,24
2155,,0,16,418,24
2156,,0,16,418,24
2157,,0,17,418,23
2158,,0,15,418,25
2159,,0,16,418,24
2160,,0,16,418,24
2161,,0,16,418,24
2162,,0,16,418,24
2163,,0,16,418,24
2164,,0,16,418,24
2165,,0,17,418,23
2166,,0,0,418,40
2167,,0,0,418,40
2168,,0,0,418,40
2169,,0,0,418,40
2170,,37,0,381,40
2171,,0,0,418,44
2172,,37,0,381,48
2173,,37,0,381,52
2174,,38,0,349,55
2175,,178,0,207,57
2176,,179,17,102,44
2177,,181,20,100,44
2178,,181,23,100,43
2179,,284,23,99,44
2180,,181,26,100,43
2181,,284,25,134,44
2182,,284,25,134,44
2183,,284,26,134,43
2184,,285,26,133,43
2185,,285,26,133,43
2186,,285,26,133,43
2187,,284,26,134,43
2188,,284,25,134,44
2189,,180,27,101,42
2190,,181,25,100,44
2191,,283,23,135,42
2192,,179,21,102,44
2193,,179,19,102,44
2194,,179,15,102,46
2195,,177,0,207,59
2196,,37,0,348,57
2197,,37,0,350,55
2198,,37,0,381,51
2199,,0,0,418,43
2200,,165,0,222,39
2201,,0,0,418,40
2202,,0,0,418,40
2203,,0,0,418,40
2204,,0,0,418,40
2205,,0,17,418,23
2206,,0,17,418,23
2207,,0,16,418,53
2208,,0,17,418,23
2209,,0,17,418,23
2210,,0,17,418,23
2211,,0,17,418,23
2212,,0,17,418,23
2213,,0,17,418,23
2214,,0,17,418,23
2215,,0,17,418,23
2216,,0,17,418,23
2217,,0,17,418,23
2218,,0,17,418,23
2219,,0,17,418,23
2220,,0,17,418,23
2221,,0,17,418,23
2222,,0,17,418,23
2223,,0,17,418,23
2224,,0,17,418,23
2225,,0,17,418,23
2226,,0,17,418,24
2227,,0,17,418,24
2228,,0,17,418,24
2229,,0,17,418,23
2230,,0,17,418,23
2231,,0,16,418,24
2232,,0,17,418,23
2233,,0,17,418,23
2234,,0,17,418,23
2235,,0,17,418,23
2236,,0,17,418,23
2237,,0,17,418,23
2238,,0,17,418,23
2239,,0,17,418,23
2240,,0,17,418,23
2241,,0,17,418,23
2242,,0,17,418,23
2243,,0,17,418,23
2244,,0,17,418,23
2245,,0,17,418,23
2246,,0,16,418,24
2247,,0,16,418,24
2248,,0,16,418,24
2249,,0,16,418,24
2250,,0,16,418,24
2251,,0,16,418,24
2252,,0,16,418,24
2253,,0,16,418,24
2254,,0,16,418,24
2255,,0,16,418,24
2256,,0,16,418,24
2257,,0,16,418,24
2258,,0,16,418,24
2259,,0,16,418,24
2260,,0,16,418,24
2261,,0,16,418,24
2262,,0,16,418,24
2263,,0,16,418,24
2264,,0,16,418,24
2265,,0,17,418,23
2266,,0,17,418,23
2267,,0,0,418,40
2268,,0,0,418,40
2269,,0,0,418,40
2270,,37,0,381,40
2271,,37,0,352,45
2272,,37,0,381,49
2273,,38,0,380,53
2274,,38,0,349,55
2275,,177,0,208,57
2276,,179,9,204,50
2277,,179,17,102,45
2278,,181,20,100,44
2279,,181,23,101,44
2280,,284,25,134,43
2281,,284,25,134,44
2282,,284,27,98,42
2283,,284,26,134,43
2284,,285,26,133,43
2285,,284,26,134,43
2286,,284,26,134,43
2287,,284,26,134,43
2288,,284,26,134,43
2289,,283,27,100,42
2290,,180,27,101,42
2291,,181,26,100,43
2292,,179,21,102,44
2293,,179,19,102,44
2294,,179,15,204,46
2295,,179,0,204,58
2296,,37,0,381,57
2297,,37,0,381,55
2298,,37,0,381,51
2299,,0,0,418,47
2300,,0,0,389,43
2301,,169,0,249,38
2302,,0,0,418,40
2303,,0,0,418,40
2304,,0,17,418,23
2305,,0,17,418,23
2306,,0,17,418,23
2307,,0,4,418,65
2308,,0,17,418,23
2309,,0,17,418,23
2310,,0,17,418,23
2311,,0,17,418,23
2312,,0,17,418,24
2313,,0,17,418,24
2314,,0,17,418,24
2315,,0,17,418,24
2316,,0,17,418,23
2317,,0,14,418,55
2318,,0,12,418,57
2319,,0,17,418,23
2320,,0,17,418,23
2321,,0,17,418,23
2322,,0,17,418,23
2323,,0,17,418,23
2324,,0,17,418,23
2325,,0,17,418,23
2326,,0,17,418,23
2327,,0,17,418,23
2328,,0,16,418,25
2329,,0,16,418,25
2330,,0,16,418,25
2331,,0,16,418,25
2332,,0,16,418,25
2333,,0,16,418,25
2334,,0,17,418,24
2335,,0,16,418,25
2336,,0,16,418,25
2337,,0,17,418,24
2338,,0,16,418,25
2339,,0,17,418,24
2340,,0,17,418,23
2341,,0,17,418,23
2342,,0,17,418,23
2343,,0,17,418,23
2344,,0,17,418,24
2345,,0,16,418,25
2346,,0,17,418,23
2347,,0,17,418,23
2348,,0,17,418,23
2349,,0,17,418,24
2350,,0,17,418,23
2351,,0,17,418,23
2352,,0,16,418,25
2353,,0,16,418,25
2354,,0,16,418,25
2355,,0,16,418,24
2356,,0,16,418,24
2357,,0,16,418,24
2358,,0,16,418,24
2359,,0,16,418,24
2360,,0,16,418,24
2361,,0,16,418,24
2362,,0,16,418,24
2363,,0,17,418,23
2364,,0,15,418,25
2365,,0,17,418,23
2366,,0,17,418,23
2367,,0,0,418,40
2368,,0,0,418,40
2369,,0,0,418,40
2370,,0,0,418,40
2371,,0,0,418,41
2372,,0,0,418,45
2373,,37,0,381,53
2374,,38,0,349,55
2375,,175,0,210,57
2376,,179,7,205,52
2377,,180,17,101,45
2378,,181,21,101,43
2379,,181,23,101,43
2380,,181,25,100,43
2381,,181,27,101,42
2382,,284,27,99,42
2383,,181,30,101,39
2384,,285,26,133,43
2385,,285,26,133,43
2386,,285,26,133,43
2387,,284,26,134,43
2388,,181,29,100,40
2389,,283,27,100,42
2390,,283,26,100,43
2391,,180,25,101,44
2392,,179,23,102,44
2393,,179,21,102,44
2394,,179,19,102,44
2395,,179,9,204,51
2396,,179,0,205,58
2397,,37,0,381,54
2398,,37,0,381,51
2399,,37,0,381,47
2400,,37,0,381,43
2401,,169,0,219,37
2402,,0,0,418,40
2403,,0,0,418,40
2404,,0,0,418,40
2405,,0,18,418,22
2406,,0,17,418,23
2407,,0,17,418,23
2408,,0,17,418,24
2409,,0,17,418,24
2410,,0,17,418,24
2411,,0,17,418,23
2412,,0,16,418,25
2413,,0,16,418,25
2414,,0,16,418,25
2415,,0,16,418,25
2416,,0,16,418,25
2417,,0,17,418,23
2418,,0,17,418,23
2419,,0,16,418,25
2420,,0,16,418,25
2421,,0,17,418,23
2422,,0,17,418,24
2423,,0,17,418,24
2424,,0,17,418,24
2425,,0,16,418,25
2426,,0,17,418,24
2427,,0,17,418,24
2428,,0,17,418,24
2429,,0,17,418,24
2430,,0,17,418,24
2431,,0,17,418,24
2432,,0,17,418,24
2433,,0,17,418,24
2434,,0,17,418,23
2435,,0,17,418,23
2436,,0,17,418,23
2437,,0,17,418,23
2438,,0,17,418,23
2439,,0,17,418,23
2440,,0,17,418,24
2441,,0,16,418,25
2442,,0,17,418,23
2443,,0,17,418,23
2444,,0,17,418,24
2445,,0,17,418,24
2446,,0,16,418,25
2447,,0,17,418,24
2448,,0,17,418,23
2449,,0,17,418,23
2450,,0,17,418,23
2451,,0,17,418,23
2452,,0,17,418,23
2453,,0,17,418,23
2454,,0,17,418,23
2455,,0,17,418,23
2456,,0,17,418,23
2457,,0,17,418,23
2458,,0,17,418,23
2459,,0,16,418,24
2460,,0,16,418,24
2461,,0,16,418,24
2462,,0,16,418,24
2463,,0,17,418,23
2464,,0,16,418,24
2465,,0,16,418,24
2466,,0,17,418,23
2467,,0,0,418,40
2468,,0,0,418,40
2469,,0,0,418,40
2470,,0,0,418,40
2471,,0,0,418,41
2472,,0,0,418,45
2473,,37,0,381,49
2474,,37,0,352,53
2475,,75,0,312,56
2476,,179,0,206,57
2477,,180,17,101,45
2478,,180,21,101,44
2479,,181,23,100,44
2480,,181,25,100,43
2481,,284,25,134,43
2482,,284,27,100,42
2483,,284,26,134,43
2484,,285,26,133,43
2485,,285,26,133,43
2486,,285,26,133,43
2487,,285,26,133,43
2488,,285,26,133,43
2489,,284,25,134,44
2490,,283,26,100,43
2491,,180,25,101,44
2492,,180,23,101,44
2493,,180,21,101,44
2494,,179,19,102,44
2495,,179,10,204,50
2496,,177,0,207,58
2497,,37,0,350,57
2498,,37,0,381,54
2499,,37,0,381,51
2500,,37,0,381,47
2501,,169,0,249,37
2502,,0,0,418,40
2503,,0,0,418,40
2504,,0,0,418,40
2505,,0,17,418,23
2506,,0,17,418,23
2507,,0,17,418,23
2508,,0,0,418,69
2509,,0,17,418,23
2510,,0,17,418,23
2511,,0,16,418,24
2512,,0,16,418,24
2513,,0,17,418,23
2514,,0,17,418,23
2515,,0,16,418,24
2516,,0,17,418,24
2517,,0,17,418,24
2518,,0,17,418,24
2519,,0,17,418,24
2520,,0,17,418,24
2521,,0,17,418,23
2522,,0,17,418,23
2523,,0,17,418,23
2524,,0,17,418,23
2525,,0,17,418,23
2526,,0,17,418,24
2527,,0,17,418,24
2528,,0,17,418,24
2529,,0,17,418,24
2530,,0,17,418,23
2531,,0,17,418,23
2532,,0,17,418,23
2533,,0,17,418,23
2534,,0,17,418,23
2535,,0,17,418,23
2536,,0,17,418,23
2537,,0,17,418,23
2538,,0,17,418,23
2539,,0,16,418,24
2540,,0,16,418,25
2541,,0,16,418,25
2542,,0,16,418,25
2543,,0,16,418,25
2544,,0,17,418,24
2545,,0,17,418,23
2546,,0,17,418,23
2547,,0,17,418,23
2548,,0,17,418,24
2549,,0,16,418,25
2550,,0,16,418,25
2551,,0,16,418,25
2552,,0,16,418,25
2553,,0,16,418,24
2554,,0,16,418,24
2555,,0,16,418,24
2556,,0,16,418,24
2557,,0,0,418,69
2558,,0,16,418,25
2559,,0,16,418,24
2560,,0,16,418,25
2561,,0,15,418,54
2562,,0,15,418,26
2563,,0,17,418,24
2564,,0,17,418,24
2565,,0,17,418,23
2566,,0,17,418,23
2567,,0,17,418,23
2568,,0,0,418,40
2569,,0,0,418,40
2570,,0,0,418,40
2571,,169,0,249,38
2572,,0,0,418,43
2573,,0,0,418,47
2574,,37,0,381,51
2575,,38,0,349,57
2576,,179,0,206,59
2577,,180,16,101,45
2578,,181,19,100,44
2579,,180,22,101,43
2580,,181,24,100,43
2581,,283,25,135,42
2582,,284,27,101,42
2583,,284,25,134,44
2584,,284,26,134,43
2585,,285,26,133,43
2586,,285,26,133,43
2587,,285,26,133,43
2588,,284,26,134,43
2589,,283,25,135,44
2590,,283,25,135,44
2591,,283,25,135,42
2592,,77,27,101,42
2593,,77,25,101,42
2594,,180,19,101,44
2595,,179,17,102,44
2596,,178,0,206,59
2597,,75,0,310,58
2598,,37,0,349,55
2599,,37,0,381,49
2600,,0,0,418,45
2601,,0,0,418,41
2602,,0,0,418,40
2603,,0,0,418,40
2604,,0,0,418,40
2605,,0,0,418,40
2606,,0,17,418,23
2607,,0,17,418,23
2608,,0,17,418,24
2609,,0,17,418,24
2610,,0,17,418,24
2611,,0,16,418,25
2612,,0,16,418,25
2613,,0,17,418,24
2614,,0,17,418,24
2615,,0,16,418,24
2616,,0,16,418,25
2617,,0,16,418,24
2618,,0,16,418,25
2619,,0,16,418,25
2620,,0,17,418,24
2621,,0,16,418,25
2622,,0,16,418,25
2623,,0,16,418,25
2624,,0,16,418,25
2625,,0,16,418,25
2626,,0,16,418,25
2627,,0,17,418,24
2628,,0,17,418,24
2629,,0,17,418,24
2630,,0,17,418,24
2631,,0,17,418,24
2632,,0,16,418,25
2633,,0,16,418,25
2634,,0,17,418,24
2635,,0,16,418,25
2636,,0,17,418,24
2637,,0,17,418,23
2638,,0,17,418,23
2639,,0,17,418,24
2640,,0,17,418,24
2641,,0,17,418,24
2642,,0,17,418,23
2643,,0,16,418,24
2644,,0,16,418,24
2645,,0,16,418,24
2646,,0,16,418,24
2647,,0,16,418,24
2648,,0,16,418,24
2649,,0,16,418,24
2650,,0,17,418,23
2651,,0,17,418,23
2652,,0,17,418,23
2653,,0,17,418,23
2654,,0,16,418,24
2655,,0,16,418,24
2656,,0,16,418,24
2657,,0,16,418,24
2658,,0,16,418,24
2659,,0,16,418,24
2660,,0,16,418,24
2661,,0,16,418,24
2662,,0,16,418,24
2663,,0,16,418,24
2664,,0,16,418,24
2665,,0,12,418,57
2666,,0,17,418,23
2667,,0,17,418,23
2668,,0,0,418,40
2669,,0,0,418,40
2670,,0,0,418,40
2671,,169,0,249,38
2672,,0,0,418,43
2673,,37,0,381,47
2674,,37,0,381,51
2675,,38,0,349,55
2676,,38,0,349,57
2677,,177,0,208,59
2678,,180,15,101,46
2679,,181,22,100,43
2680,,181,24,100,43
2681,,284,25,134,42
2682,,284,25,134,44
2683,,284,27,99,42
2684,,284,26,134,43
2685,,284,26,134,43
2686,,284,26,134,43
2687,,285,26,133,43
2688,,284,26,134,43
2689,,284,26,134,43
2690,,284,26,134,43
2691,,283,25,135,43
2692,,77,27,102,42
2693,,283,21,99,43
2694,,283,19,99,43
2695,,179,17,102,44
2696,,175,0,209,59
2697,,74,0,310,57
2698,,37,0,349,55
2699,,37,0,381,53
2700,,37,0,381,49
2701,,0,0,418,45
2702,,37,0,381,41
2703,,0,0,418,40
2704,,0,0,418,40
2705,,0,0,418,40
2706,,0,17,418,23
2707,,0,17,418,23
2708,,0,17,418,24
2709,,0,17,418,23
2710,,0,17,418,23
2711,,0,17,418,24
2712,,0,17,418,24
2713,,0,17,418,24
2714,,0,17,418,24
2715,,0,15,418,26
2716,,0,14,418,55
2717,,0,17,418,23
2718,,0,17,418,23
2719,,0,17,418,23
2720,,0,17,418,23
2721,,0,17,418,23
2722,,0,17,418,23
2723,,0,17,418,23
2724,,0,17,418,23
2725,,0,17,418,23
2726,,0,16,418,25
2727,,0,16,418,25
2728,,0,16,418,25
2729,,0,16,418,25
2730,,0,16,418,25
2731,,0,17,418,23
2732,,0,17,418,23
2733,,0,17,418,24
2734,,0,17,418,24
2735,,0,17,418,24
2736,,0,17,418,24
2737,,0,17,418,24
2738,,0,16,418,24
2739,,0,16,418,24
2740,,0,17,418,23
2741,,0,16,418,24
2742,,0,16,418,24
2743,,0,16,418,24
2744,,0,16,418,24
2745,,0,16,418,24
2746,,0,17,418,23
2747,,0,16,418,24
2748,,0,16,418,24
2749,,0,16,418,24
2750,,0,16,418,24
2751,,0,16,418,24
2752,,0,16,418,24
2753,,0,16,418,24
2754,,0,16,418,24
2755,,0,17,418,23
2756,,0,17,418,23
2757,,0,16,418,24
2758,,0,17,418,23
2759,,0,17,418,23
2760,,0,17,418,23
2761,,0,17,418,23
2762,,0,17,418,23
2763,,0,17,418,23
2764,,0,17,418,23
2765,,0,16,418,53
2766,,0,17,418,23
2767,,0,17,418,23
2768,,0,17,418,23
2769,,0,0,418,40
2770,,0,0,418,40
2771,,168,0,250,37
2772,,0,0,389,43
2773,,0,0,418,47
2774,,37,0,381,51
2775,,38,0,380,55
2776,,38,0,380,57
2777,,179,0,205,59
2778,,180,17,101,44
2779,,180,19,101,44
2780,,181,22,100,43
2781,,181,24,100,43
2782,,284,25,134,44
2783,,283,27,101,42
2784,,285,26,133,43
2785,,285,26,133,43
2786,,285,26,133,43
2787,,284,26,134,43
2788,,285,26,133,43
2789,,285,26,133,43
2790,,284,26,134,43
2791,,181,27,100,42
2792,,180,25,101,44
2793,,283,23,99,43
2794,,180,22,101,43
2795,,179,17,102,44
2796,,175,0,209,59
2797,,37,0,350,58
2798,,37,0,350,55
2799,,37,0,381,52
2800,,37,0,350,49
2801,,0,0,418,45
2802,,37,0,381,41
2803,,0,0,418,40
2804,,0,0,418,40
2805,,0,0,418,40
2806,,0,17,418,23
2807,,0,17,418,23
2808,,0,16,418,25
2809,,0,17,418,24
2810,,0,16,418,25
2811,,0,16,418,25
2812,,0,17,418,23
2813,,0,17,418,24
2814,,0,17,418,24
2815,,0,17,418,24
2816,,0,16,418,25
2817,,0,17,418,23
2818,,0,17,418,23
2819,,0,17,418,23
2820,,0,17,418,23
2821,,0,17,418,23
2822,,0,16,418,25
2823,,0,16,418,25
2824,,0,16,418,25
2825,,0,16,418,25
2826,,0,16,418,24
2827,,0,17,418,24
2828,,0,17,418,24
2829,,0,17,418,24
2830,,0,17,418,24
2831,,0,17,418,24
2832,,0,17,418,24
2833,,0,17,418,24
2834,,0,17,418,23
2835,,0,17,418,23
2836,,0,17,418,24
2837,,0,17,418,24
2838,,0,16,418,24
2839,,0,16,418,24
2840,,0,16,418,24
2841,,0,16,418,24
2842,,0,17,418,23
2843,,0,16,418,24
2844,,0,16,418,24
2845,,0,16,418,24
2846,,0,17,418,24
2847,,0,16,418,25
2848,,0,17,418,24
2849,,0,17,418,23
2850,,0,17,418,23
2851,,0,17,418,23
2852,,0,17,418,23
2853,,0,17,418,23
2854,,0,17,418,23
2855,,0,17,418,23
2856,,0,17,418,23
2857,,0,17,418,23
2858,,0,17,418,23
2859,,0,16,418,24
2860,,0,17,418,23
2861,,0,17,418,23
2862,,0,17,418,23
2863,,0,17,418,23
2864,,0,17,418,23
2865,,0,16,418,25
2866,,0,17,418,23
2867,,0,17,418,23
2868,,0,0,418,40
2869,,0,0,418,40
2870,,0,0,418,40
2871,,0,0,418,40
2872,,167,0,251,38
2873,,0,0,418,43
2874,,37,0,381,47
2875,,38,0,380,55
2876,,177,0,207,56
2877,,179,0,206,59
2878,,179,15,103,46
2879,,180,19,101,44
2880,,77,25,102,42
2881,,77,27,102,42
2882,,181,25,100,44
2883,,181,27,100,42
2884,,284,26,134,43
2885,,284,26,134,43
2886,,285,26,133,43
2887,,285,26,133,43
2888,,285,26,133,43
2889,,285,26,133,43
2890,,284,25,134,44
2891,,181,27,100,42
2892,,181,25,100,44
2893,,180,24,101,43
2894,,76,25,102,42
2895,,76,23,102,42
2896,,179,16,102,45
2897,,178,0,205,59
2898,,37,0,349,58
2899,,37,0,381,52
2900,,37,0,381,49
2901,,0,0,388,45
2902,,37,0,352,41
2903,,0,0,418,40
2904,,0,0,418,40
2905,,0,0,418,40
2906,,0,0,418,40
2907,,0,17,418,23
2908,,0,17,418,23
2909,,0,16,418,25
2910,,0,17,418,23
2911,,0,17,418,24
2912,,0,16,418,24
2913,,0,16,418,25
2914,,0,16,418,24
2915,,0,16,418,25
2916,,0,16,418,25
2917,,0,16,418,25
2918,,0,16,418,24
2919,,0,16,418,24
2920,,0,16,418,24
2921,,0,16,418,24
2922,,0,16,418,24
2923,,0,16,418,24
2924,,0,17,418,23
2925,,0,17,418,23
2926,,0,17,418,23
2927,,0,17,418,23
2928,,0,17,418,23
2929,,0,16,418,24
2930,,0,17,418,24
2931,,0,17,418,23
2932,,0,17,418,23
2933,,0,17,418,24
2934,,0,17,418,24
2935,,0,17,418,24
2936,,0,17,418,24
2937,,0,17,418,23
2938,,0,17,418,23
2939,,0,17,418,24
2940,,0,17,418,24
2941,,0,17,418,24
2942,,0,17,418,24
2943,,0,17,418,24
2944,,0,17,418,24
2945,,0,17,418,24
2946,,0,17,418,24
2947,,0,17,418,23
2948,,0,17,418,23
2949,,0,17,418,24
2950,,0,17,418,24
2951,,0,16,418,25
2952,,0,16,418,24
2953,,0,16,418,24
2954,,0,17,418,23
2955,,0,17,418,23
2956,,0,17,418,23
2957,,0,16,418,24
2958,,0,16,418,24
2959,,0,17,418,23
2960,,0,17,418,23
2961,,0,17,418,23
2962,,0,17,418,23
2963,,0,17,418,23
2964,,0,17,418,23
2965,,0,17,418,23
2966,,0,16,418,25
2967,,0,17,418,23
2968,,0,0,418,40
2969,,0,0,418,40
2970,,0,0,418,40
2971,,0,0,418,40
2972,,166,0,252,38
2973,,37,0,352,43
2974,,0,0,418,47
2975,,37,0,381,51
2976,,38,0,349,55
2977,,75,0,310,57
2978,,180,17,101,44
2979,,181,20,100,43
2980,,283,21,100,43
2981,,283,23,100,43
2982,,181,26,100,43
2983,,283,25,135,44
2984,,284,27,99,42
2985,,284,26,134,43
2986,,285,26,133,43
2987,,285,26,133,43
2988,,285,26,133,43
2989,,285,26,133,43
2990,,284,26,134,43
2991,,283,26,135,43
2992,,181,25,100,44
2993,,180,24,101,43
2994,,283,21,100,43
2995,,179,20,102,43
2996,,179,16,102,45
2997,,178,0,206,59
2998,,74,0,311,57
2999,,37,0,350,55
3000,,37,0,381,52
3001,,37,0,352,49
3002,,37,0,381,45
3003,,0,0,418,40
3004,,0,0,418,40
3005,,0,0,418,40
3006,,0,0,418,40
3007,,0,17,418,23
3008,,0,17,418,23
3009,,0,17,418,23
3010,,0,17,418,23
3011,,0,17,418,23
3012,,0,17,418,23
3013,,0,17,418,23
3014,,0,16,418,25
3015,,0,16,418,25
3016,,0,16,418,25
3017,,0,16,418,25
3018,,0,17,418,24
3019,,0,17,418,24
3020,,0,17,418,24
3021,,0,17,418,24
3022,,0,17,418,24
3023,,0,17,418,24
3024,,0,17,418,24
3025,,0,17,418,24
3026,,0,17,418,23
3027,,0,17,418,23
3028,,0,17,418,24
3029,,0,17,418,24
3030,,0,17,418,24
3031,,0,17,418,24
3032,,0,17,418,23
3033,,0,17,418,23
3034,,0,17,418,23
3035,,0,17,418,24
3036,,0,17,418,24
3037,,0,17,418,24
3038,,0,16,418,25
3039,,0,16,418,25
3040,,0,16,418,24
3041,,0,16,418,24
3042,,0,16,418,25
3043,,0,16,418,25
3044,,0,16,418,25
3045,,0,16,418,25
3046,,0,16,418,25
3047,,0,16,418,24
3048,,0,16,418,24
3049,,0,16,418,24
3050,,0,16,418,25
3051,,0,16,418,25
3052,,0,16,418,25
3053,,0,16,418,25
3054,,0,16,418,25
3055,,0,17,418,24
3056,,0,17,418,24
3057,,0,17,418,24
3058,,0,17,418,24
3059,,0,17,418,24
3060,,0,17,418,24
3061,,0,15,418,26
3062,,0,16,418,24
3063,,0,16,418,24
3064,,0,16,418,24
3065,,0,16,418,24
3066,,0,16,418,24
3067,,0,17,418,23
3068,,0,17,418,23
3069,,0,0,418,40
3070,,0,0,418,40
3071,,0,0,418,40
3072,,166,0,252,39
3073,,0,0,418,43
3074,,0,0,418,47
3075,,36,0,382,51
3076,,38,0,349,55
3077,,179,0,206,57
3078,,179,0,206,59
3079,,179,11,102,50
3080,,181,20,100,43
3081,,181,22,100,44
3082,,181,24,100,43
3083,,181,27,100,42
3084,,284,25,134,44
3085,,285,26,133,43
3086,,285,26,133,43
3087,,285,26,133,43
3088,,285,26,133,43
3089,,285,26,133,43
3090,,284,26,134,43
3091,,283,25,135,44
3092,,283,25,135,44
3093,,181,26,100,43
3094,,77,27,101,42
3095,,180,20,101,43
3096,,179,16,102,45
3097,,178,0,205,59
3098,,37,0,348,57
3099,,37,0,381,55
3100,,37,0,381,51
3101,,37,0,352,48
3102,,37,0,381,44
3103,,0,0,418,40
3104,,0,0,418,40
3105,,0,0,418,40
3106,,0,0,418,40
3107,,0,17,418,23
3108,,0,17,418,23
3109,,0,17,418,23
3110,,0,17,418,24
3111,,0,16,418,25
3112,,0,17,418,24
3113,,0,16,418,25
3114,,0,17,418,24
3115,,0,17,418,24
3116,,0,17,418,24
3117,,0,17,418,24
3118,,0,17,418,24
3119,,0,17,418,24
3120,,0,17,418,24
3121,,0,17,418,24
3122,,0,17,418,23
3123,,0,17,418,23
3124,,0,17,418,23
3125,,0,17,418,23
3126,,0,17,418,23
3127,,0,17,418,23
3128,,0,17,418,23
3129,,0,17,418,23
3130,,0,17,418,24
3131,,0,17,418,24
3132,,0,17,418,24
3133,,0,17,418,24
3134,,0,17,418,24
3135,,0,17,418,24
3136,,0,17,418,24
3137,,0,16,418,25
3138,,0,17,418,24
3139,,0,17,418,24
3140,,0,16,418,25
3141,,0,17,418,24
3142,,0,17,418,24
3143,,0,17,418,24
3144,,0,17,418,23
3145,,0,17,418,24
3146,,0,16,418,25
3147,,0,16,418,25
3148,,0,16,418,25
3149,,0,16,418,25
3150,,0,16,418,25
3151,,0,16,418,25
3152,,0,16,418,25
3153,,0,16,418,25
3154,,0,17,418,24
3155,,0,17,418,24
3156,,0,17,418,24
3157,,0,16,418,25
3158,,0,17,418,23
3159,,0,17,418,23
3160,,0,17,418,23
3161,,0,17,418,23
3162,,0,17,418,23
3163,,0,17,418,23
3164,,0,17,418,23
3165,,0,17,418,23
3166,,0,16,418,24
3167,,0,17,418,23
3168,,0,17,418,23
3169,,0,0,418,40
3170,,0,0,418,40
3171,,0,0,418,40
3172,,0,0,418,40
3173,,164,0,254,39
3174,,37,0,381,48
3175,,37,0,381,51
3176,,38,0,348,55
3177,,75,0,310,58
3178,,179,0,206,59
3179,,179,15,102,46
3180,,181,19,100,45
3181,,181,23,100,43
3182,,77,27,102,42
3183,,181,25,100,44
3184,,181,27,100,42
3185,,284,26,134,43
3186,,284,26,134,43
3187,,285,26,133,43
3188,,285,26,133,43
3189,,285,26,133,43
3190,,284,26,134,43
3191,,284,26,134,43
3192,,283,27,100,42
3193,,181,25,100,44
3194,,180,23,101,44
3195,,180,21,101,44
3196,,180,19,101,44
3197,,179,17,102,44
3198,,179,7,205,52
3199,,37,0,381,55
3200,,37,0,381,51
3201,,37,0,352,48
3202,,0,0,418,44
3203,,0,0,418,40
3204,,0,0,418,40
3205,,0,0,418,40
3206,,0,0,418,40
3207,,0,0,418,40
3208,,0,17,418,23
3209,,0,17,418,23
3210,,0,16,418,25
3211,,0,17,418,23
3212,,0,17,418,24
3213,,0,17,418,24
3214,,0,17,418,24
3215,,0,17,418,23
3216,,0,17,418,24
3217,,0,17,418,24
3218,,0,17,418,24
3219,,0,17,418,24
3220,,0,17,418,24
3221,,0,17,418,24
3222,,0,17,418,24
3223,,0,17,418,24
3224,,0,17,418,24
3225,,0,17,418,24
3226,,0,17,418,24
3227,,0,17,418,24
3228,,0,17,418,24
3229,,0,17,418,24
3230,,0,17,418,24
3231,,0,17,418,24
3232,,0,17,418,24
3233,,0,17,418,24
3234,,0,17,418,24
3235,,0,17,418,24
3236,,0,17,418,24
3237,,0,17,418,24
3238,,0,17,418,24
3239,,0,17,418,24
3240,,0,17,418,24
3241,,0,17,418,24
3242,,0,15,418,26
3243,,0,15,418,26
3244,,0,16,418,25
3245,,0,16,418,25
3246,,0,16,418,25
3247,,0,16,418,25
3248,,0,16,418,24
3249,,0,16,418,24
3250,,0,16,418,24
3251,,0,16,418,25
3252,,0,16,418,25
3253,,0,16,418,24
3254,,0,17,418,23
3255,,0,16,418,24
3256,,0,16,418,25
3257,,0,17,418,24
3258,,0,16,418,25
3259,,0,16,418,25
3260,,0,17,418,24
3261,,0,16,418,25
3262,,0,16,418,25
3263,,0,16,418,25
3264,,0,17,418,24
3265,,0,17,418,24
3266,,0,17,418,23
3267,,0,17,418,24
3268,,0,17,418,23
3269,,0,0,418,40
3270,,0,0,418,40
3271,,0,0,418,40
3272,,0,0,418,40
3273,,37,0,381,40
3274,,0,0,418,44
3275,,37,0,381,48
3276,,36,0,382,52
3277,,38,0,349,55
3278,,75,0,310,58
3279,,180,17,101,44
3280,,180,20,101,43
3281,,180,22,101,44
3282,,181,24,101,44
3283,,181,26,101,43
3284,,284,27,100,42
3285,,284,26,134,43
3286,,284,26,134,43
3287,,285,26,133,43
3288,,285,26,133,43
3289,,285,26,133,43
3290,,285,26,133,43
3291,,284,26,134,43
3292,,283,27,100,42
3293,,283,25,135,42
3294,,180,23,101,44
3295,,180,21,101,44
3296,,180,19,101,44
3297,,179,16,102,45
3298,,177,0,207,59
3299,,37,0,381,57
3300,,37,0,350,55
3301,,37,0,381,51
3302,,37,0,381,47
3303,,164,0,254,39
3304,,0,0,418,40
3305,,0,0,418,40
3306,,0,0,418,40
3307,,0,0,418,40
3308,,0,17,418,23
3309,,0,17,418,23
3310,,0,16,418,24
3311,,0,17,418,23
3312,,0,17,418,23
3313,,0,16,418,25
3314,,0,17,418,24
3315,,0,16,418,25
3316,,0,17,418,24
3317,,0,16,418,25
3318,,0,17,418,24
3319,,0,16,418,25
3320,,0,16,418,25
3321,,0,16,418,25
3322,,0,16,418,25
3323,,0,16,418,25
3324,,0,16,418,25
3325,,0,17,418,24
3326,,0,17,418,24
3327,,0,17,418,24
3328,,0,17,418,24
3329,,0,17,418,24
3330,,0,17,418,24
3331,,0,17,418,24
3332,,0,17,418,24
3333,,0,17,418,24
3334,,0,17,418,24
3335,,0,17,418,24
3336,,0,17,418,24
3337,,0,17,418,24
3338,,0,16,418,25
3339,,0,16,418,25
3340,,0,16,418,24
3341,,0,16,418,24
3342,,0,16,418,24
3343,,0,16,418,24
3344,,0,16,418,24
3345,,0,16,418,24
3346,,0,16,418,25
3347,,0,17,418,23
3348,,0,17,418,23
3349,,0,17,418,23
3350,,0,16,418,25
3351,,0,16,418,25
3352,,0,16,418,25
3353,,0,16,418,25
3354,,0,16,418,25
3355,,0,16,418,25
3356,,0,16,418,25
3357,,0,16,418,25
3358,,0,16,418,24
3359,,0,16,418,25
3360,,0,17,418,24
3361,,0,16,418,25
3362,,0,16,418,24
3363,,0,16,418,24
3364,,0,16,418,24
3365,,0,17,418,23
3366,,0,17,418,23
3367,,0,16,418,25
3368,,0,17,418,23
3369,,0,17,418,23
3370,,0,0,418,40
3371,,0,0,418,40
3372,,0,0,418,40
3373,,37,0,381,40
3374,,0,0,418,45
3375,,0,0,418,49
3376,,37,0,352,52
3377,,39,0,348,55
3378,,73,0,312,58
3379,,179,0,204,59
3380,,179,17,102,44
3381,,180,20,101,44
3382,,181,23,100,44
3383,,181,26,101,43
3384,,181,27,100,42
3385,,284,26,134,43
3386,,285,26,133,43
3387,,285,26,133,43
3388,,285,26,133,43
3389,,285,26,133,43
3390,,285,26,133,43
3391,,285,26,133,43
3392,,284,25,134,44
3393,,284,25,134,44
3394,,181,25,100,44
3395,,179,21,102,44
3396,,179,19,102,44
3397,,179,17,102,44
3398,,179,0,204,58
3399,,37,0,348,57
3400,,37,0,381,55
3401,,37,0,381,51
3402,,0,0,418,48
3403,,0,0,418,44
3404,,166,0,252,38
3405,,0,0,418,40
3406,,0,0,418,40
3407,,0,0,418,40
3408,,0,17,418,23
3409,,0,17,418,24
3410,,0,11,418,58
3411,,0,17,418,23
3412,,0,17,418,23
3413,,0,17,418,23
3414,,0,17,418,23
3415,,0,16,418,25
3416,,0,16,418,25
3417,,0,17,418,24
3418,,0,17,418,24
3419,,0,17,418,24
3420,,0,17,418,24
3421,,0,17,418,24
3422,,0,17,418,23
3423,,0,17,418,23
3424,,0,17,418,23
3425,,0,17,418,23
3426,,0,17,418,23
3427,,0,17,418,23
3428,,0,17,418,23
3429,,0,17,418,23
3430,,0,17,418,23
3431,,0,17,418,23
3432,,0,17,418,24
3433,,0,17,418,24
3434,,0,17,418,23
3435,,0,17,418,23
3436,,0,17,418,23
3437,,0,17,418,23
3438,,0,17,418,23
3439,,0,17,418,23
3440,,0,17,418,23
3441,,0,17,418,23
3442,,0,17,418,23
3443,,0,17,418,23
3444,,0,17,418,23
3445,,0,17,418,23
3446,,0,17,418,24
3447,,0,17,418,24
3448,,0,17,418,24
3449,,0,16,418,25
3450,,0,17,418,24
3451,,0,17,418,24
3452,,0,17,418,24
3453,,0,17,418,24
3454,,0,17,418,24
3455,,0,17,418,24
3456,,0,17,418,24
3457,,0,17,418,24
3458,,0,17,418,23
3459,,0,17,418,23
3460,,0,17,418,23
3461,,0,17,418,23
3462,,0,17,418,23
3463,,0,17,418,23
3464,,0,17,418,23
3465,,0,17,418,23
3466,,0,17,418,23
3467,,0,17,418,24
3468,,0,17,418,23
3469,,0,17,418,23
3470,,0,0,418,40
3471,,0,0,418,40
3472,,0,0,418,40
3473,,0,0,418,40
3474,,37,0,381,41
3475,,37,0,381,45
3476,,37,0,381,53
3477,,38,0,349,55
3478,,75,0,309,58
3479,,178,0,207,59
3480,,180,17,101,44
3481,,181,21,100,43
3482,,181,23,100,44
3483,,181,25,100,43
3484,,181,27,100,42
3485,,284,25,134,44
3486,,284,28,99,41
3487,,284,26,134,43
3488,,285,26,133,43
3489,,285,26,133,43
3490,,285,26,133,43
3491,,285,26,133,43
3492,,285,25,133,44
3493,,284,26,99,43
3494,,180,25,101,44
3495,,181,23,100,44
3496,,180,21,101,44
3497,,180,19,101,44
3498,,179,11,102,50
3499,,37,0,381,57
3500,,37,0,381,55
3501,,37,0,381,51
3502,,0,0,387,47
3503,,0,0,418,43
3504,,167,0,221,38
3505,,0,0,418,40
3506,,0,0,418,40
3507,,0,0,418,40
3508,,0,0,418,40
3509,,0,17,418,23
3510,,0,17,418,23
3511,,0,17,418,24
3512,,0,17,418,24
3513,,0,17,418,24
3514,,0,17,418,24
3515,,0,15,418,26
3516,,0,17,418,24
3517,,0,17,418,24
3518,,0,16,418,25
3519,,0,17,418,24
3520,,0,17,418,24
3521,,0,17,418,24
3522,,0,17,418,24
3523,,0,17,418,23
3524,,0,17,418,24
3525,,0,17,418,24
3526,,0,17,418,24
3527,,0,17,418,24
3528,,0,17,418,24
3529,,0,17,418,24
3530,,0,17,418,23
3531,,0,16,418,24
3532,,0,16,418,24
3533,,0,16,418,24
3534,,0,16,418,24
3535,,0,16,418,24
3536,,0,17,418,23
3537,,0,17,418,23
3538,,0,17,418,23
3539,,0,17,418,23
3540,,0,17,418,23
3541,,0,17,418,23
3542,,0,17,418,24
3543,,0,17,418,24
3544,,0,17,418,24
3545,,0,17,418,24
3546,,0,17,418,24
3547,,0,17,418,24
3548,,0,17,418,23
3549,,0,17,418,23
3550,,0,17,418,23
3551,,0,17,418,24
3552,,0,17,418,24
3553,,0,17,418,23
3554,,0,16,418,24
3555,,0,17,418,23
3556,,0,17,418,23
3557,,0,17,418,23
3558,,0,17,418,23
3559,,0,17,418,23
3560,,0,17,418,23
3561,,0,17,418,23
3562,,0,17,418,23
3563,,0,17,418,23
3564,,0,17,418,23
3565,,0,17,418,23
3566,,0,17,418,23
3567,,0,17,418,23
3568,,0,17,418,23
3569,,0,17,418,23
3570,,0,0,418,40
3571,,0,0,418,40
3572,,0,0,418,40
3573,,0,0,418,40
3574,,0,0,418,41
3575,,0,0,418,45
3576,,37,0,381,49
3577,,37,0,381,53
3578,,38,0,349,55
3579,,179,0,206,57
3580,,180,18,101,43
3581,,181,20,100,44
3582,,181,23,100,43
3583,,181,25,100,43
3584,,284,25,134,42
3585,,284,27,99,42
3586,,284,25,134,44
3587,,285,26,133,43
3588,,285,26,133,43
3589,,285,26,133,43
3590,,285,30,98,39
3591,,285,29,98,40
3592,,283,27,100,42
3593,,283,26,100,43
3594,,282,25,136,42
3595,,282,23,136,42
3596,,179,21,102,44
3597,,179,19,102,44
3598,,179,15,102,46
3599,,176,0,207,58
3600,,37,0,348,57
3601,,37,0,381,55
3602,,37,0,381,51
3603,,37,0,351,43
3604,,168,0,250,38
3605,,0,0,418,40
3606,,0,0,418,40
3607,,0,0,418,40
3608,,0,0,418,40
3609,,0,17,418,23
3610,,0,17,418,23
3611,,0,0,418,69
3612,,0,17,418,23
3613,,0,17,418,23
3614,,0,17,418,24
3615,,0,17,418,24
3616,,0,17,418,24
3617,,0,17,418,24
3618,,0,17,418,24
3619,,0,17,418,24
3620,,0,17,418,24
3621,,0,17,418,24
3622,,0,17,418,24
3623,,0,17,418,24
3624,,0,17,418,24
3625,,0,17,418,23
3626,,0,17,418,24
3627,,0,17,418,24
3628,,0,17,418,24
3629,,0,17,418,24
3630,,0,17,418,24
3631,,0,17,418,24
3632,,0,17,418,24
3633,,0,17,418,24
3634,,0,17,418,24
3635,,0,17,418,24
3636,,0,17,418,24
3637,,0,17,418,24
3638,,0,17,418,24
3639,,0,17,418,24
3640,,0,17,418,24
3641,,0,17,418,24
3642,,0,17,418,24
3643,,0,17,418,24
3644,,0,17,418,24
3645,,0,17,418,24
3646,,0,17,418,24
3647,,0,17,418,24
3648,,0,17,418,24
3649,,0,17,418,23
3650,,0,17,418,23
3651,,0,17,418,23
3652,,0,17,418,23
3653,,0,16,418,24
3654,,0,17,418,23
3655,,0,17,418,24
3656,,0,17,418,23
3657,,0,17,418,23
3658,,0,17,418,23
3659,,0,17,418,23
3660,,0,17,418,24
3661,,0,17,418,24
3662,,0,17,418,23
3663,,0,17,418,23
3664,,0,17,418,23
3665,,0,17,418,23
3666,,0,17,418,23
3667,,0,17,418,23
3668,,0,17,418,23
3669,,0,17,418,23
3670,,0,17,418,23
3671,,0,0,418,40
3672,,0,0,418,40
3673,,0,0,418,40
3674,,0,0,418,41
3675,,37,0,381,45
3676,,37,0,381,49
3677,,37,0,381,53
3678,,75,0,312,56
3679,,179,0,206,57
3680,,179,0,205,59
3681,,179,17,102,45
3682,,181,21,100,44
3683,,181,23,100,44
3684,,283,25,135,43
3685,,284,25,134,44
3686,,284,26,134,43
3687,,284,26,134,43
3688,,285,26,133,43
3689,,284,26,134,43
3690,,284,26,134,43
3691,,284,26,134,43
3692,,181,29,100,40
3693,,283,27,100,42
3694,,283,25,135,44
3695,,179,23,102,44
3696,,179,23,102,44
3697,,179,19,102,44
3698,,179,10,204,51
3699,,177,0,207,58
3700,,37,0,348,57
3701,,37,0,381,54
3702,,37,0,381,51
3703,,37,0,381,47
3704,,37,0,381,43
3705,,169,0,249,37
3706,,0,0,418,40
3707,,0,0,418,40
3708,,0,17,418,23
3709,,0,17,418,23
3710,,0,17,418,23
3711,,0,16,418,25
3712,,0,17,418,23
3713,,0,17,418,24
3714,,0,17,418,24
3715,,0,17,418,24
3716,,0,17,418,24
3717,,0,17,418,24
3718,,0,17,418,24
3719,,0,17,418,24
3720,,0,17,418,24
3721,,0,17,418,24
3722,,0,16,418,25
3723,,0,16,418,25
3724,,0,17,418,23
3725,,0,17,418,23
3726,,0,17,418,24
3727,,0,17,418,24
3728,,0,17,418,24
3729,,0,17,418,24
3730,,0,17,418,24
3731,,0,17,418,24
3732,,0,17,418,24
3733,,0,17,418,24
3734,,0,16,418,25
3735,,0,16,418,25
3736,,0,16,418,25
3737,,0,16,418,25
3738,,0,16,418,25
3739,,0,16,418,25
3740,,0,16,418,25
3741,,0,16,418,25
3742,,0,16,418,25
3743,,0,16,418,25
3744,,0,16,418,25
3745,,0,17,418,23
3746,,0,17,418,23
3747,,0,17,418,23
3748,,0,17,418,23
3749,,0,17,418,23
3750,,0,17,418,23
3751,,0,17,418,23
3752,,0,17,418,23
3753,,0,17,418,23
3754,,0,16,418,24
3755,,0,16,418,24
3756,,0,16,418,24
3757,,0,16,418,24
3758,,0,16,418,24
3759,,0,16,418,24
3760,,0,16,418,24
3761,,0,16,418,24
3762,,0,16,418,25
3763,,0,16,418,24
3764,,0,17,418,24
3765,,0,17,418,24
3766,,0,17,418,24
3767,,0,17,418,23
3768,,0,17,418,23
3769,,0,17,418,23
3770,,0,17,418,23
3771,,0,0,418,40
3772,,0,0,418,40
3773,,0,0,418,40
3774,,0,0,418,40
3775,,37,0,381,41
3776,,37,0,352,45
3777,,38,0,380,53
3778,,38,0,349,56
3779,,179,0,205,57
3780,,179,0,204,60
3781,,283,17,100,44
3782,,181,21,101,44
3783,,181,23,101,44
3784,,181,25,101,43
3785,,284,25,99,43
3786,,284,25,134,44
3787,,284,25,134,44
3788,,285,26,133,43
3789,,285,26,133,43
3790,,285,26,133,43
3791,,284,26,134,43
3792,,181,29,100,40
3793,,283,27,100,42
3794,,283,25,135,43
3795,,180,25,101,44
3796,,180,23,101,44
3797,,180,21,101,44
3798,,180,19,101,43
3799,,179,15,102,44
3800,,178,0,207,57
3801,,72,0,315,57
3802,,37,0,381,51
3803,,0,0,418,47
3804,,0,0,418,43
3805,,171,0,247,37
3806,,0,0,418,40
3807,,0,0,418,40
3808,,0,0,418,40
3809,,0,17,418,23
3810,,0,17,418,23
3811,,0,17,418,23
3812,,0,16,418,24
3813,,0,16,418,24
3814,,0,16,418,24
3815,,0,16,418,24
3816,,0,17,418,24
3817,,0,17,418,24
3818,,0,16,418,25
3819,,0,16,418,25
3820,,0,16,418,25
3821,,0,17,418,24
3822,,0,17,418,24
3823,,0,17,418,24
3824,,0,17,418,24
3825,,0,17,418,24
3826,,0,17,418,24
3827,,0,17,418,24
3828,,0,17,418,24
3829,,0,17,418,24
3830,,0,16,418,24
3831,,0,16,418,24
3832,,0,17,418,23
3833,,0,17,418,23
3834,,0,17,418,23
3835,,0,17,418,23
3836,,0,16,418,25
3837,,0,16,418,25
3838,,0,17,418,24
3839,,0,16,418,24
3840,,0,17,418,23
3841,,0,17,418,23
3842,,0,17,418,23
3843,,0,17,418,23
3844,,0,17,418,23
3845,,0,17,418,23
3846,,0,17,418,23
3847,,0,17,418,24
3848,,0,17,418,24
3849,,0,17,418,24
3850,,0,17,418,24
3851,,0,16,418,25
3852,,0,16,418,25
3853,,0,17,418,24
3854,,0,16,418,25
3855,,0,16,418,25
3856,,0,16,418,24
3857,,0,17,418,23
3858,,0,17,418,23
3859,,0,17,418,23
3860,,0,17,418,23
3861,,0,16,418,24
3862,,0,16,418,24
3863,,0,16,418,24
3864,,0,16,418,25
3865,,0,17,418,23
3866,,0,17,418,23
3867,,0,17,418,23
3868,,0,17,418,24
3869,,0,17,418,23
3870,,0,17,418,23
3871,,0,17,418,23
3872,,0,0,418,40
3873,,0,0,418,40
3874,,168,0,250,37
3875,,37,0,381,42
3876,,37,0,381,46
3877,,37,0,381,50
3878,,37,0,381,53
3879,,38,0,349,57
3880,,178,0,207,57
3881,,179,11,204,49
3882,,181,22,100,43
3883,,181,23,101,44
3884,,181,25,101,44
3885,,284,25,134,44
3886,,284,27,100,42
3887,,284,26,134,43
3888,,285,26,133,43
3889,,285,26,133,43
3890,,285,26,133,43
3891,,285,26,133,43
3892,,285,26,133,43
3893,,284,26,134,43
3894,,283,27,100,42
3895,,180,25,101,43
3896,,179,23,102,43
3897,,179,21,102,43
3898,,179,17,102,45
3899,,179,0,204,59
3900,,178,0,206,57
3901,,37,0,348,56
3902,,37,0,381,53
3903,,37,0,381,50
3904,,37,0,381,46
3905,,0,0,418,42
3906,,169,0,249,37
3907,,0,0,418,40
3908,,0,0,418,40
3909,,0,17,418,23
3910,,0,17,418,23
3911,,0,17,418,23
3912,,0,17,418,24
3913,,0,17,418,24
3914,,0,17,418,24
3915,,0,16,418,25
3916,,0,16,418,25
3917,,0,16,418,25
3918,,0,16,418,25
3919,,0,17,418,24
3920,,0,17,418,24
3921,,0,17,418,24
3922,,0,17,418,24
3923,,0,17,418,24
3924,,0,17,418,24
3925,,0,17,418,24
3926,,0,16,418,25
3927,,0,16,418,25
3928,,0,16,418,25
3929,,0,17,418,24
3930,,0,17,418,24
3931,,0,17,418,24
3932,,0,17,418,24
3933,,0,17,418,24
3934,,0,17,418,24
3935,,0,17,418,24
3936,,0,17,418,24
3937,,0,17,418,24
3938,,0,17,418,24
3939,,0,16,418,25
3940,,0,17,418,24
3941,,0,17,418,24
3942,,0,17,418,24
3943,,0,17,418,24
3944,,0,17,418,24
3945,,0,17,418,24
3946,,0,17,418,23
3947,,0,17,418,23
3948,,0,17,418,24
3949,,0,17,418,24
3950,,0,17,418,23
3951,,0,17,418,23
3952,,0,17,418,23
3953,,0,17,418,23
3954,,0,17,418,24
3955,,0,17,418,24
3956,,0,17,418,23
3957,,0,17,418,23
3958,,0,17,418,24
3959,,0,16,418,24
3960,,0,16,418,24
3961,,0,16,418,25
3962,,0,17,418,23
3963,,0,17,418,23
3964,,0,17,418,23
3965,,0,17,418,24
3966,,0,17,418,24
3967,,0,17,418,24
3968,,0,0,418,69
3969,,0,17,418,23
3970,,0,17,418,23
3971,,0,17,418,23
3972,,0,0,418,40
3973,,0,0,418,40
3974,,0,0,418,40
3975,,0,0,418,40
3976,,0,0,418,47
3977,,37,0,351,51
3978,,37,0,381,55
3979,,74,0,312,57
3980,,179,0,206,58
3981,,179,9,102,52
3982,,181,19,100,44
3983,,181,22,100,43
3984,,181,24,100,43
3985,,181,25,100,44
3986,,181,27,100,42
3987,,284,26,134,43
3988,,285,26,133,43
3989,,285,29,98,40
3990,,285,26,133,43
3991,,285,26,133,43
3992,,285,26,133,43
3993,,284,27,99,42
3994,,284,25,134,44
3995,,181,27,100,42
3996,,180,25,101,43
3997,,179,23,102,43
3998,,180,20,101,44
3999,,180,17,101,44
4000,,178,0,206,57
4001,,37,0,350,56
4002,,37,0,381,53
4003,,37,0,381,49
4004,,0,0,418,45
4005,,37,0,381,41
4006,,172,0,246,36
4007,,0,0,418,40
4008,,0,0,418,40
4009,,0,0,418,40
4010,,0,17,418,23
4011,,0,17,418,23
4012,,0,17,418,23
4013,,0,17,418,23
4014,,0,17,418,24
4015,,0,17,418,24
4016,,0,17,418,24
4017,,0,17,418,23
4018,,0,17,418,24
4019,,0,17,418,24
4020,,0,17,418,24
4021,,0,17,418,23
4022,,0,17,418,24
4023,,0,17,418,23
4024,,0,17,418,24
4025,,0,17,418,23
4026,,0,17,418,24
4027,,0,17,418,24
4028,,0,17,418,24
4029,,0,17,418,24
4030,,0,17,418,23
4031,,0,17,418,23
4032,,0,16,418,24
4033,,0,17,418,23
4034,,0,16,418,25
4035,,0,16,418,25
4036,,0,16,418,25
4037,,0,16,418,25
4038,,0,17,418,24
4039,,0,17,418,24
4040,,0,17,418,24
4041,,0,17,418,24
4042,,0,16,418,25
4043,,0,16,418,25
4044,,0,17,418,24
4045,,0,16,418,25
4046,,0,16,418,24
4047,,0,16,418,24
4048,,0,16,418,24
4049,,0,16,418,24
4050,,0,16,418,24
4051,,0,16,418,24
4052,,0,16,418,25
4053,,0,16,418,25
4054,,0,16,418,25
4055,,0,17,418,23
4056,,0,17,418,23
4057,,0,17,418,23
4058,,0,16,418,25
4059,,0,16,418,25
4060,,0,16,418,25
4061,,0,16,418,25
4062,,0,16,418,24
4063,,0,16,418,24
4064,,0,16,418,24
4065,,0,16,418,25
4066,,0,17,418,23
4067,,0,17,418,23
4068,,0,17,418,23
4069,,0,0,418,69
4070,,0,17,418,23
4071,,0,17,418,23
4072,,0,0,418,40
4073,,0,0,418,40
4074,,0,0,418,40
4075,,170,0,248,37
4076,,0,0,418,43
4077,,0,0,418,47
4078,,37,0,381,51
4079,,38,0,380,55
4080,,39,0,348,57
4081,,179,14,102,47
4082,,181,19,100,44
4083,,181,22,100,43
4084,,77,27,102,42
4085,,181,26,100,43
4086,,284,27,101,42
4087,,284,25,134,44
4088,,284,26,134,43
4089,,181,30,101,39
4090,,285,30,98,39
4091,,285,30,98,39
4092,,285,26,133,43
4093,,284,26,134,43
4094,,283,25,135,44
4095,,283,25,135,42
4096,,283,24,100,43
4097,,180,23,101,43
4098,,283,19,99,43
4099,,179,17,102,44
4100,,176,0,208,59
4101,,75,0,309,58
4102,,37,0,349,56
4103,,37,0,381,53
4104,,0,0,418,45
4105,,37,0,381,41
4106,,0,0,418,40
4107,,0,0,418,40
4108,,0,0,418,40
4109,,0,0,418,40
4110,,0,17,418,23
4111,,0,17,418,23
4112,,0,16,418,25
4113,,0,17,418,24
4114,,0,17,418,24
4115,,0,17,418,24
4116,,0,17,418,24
4117,,0,17,418,24
4118,,0,17,418,24
4119,,0,16,418,25
4120,,0,17,418,24
4121,,0,17,418,24
4122,,0,17,418,24
4123,,0,17,418,24
4124,,0,17,418,24
4125,,0,17,418,24
4126,,0,17,418,24
4127,,0,17,418,24
4128,,0,17,418,24
4129,,0,17,418,24
4130,,0,17,418,24
4131,,0,17,418,24
4132,,0,17,418,24
4133,,0,17,418,24
4134,,0,17,418,24
4135,,0,17,418,24
4136,,0,17,418,24
4137,,0,17,418,24
4138,,0,17,418,24
4139,,0,17,418,24
4140,,0,17,418,24
4141,,0,17,418,24
4142,,0,17,418,23
4143,,0,17,418,23
4144,,0,17,418,23
4145,,0,17,418,24
4146,,0,17,418,24
4147,,0,17,418,24
4148,,0,17,418,24
4149,,0,17,418,24
4150,,0,17,418,23
4151,,0,17,418,23
4152,,0,17,418,24
4153,,0,17,418,24
4154,,0,16,418,25
4155,,0,16,418,25
4156,,0,16,418,25
4157,,0,16,418,25
4158,,0,16,418,25
4159,,0,17,418,23
4160,,0,16,418,24
4161,,0,16,418,24
4162,,0,17,418,24
4163,,0,17,418,23
4164,,0,17,418,24
4165,,0,17,418,23
4166,,0,15,418,26
4167,,0,15,418,26
4168,,0,16,418,24
4169,,0,13,418,56
4170,,0,17,418,23
4171,,0,17,418,23
4172,,0,17,418,23
4173,,0,0,418,40
4174,,0,0,418,40
4175,,168,0,250,38
4176,,37,0,381,43
4177,,37,0,381,47
4178,,37,0,381,51
4179,,38,0,350,55
4180,,39,0,379,57
4181,,179,0,206,59
4182,,179,11,102,50
4183,,181,20,100,43
4184,,181,22,100,43
4185,,181,25,100,44
4186,,284,25,134,44
4187,,284,25,134,44
4188,,285,26,133,43
4189,,285,26,133,43
4190,,284,26,134,43
4191,,284,26,134,43
4192,,284,26,134,43
4193,,284,26,134,43
4194,,284,26,134,43
4195,,283,25,135,44
4196,,181,25,100,44
4197,,180,22,101,43
4198,,180,20,101,43
4199,,179,17,102,44
4200,,179,0,205,59
4201,,74,0,311,58
4202,,37,0,350,55
4203,,37,0,381,52
4204,,37,0,381,49
4205,,0,0,418,45
4206,,37,0,352,41
4207,,0,0,418,40
4208,,0,0,418,40
4209,,0,0,418,40
4210,,0,17,418,23
4211,,0,17,418,23
4212,,0,16,418,25
4213,,0,17,418,23
4214,,0,17,418,23
4215,,0,17,418,24
4216,,0,17,418,24
4217,,0,17,418,24
4218,,0,17,418,24
4219,,0,17,418,24
4220,,0,17,418,24
4221,,0,17,418,24
4222,,0,17,418,24
4223,,0,17,418,24
4224,,0,17,418,24
4225,,0,17,418,24
4226,,0,17,418,24
4227,,0,17,418,24
4228,,0,17,418,24
4229,,0,17,418,24
4230,,0,17,418,24
4231,,0,17,418,23
4232,,0,17,418,23
4233,,0,17,418,24
4234,,0,17,418,24
4235,,0,17,418,24
4236,,0,17,418,24
4237,,0,17,418,24
4238,,0,17,418,24
4239,,0,17,418,24
4240,,0,16,418,25
4241,,0,16,418,25
4242,,0,17,418,24
4243,,0,17,418,24
4244,,0,17,418,24
4245,,0,17,418,24
4246,,0,17,418,24
4247,,0,17,418,24
4248,,0,17,418,24
4249,,0,17,418,24
4250,,0,17,418,24
4251,,0,16,418,25
4252,,0,16,418,25
4253,,0,17,418,24
4254,,0,17,418,23
4255,,0,17,418,24
4256,,0,17,418,24
4257,,0,17,418,24
4258,,0,17,418,24
4259,,0,17,418,24
4260,,0,17,418,24
4261,,0,17,418,24
4262,,0,17,418,24
4263,,0,17,418,24
4264,,0,17,418,24
4265,,0,17,418,24
4266,,0,17,418,24
4267,,0,17,418,24
4268,,0,16,418,25
4269,,0,16,418,25
4270,,0,17,418,23
4271,,0,17,418,23
4272,,0,0,418,40
4273,,0,0,418,40
4274,,0,0,418,40
4275,,0,0,418,40
4276,,166,0,252,39
4277,,37,0,381,43
4278,,37,0,381,51
4279,,38,0,350,55
4280,,74,0,312,57
4281,,281,0,103,57
4282,,179,11,102,50
4283,,180,20,101,43
4284,,181,21,101,44
4285,,181,24,101,43
4286,,284,25,134,42
4287,,181,27,100,42
4288,,284,26,134,43
4289,,284,26,134,43
4290,,284,26,134,43
4291,,285,26,133,43
4292,,285,26,133,43
4293,,285,26,133,43
4294,,284,27,99,42
4295,,283,26,100,43
4296,,181,25,100,44
4297,,180,24,101,43
4298,,179,21,102,44
4299,,179,19,102,44
4300,,179,12,102,49
4301,,75,0,310,60
4302,,75,0,310,57
4303,,37,0,381,52
4304,,37,0,351,49
4305,,0,0,418,45
4306,,37,0,381,40
4307,,0,0,418,40
4308,,0,0,418,40
4309,,0,0,418,40
4310,,0,0,418,40
4311,,0,17,418,23
4312,,0,17,418,23
4313,,0,17,418,24
4314,,0,17,418,24
4315,,0,17,418,24
4316,,0,17,418,24
4317,,0,17,418,24
4318,,0,17,418,24
4319,,0,17,418,24
4320,,0,17,418,24
4321,,0,17,418,24
4322,,0,17,418,23
4323,,0,17,418,23
4324,,0,17,418,23
4325,,0,17,418,23
4326,,0,17,418,23
4327,,0,17,418,23
4328,,0,17,418,23
4329,,0,17,418,23
4330,,0,17,418,23
4331,,0,17,418,23
4332,,0,17,418,23
4333,,0,17,418,23
4334,,0,17,418,24
4335,,0,17,418,24
4336,,0,17,418,24
4337,,0,16,418,25
4338,,0,16,418,25
4339,,0,16,418,25
4340,,0,17,418,24
4341,,0,17,418,24
4342,,0,17,418,24
4343,,0,17,418,24
4344,,0,17,418,24
4345,,0,17,418,24
4346,,0,16,418,25
4347,,0,16,418,25
4348,,0,16,418,25
4349,,0,16,418,25
4350,,0,17,418,24
4351,,0,16,418,24
4352,,0,16,418,24
4353,,0,16,418,25
4354,,0,16,418,25
4355,,0,16,418,25
4356,,0,17,418,24
4357,,0,17,418,23
4358,,0,17,418,23
4359,,0,17,418,23
4360,,0,17,418,23
4361,,0,17,418,23
4362,,0,17,418,23
4363,,0,17,418,23
4364,,0,17,418,23
4365,,0,16,418,25
4366,,0,17,418,23
4367,,0,17,418,23
4368,,0,17,418,23
4369,,0,17,418,23
4370,,0,17,418,23
4371,,0,17,418,23
4372,,0,0,418,40
4373,,0,0,418,40
4374,,0,0,418,40
4375,,0,0,418,40
4376,,164,0,254,39
4377,,0,0,418,44
4378,,37,0,381,48
4379,,37,0,381,51
4380,,38,0,349,55
4381,,74,0,311,57
4382,,179,0,206,59
4383,,181,20,101,44
4384,,181,22,100,44
4385,,77,27,102,42
4386,,283,25,135,42
4387,,284,25,134,44
4388,,284,28,98,41
4389,,181,29,100,40
4390,,285,26,133,43
4391,,285,26,133,43
4392,,285,26,133,43
4393,,285,26,133,43
4394,,285,26,133,43
4395,,284,25,134,44
4396,,181,25,100,44
4397,,179,24,102,43
4398,,179,22,102,43
4399,,179,20,102,43
4400,,179,15,102,46
4401,,175,0,209,59
4402,,71,0,314,57
4403,,37,0,350,55
4404,,37,0,381,51
4405,,0,0,388,48
4406,,0,0,418,44
4407,,0,0,418,40
4408,,0,0,418,40
4409,,0,0,418,40
4410,,0,0,418,40
4411,,0,17,418,23
4412,,0,17,418,23
4413,,0,16,418,25
4414,,0,17,418,23
4415,,0,17,418,23
4416,,0,17,418,24
4417,,0,17,418,24
4418,,0,17,418,24
4419,,0,17,418,24
4420,,0,17,418,24
4421,,0,17,418,24
4422,,0,17,418,24
4423,,0,17,418,24
4424,,0,17,418,24
4425,,0,17,418,24
4426,,0,17,418,24
4427,,0,17,418,24
4428,,0,17,418,24
4429,,0,17,418,24
4430,,0,17,418,23
4431,,0,17,418,24
4432,,0,17,418,24
4433,,0,17,418,24
4434,,0,17,418,24
4435,,0,17,418,24
4436,,0,17,418,24
4437,,0,17,418,24
4438,,0,17,418,24
4439,,0,17,418,24
4440,,0,17,418,24
4441,,0,17,418,24
4442,,0,16,418,25
4443,,0,16,418,25
4444,,0,16,418,25
4445,,0,17,418,23
4446,,0,16,418,24
4447,,0,16,418,25
4448,,0,16,418,25
4449,,0,16,418,25
4450,,0,16,418,25
4451,,0,17,418,24
4452,,0,17,418,23
4453,,0,17,418,24
4454,,0,16,418,25
4455,,0,16,418,25
4456,,0,16,418,25
4457,,0,16,418,25
4458,,0,16,418,25
4459,,0,17,418,24
4460,,0,17,418,23
4461,,0,17,418,23
4462,,0,17,418,24
4463,,0,17,418,24
4464,,0,17,418,24
4465,,0,17,418,23
4466,,0,17,418,23
4467,,0,17,418,23
4468,,0,17,418,23
4469,,0,17,418,23
4470,,0,16,418,25
4471,,0,17,418,23
4472,,0,17,418,23
4473,,0,0,418,40
4474,,0,0,418,40
4475,,0,0,418,40
4476,,0,0,418,40
4477,,0,0,418,44
4478,,37,0,381,48
4479,,37,0,381,52
4480,,38,0,349,55
4481,,75,0,310,58
4482,,179,0,205,59
4483,,179,17,102,44
4484,,180,20,101,44
4485,,181,23,100,43
4486,,285,23,99,44
4487,,181,27,100,42
4488,,285,28,98,41
4489,,285,26,133,43
4490,,285,26,133,43
4491,,285,26,133,43
4492,,285,26,133,43
4493,,285,26,133,43
4494,,284,26,134,43
4495,,283,27,100,42
4496,,284,26,99,43
4497,,283,25,135,42
4498,,180,24,101,43
4499,,179,22,102,43
4500,,179,16,204,45
4501,,178,0,206,59
4502,,37,0,348,57
4503,,37,0,351,55
4504,,37,0,381,51
4505,,37,0,351,48
4506,,0,0,388,44
4507,,167,0,251,39
4508,,0,0,418,40
4509,,0,0,418,40
4510,,0,0,418,40
4511,,0,17,418,23
4512,,0,17,418,23
4513,,0,16,418,25
4514,,0,17,418,24
4515,,0,16,418,25
4516,,0,17,418,24
4517,,0,17,418,24
4518,,0,17,418,24
4519,,0,17,418,24
4520,,0,17,418,24
4521,,0,16,418,25
4522,,0,17,418,24
4523,,0,16,418,25
4524,,0,17,418,24
4525,,0,17,418,24
4526,,0,17,418,23
4527,,0,17,418,24
4528,,0,17,418,24
4529,,0,17,418,24
4530,,0,17,418,24
4531,,0,17,418,24
4532,,0,17,418,24
4533,,0,17,418,24
4534,,0,16,418,25
4535,,0,17,418,24
4536,,0,17,418,24
4537,,0,16,418,25
4538,,0,16,418,25
4539,,0,16,418,25
4540,,0,16,418,25
4541,,0,16,418,25
4542,,0,17,418,24
4543,,0,16,418,25
4544,,0,16,418,25
4545,,0,17,418,24
4546,,0,16,418,25
4547,,0,16,418,25
4548,,0,17,418,24
4549,,0,17,418,24
4550,,0,17,418,24
4551,,0,17,418,24
4552,,0,17,418,24
4553,,0,17,418,24
4554,,0,17,418,24
4555,,0,17,418,24
4556,,0,17,418,24
4557,,0,17,418,24
4558,,0,17,418,24
4559,,0,16,418,25
4560,,0,16,418,25
4561,,0,16,418,25
4562,,0,16,418,24
4563,,0,16,418,24
4564,,0,16,418,24
4565,,0,16,418,24
4566,,0,16,418,25
4567,,0,16,418,24
4568,,0,16,418,24
4569,,0,16,418,24
4570,,0,15,418,26
4571,,0,17,418,23
4572,,0,17,418,23
4573,,0,0,418,40
4574,,0,0,418,40
4575,,0,0,418,40
4576,,0,0,418,40
4577,,37,0,381,41
4578,,37,0,352,45
4579,,37,0,381,49
4580,,38,0,349,55
4581,,179,0,206,57
4582,,179,0,204,59
4583,,181,14,100,47
4584,,181,21,100,43
4585,,181,23,100,43
4586,,181,25,100,43
4587,,284,25,99,43
4588,,284,25,134,44
4589,,284,26,134,43
4590,,284,26,134,43
4591,,284,26,134,43
4592,,284,26,134,43
4593,,284,26,134,43
4594,,181,29,100,40
4595,,284,27,99,42
4596,,283,25,135,44
4597,,181,25,100,44
4598,,180,23,101,44
4599,,180,21,101,44
4600,,180,19,101,44
4601,,179,15,102,46
4602,,178,0,205,59
4603,,37,0,381,55
4604,,37,0,381,51
4605,,37,0,381,47
4606,,0,0,418,44
4607,,166,0,252,38
4608,,0,0,418,40
4609,,0,0,418,40
4610,,0,0,418,40
4611,,0,0,418,40
4612,,0,17,418,23
4613,,0,17,418,23
4614,,0,13,418,56
4615,,0,17,418,24
4616,,0,17,418,24
4617,,0,17,418,24
4618,,0,17,418,24
4619,,0,17,418,24
4620,,0,17,418,24
4621,,0,16,418,25
4622,,0,16,418,25
4623,,0,16,418,25
4624,,0,16,418,25
4625,,0,16,418,25
4626,,0,16,418,25
4627,,0,17,418,24
4628,,0,16,418,25
4629,,0,17,418,24
4630,,0,17,418,24
4631,,0,17,418,24
4632,,0,17,418,24
4633,,0,17,418,24
4634,,0,17,418,24
4635,,0,17,418,24
4636,,0,17,418,24
4637,,0,17,418,24
4638,,0,17,418,24
4639,,0,16,418,25
4640,,0,16,418,25
4641,,0,16,418,25
4642,,0,16,418,25
4643,,0,16,418,25
4644,,0,16,418,25
4645,,0,16,418,25
4646,,0,17,418,24
4647,,0,17,418,24
4648,,0,17,418,24
4649,,0,17,418,24
4650,,0,17,418,24
4651,,0,17,418,23
4652,,0,17,418,23
4653,,0,16,418,25
4654,,0,16,418,25
4655,,0,17,418,24
4656,,0,16,418,25
4657,,0,17,418,24
4658,,0,17,418,23
4659,,0,16,418,25
4660,,0,16,418,25
4661,,0,17,418,23
4662,,0,17,418,23
4663,,0,17,418,24
4664,,0,17,418,24
4665,,0,17,418,23
4666,,0,17,418,23
4667,,0,16,418,25
4668,,0,16,418,25
4669,,0,17,418,23
4670,,0,17,418,23
4671,,0,17,418,23
4672,,0,17,418,23
4673,,0,0,418,40
4674,,0,0,418,40
4675,,0,0,418,40
4676,,0,0,418,40
4677,,0,0,418,41
4678,,37,0,381,45
4679,,0,0,418,49
4680,,37,0,381,53
4681,,73,0,313,55
4682,,75,0,310,59
4683,,283,17,100,44
4684,,180,20,101,44
4685,,181,22,101,44
4686,,181,25,101,43
4687,,181,27,100,42
4688,,284,25,134,44
4689,,181,29,100,40
4690,,285,26,133,43
4691,,284,26,134,43
4692,,285,26,133,43
4693,,285,26,133,43
4694,,285,29,98,40
4695,,284,26,134,43
4696,,283,27,100,42
4697,,181,25,100,44
4698,,180,23,101,44
4699,,179,21,102,44
4700,,179,19,102,44
4701,,280,15,103,44
4702,,177,0,208,58
4703,,37,0,349,57
4704,,37,0,350,54
4705,,37,0,381,51
4706,,37,0,381,47
4707,,0,0,390,43
4708,,0,0,418,40
4709,,0,0,418,40
4710,,0,0,418,40
4711,,0,17,418,23
4712,,0,17,418,23
4713,,0,17,418,24
4714,,0,8,418,61
4715,,0,17,418,24
4716,,0,17,418,24
4717,,0,17,418,24
4718,,0,17,418,24
4719,,0,17,418,24
4720,,0,17,418,24
4721,,0,17,418,24
4722,,0,17,418,24
4723,,0,17,418,24
4724,,0,17,418,24
4725,,0,17,418,24
4726,,0,17,418,24
4727,,0,17,418,24
4728,,0,17,418,24
4729,,0,17,418,24
4730,,0,17,418,23
4731,,0,17,418,23
4732,,0,17,418,23
4733,,0,17,418,24
4734,,0,17,418,24
4735,,0,17,418,24
4736,,0,17,418,24
4737,,0,17,418,24
4738,,0,16,418,25
4739,,0,16,418,25
4740,,0,16,418,25
4741,,0,16,418,25
4742,,0,16,418,25
4743,,0,16,418,25
4744,,0,16,418,25
4745,,0,16,418,25
4746,,0,17,418,24
4747,,0,17,418,24
4748,,0,17,418,24
4749,,0,17,418,24
4750,,0,16,418,25
4751,,0,16,418,25
4752,,0,16,418,25
4753,,0,17,418,24
4754,,0,17,418,24
4755,,0,17,418,24
4756,,0,17,418,24
4757,,0,17,418,24
4758,,0,17,418,24
4759,,0,17,418,24
4760,,0,17,418,24
4761,,0,17,418,24
4762,,0,17,418,24
4763,,0,17,418,24
4764,,0,17,418,24
4765,,0,17,418,24
4766,,0,16,418,24
4767,,0,16,418,24
4768,,0,17,418,23
4769,,0,17,418,23
4770,,0,17,418,23
4771,,0,17,418,23
4772,,0,17,418,23
4773,,0,17,418,23
4774,,0,0,418,40
4775,,0,0,418,40
4776,,0,0,418,40
4777,,0,0,418,41
4778,,0,0,389,45
4779,,37,0,352,49
4780,,37,0,352,53
4781,,39,0,346,56
4782,,179,0,205,57
4783,,179,10,206,49
4784,,180,17,101,45
4785,,181,21,100,44
4786,,181,23,100,44
4787,,181,25,100,44
4788,,284,26,101,42
4789,,284,26,134,43
4790,,284,26,134,43
4791,,284,26,134,43
4792,,284,26,134,43
4793,,284,26,134,43
4794,,285,26,133,43
4795,,284,26,134,43
4796,,283,25,135,44
4797,,283,26,100,43
4798,,181,25,100,44
4799,,180,23,101,44
4800,,180,19,101,44
4801,,179,16,102,45
4802,,179,7,204,51
4803,,37,0,350,57
4804,,37,0,381,54
4805,,37,0,351,51
4806,,37,0,381,47
4807,,0,0,418,43
4808,,169,0,249,37
4809,,0,0,418,40
4810,,0,0,418,40
4811,,0,17,418,23
4812,,0,17,418,23
4813,,0,17,418,24
4814,,0,0,418,69
4815,,0,17,418,23
4816,,0,16,418,24
4817,,0,16,418,24
4818,,0,16,418,25
4819,,0,16,418,25
4820,,0,16,418,25
4821,,0,16,418,25
4822,,0,17,418,23
4823,,0,17,418,23
4824,,0,17,418,23
4825,,0,16,418,25
4826,,0,15,418,26
4827,,0,17,418,24
4828,,0,17,418,24
4829,,0,16,418,25
4830,,0,16,418,25
4831,,0,16,418,25
4832,,0,16,418,25
4833,,0,16,418,25
4834,,0,16,418,25
4835,,0,17,418,24
4836,,0,16,418,25
4837,,0,16,418,25
4838,,0,16,418,25
4839,,0,17,418,24
4840,,0,17,418,24
4841,,0,16,418,25
4842,,0,17,418,24
4843,,0,17,418,24
4844,,0,17,418,24
4845,,0,16,418,25
4846,,0,17,418,24
4847,,0,16,418,25
4848,,0,16,418,25
4849,,0,17,418,23
4850,,0,17,418,24
4851,,0,17,418,24
4852,,0,17,418,24
4853,,0,16,418,25
4854,,0,16,418,25
4855,,0,16,418,25
4856,,0,17,418,24
4857,,0,17,418,24
4858,,0,17,418,24
4859,,0,17,418,24
4860,,0,17,418,24
4861,,0,17,418,24
4862,,0,16,418,25
4863,,0,16,418,25
4864,,0,16,418,25
4865,,0,15,418,26
4866,,0,16,418,24
4867,,0,16,418,24
4868,,0,16,418,24
4869,,0,16,418,24
4870,,0,16,418,24
4871,,0,17,418,23
4872,,0,17,418,23
4873,,0,17,418,23
4874,,0,0,418,40
4875,,0,0,418,40
4876,,0,0,418,40
4877,,0,0,418,40
4878,,37,0,381,41
4879,,0,0,418,45
4880,,0,0,418,49
4881,,38,0,349,56
4882,,178,0,205,57
4883,,179,9,204,50
4884,,180,18,101,44
4885,,181,21,101,44
4886,,181,23,100,44
4887,,181,25,100,44
4888,,181,26,100,43
4889,,284,25,134,44
4890,,284,26,134,43
4891,,285,26,133,43
4892,,285,26,133,43
4893,,285,26,133,43
4894,,284,26,134,43
4895,,284,26,134,43
4896,,283,25,135,44
4897,,283,25,135,44
4898,,180,25,101,44
4899,,180,23,101,44
4900,,180,21,101,44
4901,,179,19,102,44
4902,,179,9,102,52
4903,,178,0,205,57
4904,,37,0,350,57
4905,,37,0,381,51
4906,,37,0,351,47
4907,,37,0,381,43
4908,,171,0,247,37
4909,,0,0,418,40
4910,,0,0,418,40
4911,,0,0,418,40
4912,,0,17,418,23
4913,,0,17,418,23
4914,,0,17,418,23
4915,,0,16,418,25
4916,,0,17,418,24
4917,,0,17,418,24
4918,,0,17,418,24
4919,,0,17,418,24
4920,,0,17,418,24
4921,,0,17,418,24
4922,,0,16,418,25
4923,,0,17,418,24
4924,,0,17,418,24
4925,,0,17,418,24
4926,,0,17,418,24
4927,,0,16,418,25
4928,,0,17,418,24
4929,,0,17,418,24
4930,,0,17,418,24
4931,,0,17,418,24
4932,,0,17,418,24
4933,,0,17,418,24
4934,,0,16,418,25
4935,,0,16,418,25
4936,,0,16,418,25
4937,,0,16,418,25
4938,,0,16,418,25
4939,,0,16,418,25
4940,,0,17,418,24
4941,,0,17,418,24
4942,,0,17,418,24
4943,,0,17,418,24
4944,,0,17,418,24
4945,,0,17,418,24
4946,,0,17,418,24
4947,,0,17,418,24
4948,,0,17,418,24
4949,,0,17,418,24
4950,,0,17,418,24
4951,,0,17,418,24
4952,,0,17,418,24
4953,,0,17,418,24
4954,,0,17,418,24
4955,,0,17,418,24
4956,,0,17,418,24
4957,,0,17,418,24
4958,,0,16,418,25
4959,,0,16,418,25
4960,,0,16,418,25
4961,,0,16,418,25
4962,,0,16,418,25
4963,,0,16,418,25
4964,,0,16,418,25
4965,,0,16,418,25
4966,,0,16,418,25
4967,,0,16,418,25
4968,,0,16,418,24
4969,,0,16,418,24
4970,,0,17,418,23
4971,,0,16,418,25
4972,,0,17,418,23
4973,,0,17,418,23
4974,,0,17,418,23
4975,,0,0,418,40
4976,,0,0,418,40
4977,,169,0,249,36
4978,,37,0,381,42
4979,,37,0,381,46
4980,,37,0,351,50
4981,,37,0,381,53
4982,,38,0,349,57
4983,,75,0,310,59
4984,,179,10,102,50
4985,,181,19,100,44
4986,,181,23,101,44
4987,,181,26,101,43
4988,,284,26,99,43
4989,,284,26,134,43
4990,,284,26,134,43
4991,,285,26,133,43
4992,,285,26,133,43
4993,,285,26,133,43
4994,,285,26,133,43
4995,,285,26,133,43
4996,,284,26,134,43
4997,,283,27,100,42
4998,,180,25,101,44
4999,,180,23,101,44
5000,,180,21,101,44
5001,,180,19,101,43
5002,,178,10,205,50
5003,,178,0,206,57
5004,,37,0,350,57
5005,,37,0,381,53
5006,,37,0,352,50
5007,,37,0,352,47
5008,,37,0,381,42
5009,,171,0,247,37
5010,,0,0,418,40
5011,,0,0,418,40
5012,,0,17,418,23
5013,,0,17,418,23
5014,,0,17,418,24
5015,,0,17,418,23
5016,,0,17,418,24
5017,,0,17,418,24
5018,,0,16,418,25
5019,,0,16,418,25
5020,,0,17,418,24
5021,,0,17,418,24
5022,,0,17,418,24
5023,,0,17,418,24
5024,,0,17,418,24
5025,,0,17,418,24
5026,,0,17,418,23
5027,,0,17,418,24
5028,,0,17,418,24
5029,,0,17,418,24
5030,,0,17,418,24
5031,,0,17,418,24
5032,,0,17,418,24
5033,,0,17,418,24
5034,,0,17,418,24
5035,,0,17,418,24
5036,,0,17,418,24
5037,,0,17,418,24
5038,,0,17,418,24
5039,,0,17,418,24
5040,,0,17,418,24
5041,,0,17,418,24
5042,,0,17,418,24
5043,,0,17,418,24
5044,,0,17,418,24
5045,,0,17,418,24
5046,,0,17,418,24
5047,,0,17,418,24
5048,,0,17,418,24
5049,,0,17,418,24
5050,,0,17,418,24
5051,,0,17,418,24
5052,,0,17,418,24
5053,,0,17,418,24
5054,,0,17,418,24
5055,,0,17,418,24
5056,,0,17,418,24
5057,,0,17,418,24
5058,,0,17,418,24
5059,,0,17,418,24
5060,,0,17,418,24
5061,,0,17,418,24
5062,,0,17,418,24
5063,,0,17,418,24
5064,,0,17,418,24
5065,,0,17,418,23
5066,,0,15,418,25
5067,,0,15,418,25
5068,,0,15,418,25
5069,,0,16,418,25
5070,,0,17,418,23
5071,,0,0,418,69
5072,,0,17,418,23
5073,,0,17,418,23
5074,,0,17,418,23
5075,,0,0,418,40
5076,,0,0,418,40
5077,,0,0,418,40
5078,,169,0,249,37
5079,,37,0,381,43
5080,,0,0,418,51
5081,,37,0,381,54
5082,,38,0,350,57
5083,,178,0,206,58
5084,,179,10,102,51
5085,,180,19,102,44
5086,,181,22,101,43
5087,,181,24,101,43
5088,,181,25,101,44
5089,,181,27,100,42
5090,,285,26,133,43
5091,,284,26,134,43
5092,,285,26,133,43
5093,,285,26,133,43
5094,,285,26,133,43
5095,,284,26,134,43
5096,,285,28,98,41
5097,,181,27,100,42
5098,,283,25,135,43
5099,,180,24,101,44
5100,,180,23,101,43
5101,,180,21,101,43
5102,,179,17,102,44
5103,,176,0,209,57
5104,,37,0,349,56
5105,,37,0,381,53
5106,,37,0,352,49
5107,,0,0,418,45
5108,,0,0,418,41
5109,,170,0,248,36
5110,,0,0,418,40
5111,,0,0,418,40
5112,,0,0,418,40
5113,,0,17,418,23
5114,,0,17,418,23
5115,,0,17,418,24
5116,,0,17,418,24
5117,,0,17,418,24
5118,,0,17,418,24
5119,,0,17,418,24
5120,,0,17,418,24
5121,,0,17,418,24
5122,,0,17,418,24
5123,,0,17,418,24
5124,,0,17,418,24
5125,,0,17,418,24
5126,,0,17,418,24
5127,,0,17,418,24
5128,,0,17,418,24
5129,,0,17,418,24
5130,,0,17,418,24
5131,,0,17,418,24
5132,,0,17,418,24
5133,,0,17,418,24
5134,,0,17,418,24
5135,,0,17,418,24
5136,,0,17,418,24
5137,,0,17,418,24
5138,,0,17,418,24
5139,,0,17,418,24
5140,,0,17,418,24
5141,,0,17,418,24
5142,,0,17,418,24
5143,,0,17,418,24
5144,,0,17,418,24
5145,,0,17,418,24
5146,,0,17,418,24
5147,,0,17,418,24
5148,,0,17,418,24
5149,,0,17,418,24
5150,,0,16,418,25
5151,,0,16,418,25
5152,,0,17,418,24
5153,,0,17,418,23
5154,,0,17,418,23
5155,,0,17,418,23
5156,,0,17,418,24
5157,,0,16,418,25
5158,,0,16,418,25
5159,,0,16,418,25
5160,,0,16,418,25
5161,,0,16,418,24
5162,,0,17,418,24
5163,,0,17,418,24
5164,,0,17,418,24
5165,,0,17,418,24
5166,,0,17,418,24
5167,,0,17,418,24
5168,,0,17,418,24
5169,,0,17,418,24
5170,,0,17,418,24
5171,,0,17,418,24
5172,,0,7,418,62
5173,,0,17,418,23
5174,,0,17,418,23
5175,,0,0,418,40
5176,,0,0,418,40
5177,,0,0,418,40
5178,,169,0,249,38
5179,,0,0,418,43
5180,,0,0,418,47
5181,,37,0,381,51
5182,,38,0,380,55
5183,,38,0,380,57
5184,,179,0,205,59
5185,,181,19,100,44
5186,,180,22,102,43
5187,,77,27,102,42
5188,,180,25,102,44
5189,,284,26,99,43
5190,,284,27,99,42
5191,,284,26,134,43
5192,,285,26,133,43
5193,,285,26,133,43
5194,,284,26,134,43
5195,,284,26,134,43
5196,,284,26,134,43
5197,,284,27,99,42
5198,,180,25,101,44
5199,,283,23,99,44
5200,,283,21,99,44
5201,,283,19,99,44
5202,,180,17,101,44
5203,,179,0,204,59
5204,,75,0,310,58
5205,,37,0,349,55
5206,,37,0,381,53
5207,,37,0,381,49
5208,,0,0,418,45
5209,,37,0,381,41
5210,,0,0,418,40
5211,,0,0,418,40
5212,,0,0,418,40
5213,,0,17,418,23
5214,,0,17,418,23
5215,,0,17,418,24
5216,,0,17,418,24
5217,,0,17,418,24
5218,,0,17,418,24
5219,,0,17,418,24
5220,,0,17,418,24
5221,,0,17,418,24
5222,,0,16,418,25
5223,,0,16,418,25
5224,,0,16,418,25
5225,,0,17,418,24
5226,,0,17,418,24
5227,,0,17,418,24
5228,,0,17,418,24
5229,,0,17,418,24
5230,,0,17,418,24
5231,,0,17,418,24
5232,,0,17,418,24
5233,,0,17,418,24
5234,,0,17,418,24
5235,,0,17,418,24
5236,,0,17,418,24
5237,,0,17,418,24
5238,,0,17,418,24
5239,,0,17,418,24
5240,,0,17,418,24
5241,,0,17,418,24
5242,,0,17,418,24
5243,,0,17,418,24
5244,,0,17,418,24
5245,,0,17,418,24
5246,,0,17,418,24
5247,,0,16,418,25
5248,,0,16,418,25
5249,,0,16,418,25
5250,,0,16,418,25
5251,,0,16,418,25
5252,,0,16,418,25
5253,,0,16,418,25
5254,,0,16,418,25
5255,,0,16,418,25
5256,,0,16,418,25
5257,,0,17,418,24
5258,,0,17,418,23
5259,,0,17,418,23
5260,,0,17,418,23
5261,,0,16,418,25
5262,,0,17,418,24
5263,,0,16,418,25
5264,,0,17,418,24
5265,,0,17,418,24
5266,,0,17,418,24
5267,,0,17,418,24
5268,,0,17,418,24
5269,,0,16,418,25
5270,,0,17,418,24
5271,,0,17,418,24
5272,,0,17,418,24
5273,,0,17,418,24
5274,,0,17,418,24
5275,,0,16,418,25
5276,,0,17,418,23
5277,,0,17,418,23
5278,,0,17,418,24
5279,,0,17,418,23
5280,,0,17,418,23
5281,,0,17,418,24
5282,,0,17,418,24
5283,,0,17,418,24
5284,,0,17,418,24
5285,,0,17,418,24
5286,,0,16,418,25
5287,,0,17,418,24
5288,,0,17,418,24
5289,,0,16,418,25
5290,,0,17,418,24
5291,,0,17,418,24
5292,,0,16,418,25
5293,,0,16,418,25
5294,,0,16,418,25
5295,,0,16,418,25
5296,,0,17,418,24
5297,,0,17,418,24
5298,,0,17,418,24
5299,,0,17,418,24
5300,,0,17,418,24
5301,,0,17,418,24
5302,,0,17,418,24
5303,,0,17,418,24
5304,,0,17,418,24
5305,,0,17,418,24
5306,,0,17,418,24
5307,,0,17,418,24
5308,,0,17,418,24
5309,,0,17,418,24
5310,,0,16,418,25
5311,,0,17,418,24
5312,,0,17,418,24
5313,,0,17,418,24
5314,,0,17,418,24
5315,,0,17,418,24
5316,,0,17,418,24
5317,,0,17,418,24
5318,,0,17,418,24
5319,,0,17,418,24
5320,,0,17,418,24
5321,,0,17,418,24
5322,,0,17,418,24
5323,,0,17,418,23
5324,,0,17,418,23
5325,,0,17,418,23
5326,,0,17,418,23
5327,,0,17,418,23
5328,,0,17,418,24
5329,,0,17,418,24
5330,,0,16,418,25
5331,,0,17,418,24
5332,,0,17,418,24
5333,,0,17,418,24
5334,,0,17,418,24
5335,,0,17,418,24
5336,,0,17,418,24
5337,,0,16,418,25
5338,,0,17,418,24
5339,,0,17,418,24
5340,,0,17,418,24
5341,,0,16,418,25
5342,,0,16,418,25
5343,,0,16,418,25
5344,,0,16,418,25
5345,,0,16,418,25
5346,,0,16,418,25
5347,,0,16,418,25
5348,,0,16,418,25
5349,,0,16,418,25
5350,,0,17,418,24
5351,,0,17,418,24
5352,,0,17,418,24
5353,,0,17,418,24
5354,,0,17,418,24
5355,,0,17,418,24
5356,,0,17,418,24
5357,,0,17,418,24
5358,,0,17,418,24
5359,,0,17,418,24
5360,,0,17,418,24
5361,,0,17,418,24
5362,,0,17,418,24
5363,,0,17,418,24
5364,,0,17,418,24
5365,,0,17,418,24
5366,,0,17,418,23
5367,,0,17,418,23
5368,,0,17,418,23
5369,,0,17,418,23
5370,,0,17,418,23
5371,,0,17,418,23
5372,,0,16,418,24
5373,,0,16,418,25
5374,,0,16,418,25
5375,,0,16,418,25
5376,,0,16,418,25
5377,,0,16,418,25
5378,,0,17,418,24
5379,,0,17,418,24
5380,,0,16,418,25
5381,,0,16,418,25
5382,,0,17,418,24
5383,,0,17,418,24
5384,,0,17,418,24
5385,,0,17,418,24
5386,,0,17,418,24
5387,,0,17,418,24
5388,,0,17,418,24
5389,,0,17,418,24
5390,,0,16,418,25
5391,,0,16,418,25
5392,,0,16,418,25
5393,,0,16,418,25
5394,,0,16,418,25
5395,,0,17,418,24
5396,,0,17,418,24
5397,,0,16,418,25
5398,,0,16,418,25
5399,,0,16,418,25
5400,,0,17,418,24
5401,,0,17,418,24
5402,,0,16,418,25
5403,,0,16,418,25
5404,,0,16,418,25
5405,,0,16,418,25
5406,,0,16,418,25
5407,,0,16,418,25
5408,,0,16,418,25
5409,,0,16,418,25
5410,,0,16,418,25
5411,,0,16,418,25
5412,,0,17,418,24
5413,,0,17,418,24
5414,,0,16,418,25
5415,,0,16,418,25
5416,,0,17,418,24
5417,,0,17,418,23
5418,,0,16,418,25
5419,,0,16,418,25
5420,,0,16,418,25
5421,,0,16,418,25
5422,,0,16,418,25
5423,,0,16,418,25
5424,,0,17,418,24
5425,,0,16,418,25
5426,,0,17,418,23
5427,,0,17,418,23
5428,,0,17,418,23
5429,,0,17,418,23
5430,,0,17,418,23
5431,,0,17,418,23
5432,,0,17,418,23
5433,,0,17,418,24
5434,,0,17,418,23
5435,,0,17,418,23
5436,,0,17,418,23
5437,,0,17,418,23
5438,,0,17,418,24
5439,,0,17,418,24
5440,,0,17,418,24
5441,,0,17,418,24
5442,,0,17,418,24
5443,,0,16,418,25
5444,,0,16,418,25
5445,,0,17,418,24
5446,,0,17,418,24
5447,,0,17,418,24
5448,,0,17,418,24
5449,,0,17,418,24
5450,,0,17,418,24
5451,,0,17,418,24
5452,,0,16,418,25
5453,,0,16,418,25
5454,,0,16,418,25
